,playerId,season,first_name,last_name,team,position,games_played,icetime,gameScore,year,month,day,weight,height,nationality,shootsCatches,primaryNumber,_merge,Weight category
0,8471709,2008,Marc-Edouard,Vlasic,S.J,D,6,7435,0.72,1987,3,30,205,73,CAN,L,44,both,Middleweight
10,8465978,2008,Shawn,Thornton,BOS,L,10,5465,1.71,1977,7,23,217,74,CAN,R,22,both,Middleweight
17,8473563,2008,Nicklas,Backstrom,WSH,C,14,18197,15.04,1987,11,23,210,73,SWE,L,19,both,Middleweight
30,8471426,2008,Troy,Brouwer,CHI,R,17,12085,3.62,1985,8,17,213,75,CAN,R,22,both,Middleweight
39,8468498,2008,Brooks,Orpik,PIT,D,23,27779,5.05,1980,9,26,217,75,USA,L,44,both,Middleweight
50,8469598,2008,Kevin,Bieksa,VAN,D,10,14477,4.8,1981,6,16,197,73,CAN,R,3,both,Middleweight
59,8471309,2008,Johan,Franzen,DET,R,23,27156,24.72,1979,12,23,232,76,SWE,L,93,both,Heavyweight
65,8466138,2008,Joe,Thornton,S.J,C,6,6926,5.97,1979,7,2,220,76,CAN,L,19,both,Heavyweight
76,8467856,2008,Brian,Rafalski,DET,D,18,24245,16.2,1973,9,28,194,70,USA,R,28,both,Middleweight
79,8470920,2008,David,Clarkson,N.J,R,7,3583,1.55,1984,3,31,207,72,CAN,R,97,both,Middleweight
82,8469672,2008,Aaron,Voros,NYR,L,4,1644,-0.28,1981,7,2,210,74,CAN,L,34,both,Middleweight
83,8458938,2008,Roman,Hamrlik,MTL,D,4,6074,0.3,1974,4,12,206,74,CZE,L,40,both,Middleweight
88,8466181,2008,Kristian,Huselius,CBJ,L,4,4289,0.65,1978,11,10,184,74,SWE,L,20,both,Middleweight
89,8469665,2008,Johnny,Oduya,N.J,D,7,8532,2.8,1981,10,1,191,72,SWE,L,29,both,Middleweight
96,8458976,2008,Michael,Peca,CBJ,C,4,3038,0.29,1974,3,26,183,71,CAN,R,19,both,Middleweight
97,8471217,2008,Andrew,Ladd,CHI,L,17,13172,5.06,1985,12,12,192,75,CAN,L,16,both,Middleweight
102,8445735,2008,Rod,Brind'Amour,CAR,C,17,15488,3.2,1970,8,9,205,73,CAN,L,17,both,Middleweight
103,8473932,2008,Darroll,Powe,PHI,C,6,5050,3.27,1985,6,22,212,71,CAN,L,8,both,Middleweight
107,8469544,2008,Patrick,Sharp,CHI,L,17,16608,13.11,1981,12,27,200,73,CAN,R,10,both,Middleweight
115,8467369,2008,Ossi,Vaananen,VAN,D,3,1661,-0.7,1980,8,18,215,76,FIN,L,5,both,Middleweight
116,8459427,2008,Rob,Niedermayer,ANA,C,13,12653,-1.52,1974,12,28,203,74,CAN,L,20,both,Middleweight
119,8470358,2008,Alexandre,Burrows,VAN,L,10,11277,6.27,1981,4,11,197,73,CAN,L,14,both,Middleweight
126,8469472,2008,Shaone,Morrisonn,WSH,D,14,15164,3.55,1982,12,23,210,76,CAN,L,27,both,Middleweight
129,8468635,2008,Travis,Moen,S.J,L,6,4641,-0.33,1982,4,6,215,74,CAN,L,27,both,Middleweight
135,8465951,2008,Matt,Cooke,PIT,L,23,20878,5.12,1978,9,7,216,71,CAN,L,24,both,Middleweight
141,8459246,2008,Donald,Brashear,WSH,L,4,821,0.25,1972,1,7,237,75,USA,L,87,both,Heavyweight
142,8460542,2008,Patrik,Elias,N.J,C,7,7512,4.65,1976,4,13,190,73,CZE,L,26,both,Middleweight
145,8468485,2008,Raffi,Torres,CBJ,L,4,2895,1.42,1981,10,8,215,72,CAN,L,13,both,Middleweight
151,8469638,2008,Jussi,Jokinen,CAR,L,17,15764,10.73,1983,4,1,191,72,FIN,L,36,both,Middleweight
155,8471242,2008,Mike,Green,WSH,D,14,20988,9.55,1985,10,12,207,73,CAN,R,25,both,Middleweight
162,8471794,2008,Darren,Helm,DET,C,23,16688,9.27,1987,1,21,196,72,CAN,L,43,both,Middleweight
170,8473682,2008,Andrew,Ebbett,ANA,C,13,10286,1.56,1983,1,2,174,69,CAN,L,25,both,Lightweight
174,8467400,2008,Francois,Beauchemin,ANA,D,13,16699,-3.52,1980,6,4,208,71,CAN,L,23,both,Middleweight
180,8468224,2008,Sean,Avery,NYR,L,6,6348,1.54,1980,4,10,195,70,CAN,L,16,both,Middleweight
182,8473473,2008,Milan,Lucic,BOS,L,10,9136,10.27,1988,6,7,231,75,CAN,L,27,both,Heavyweight
192,8474551,2008,Ville,Leino,DET,L,7,3667,2.46,1983,10,6,182,73,FIN,L,23,both,Middleweight
195,8465192,2008,Samuel,Pahlsson,CHI,C,17,16971,2.73,1977,12,17,202,72,SWE,L,26,both,Middleweight
197,8468660,2008,Darcy,Hordichuk,VAN,L,10,3197,-0.3,1980,8,10,215,73,CAN,L,16,both,Middleweight
198,8471436,2008,Matt,Hunwick,BOS,D,1,959,0.05,1985,5,21,194,71,USA,L,48,both,Middleweight
202,8459424,2008,Chris,Pronger,ANA,D,13,21225,7.82,1974,10,10,220,78,CAN,L,44,both,Heavyweight
205,8467580,2008,Mark,Eaton,PIT,D,23,25186,5.48,1977,5,6,215,73,USA,L,4,both,Middleweight
208,8468478,2008,Mike,Weaver,STL,D,4,4088,1.35,1978,5,2,183,70,CAN,R,43,both,Middleweight
211,8471686,2008,Marc,Staal,NYR,D,7,9048,-0.75,1987,1,13,213,76,CAN,L,18,both,Middleweight
220,8468927,2008,Steve,Montador,BOS,D,11,12901,6.22,1979,12,21,210,72,CAN,R,5,both,Middleweight
223,8468095,2008,George,Parros,ANA,R,7,2330,-0.68,1979,12,29,224,77,USA,R,15,both,Heavyweight
225,8474134,2008,Yannick,Weber,MTL,D,3,2448,1.98,1988,9,23,200,71,CHE,R,7,both,Middleweight
231,8468515,2008,Brad,Winchester,STL,L,4,2807,-0.5,1981,3,1,230,77,USA,L,15,both,Heavyweight
234,8470617,2008,Mike,Richards,PHI,C,6,8265,4.03,1985,2,11,196,71,CAN,L,10,both,Middleweight
241,8470611,2008,Eric,Fehr,WSH,C,9,3982,0.74,1985,9,7,209,76,CAN,R,21,both,Middleweight
248,8470280,2008,Ben,Eager,CHI,L,17,8707,1.37,1984,1,22,226,74,CAN,L,55,both,Heavyweight
251,8467365,2008,John,Erskine,WSH,D,12,13757,2.65,1980,6,26,220,76,CAN,L,4,both,Heavyweight
255,8471676,2008,Bobby,Ryan,ANA,R,13,15347,10.81,1987,3,17,209,74,USA,R,9,both,Middleweight
260,8470602,2008,Dion,Phaneuf,CGY,D,5,7441,2.35,1985,4,10,222,76,CAN,L,3,both,Heavyweight
264,8469473,2008,Marcel,Goc,S.J,C,6,3796,0.87,1983,8,24,197,73,DEU,L,57,both,Middleweight
269,8470601,2008,Braydon,Coburn,PHI,D,6,9535,2.4,1985,2,27,223,77,CAN,L,55,both,Heavyweight
279,8473646,2008,Ryan,Carter,ANA,L,10,7340,3.94,1983,8,3,205,73,USA,L,18,both,Middleweight
283,8472248,2008,Jared,Ross,PHI,C,6,1497,1.27,1982,9,18,175,70,USA,L,42,both,Lightweight
285,8459628,2008,Hal,Gill,PIT,D,23,26735,1.07,1975,4,6,243,79,USA,L,75,both,Heavyweight
290,8469483,2008,David,Steckel,WSH,C,14,13484,5.49,1982,3,15,215,78,USA,L,20,both,Middleweight
293,8468172,2008,Ruslan,Fedotenko,PIT,L,23,20098,16.93,1979,1,18,200,73,RUS,L,26,both,Middleweight
297,8459122,2008,Stephane,Yelle,BOS,C,11,8246,0.09,1974,5,9,182,74,CAN,L,18,both,Middleweight
299,8469684,2008,Milan,Jurcina,WSH,D,14,14089,0.8,1983,6,7,253,76,SVK,R,27,both,Heavyweight
300,8467357,2008,Jonathan,Cheechoo,S.J,R,6,3661,4.87,1980,7,15,206,73,CAN,R,18,both,Middleweight
302,8459001,2008,Kirk,Maltby,DET,L,20,10930,3.0,1972,12,22,195,72,CAN,R,18,both,Middleweight
303,8471274,2008,Alex,Goligoski,PIT,D,2,1243,0.28,1985,7,30,185,71,USA,L,33,both,Middleweight
309,8464975,2008,Daniel,Briere,PHI,C,6,6008,3.76,1977,10,6,174,69,CAN,R,48,both,Lightweight
314,8467890,2008,Barret,Jackman,STL,D,4,6072,1.4,1981,3,5,203,72,CAN,L,5,both,Middleweight
320,8469464,2008,Fredrik,Sjostrom,NYR,L,7,4941,0.36,1983,5,6,218,73,SWE,L,11,both,Middleweight
321,8471498,2008,Jannik,Hansen,VAN,R,2,1232,-0.11,1986,3,15,198,73,DNK,R,36,both,Middleweight
328,8473432,2008,Derek,Dorsett,CBJ,R,3,1653,-0.02,1986,12,20,192,72,CAN,R,15,both,Middleweight
332,8470543,2008,Chris,Kunitz,PIT,L,23,23312,12.5,1979,9,26,188,72,CAN,L,14,both,Middleweight
342,8470063,2008,Adam,Burish,CHI,R,17,11254,6.28,1983,1,6,195,73,USA,R,37,both,Middleweight
345,8459640,2008,Mike,Grier,S.J,R,6,3796,-0.23,1975,1,5,224,73,USA,R,25,both,Heavyweight
348,8470201,2008,Jiri,Hudler,DET,R,23,18583,16.4,1984,1,4,190,70,CZE,L,22,both,Middleweight
353,8465005,2008,Colin,White,N.J,D,7,8304,-1.27,1977,12,12,215,76,CAN,L,5,both,Middleweight
356,8468509,2008,Niklas,Kronwall,DET,D,23,32282,12.35,1981,1,12,194,72,SWE,L,55,both,Middleweight
364,8465009,2008,Zdeno,Chara,BOS,D,11,16620,3.45,1977,3,18,250,81,SVK,L,33,both,Heavyweight
375,8471958,2008,Dan,Girardi,NYR,D,7,8850,-0.95,1984,4,29,212,73,CAN,R,5,both,Middleweight
385,8466148,2008,Marian,Hossa,DET,R,23,25716,24.75,1979,1,12,207,73,SVK,L,81,both,Middleweight
394,8467096,2008,Dan,Boyle,S.J,D,6,8380,6.2,1976,7,12,194,71,CAN,R,22,both,Middleweight
402,8459443,2008,Anders,Eriksson,CGY,D,2,2244,-0.25,1975,1,9,224,75,SWE,L,25,both,Heavyweight
403,8446053,2008,Chris,Chelios,DET,D,6,2648,1.65,1962,1,25,191,72,USA,R,24,both,Middleweight
404,8460639,2008,Andre,Roy,CGY,R,2,490,-0.4,1975,2,8,229,76,USA,L,27,both,Heavyweight
405,8466285,2008,Brian,Campbell,CHI,D,17,20890,12.78,1979,5,23,192,70,CAN,L,51,both,Middleweight
411,8468083,2008,Henrik,Zetterberg,DET,L,23,30583,30.03,1980,10,9,197,72,SWE,L,40,both,Middleweight
419,8470638,2008,Patrice,Bergeron,BOS,C,11,11839,5.13,1985,7,24,195,73,CAN,R,37,both,Middleweight
431,8470324,2008,Josh,Gorges,MTL,D,4,5702,1.55,1984,8,14,204,73,CAN,L,4,both,Middleweight
435,8470137,2008,Joni,Pitkanen,CAR,D,17,27033,9.4,1983,9,19,220,75,FIN,L,25,both,Heavyweight
436,8458525,2008,Brian,Rolston,N.J,R,7,5946,1.9,1973,2,21,215,74,USA,L,12,both,Middleweight
439,8467346,2008,Simon,Gagne,PHI,L,6,7372,3.83,1980,2,29,195,73,CAN,L,12,both,Middleweight
443,8472382,2008,Andy,Greene,N.J,D,3,2754,0.42,1982,10,30,190,71,USA,L,6,both,Middleweight
449,8471698,2008,T.J.,Oshie,STL,R,4,4564,0.67,1986,12,23,195,71,USA,R,77,both,Middleweight
461,8470622,2008,Patrick,Eaves,CAR,R,17,9630,2.45,1984,5,1,203,71,USA,R,18,both,Middleweight
467,8471692,2008,Ryan,Parent,PHI,D,6,6794,-0.28,1987,3,17,198,75,CAN,L,34,both,Middleweight
469,8470905,2008,Randy,Jones,PHI,D,6,5269,1.75,1981,7,23,210,74,CAN,L,12,both,Middleweight
472,8462045,2008,Jay,McKee,STL,D,4,3585,-0.23,1977,9,8,203,76,CAN,L,74,both,Middleweight
474,8471218,2008,Blake,Wheeler,BOS,R,8,5822,0.09,1986,8,31,225,77,USA,R,26,both,Heavyweight
481,8467351,2008,Scott,Gomez,NYR,C,7,8386,3.84,1979,12,23,200,71,USA,L,23,both,Middleweight
485,8467917,2008,Jordan,Leopold,CGY,D,6,8339,1.77,1980,8,3,206,73,USA,L,33,both,Middleweight
491,8467881,2008,Taylor,Pyatt,VAN,L,4,3410,-0.31,1981,8,19,230,76,CAN,L,17,both,Heavyweight
496,8470222,2008,James,Wisniewski,ANA,D,12,14664,3.2,1984,2,21,203,71,USA,R,21,both,Middleweight
499,8445739,2008,Patrice,Brisebois,MTL,D,1,967,0.33,1971,1,27,197,74,CAN,R,71,both,Middleweight
500,8460556,2008,Freddy,Modin,CBJ,L,4,3146,0.67,1974,10,8,220,76,SWE,L,19,both,Heavyweight
502,8468434,2008,Andy,McDonald,STL,L,4,5658,4.94,1977,8,25,175,70,CAN,L,10,both,Lightweight
505,8470207,2008,Joffrey,Lupul,PHI,L,6,6163,3.06,1983,9,23,206,73,CAN,R,19,both,Middleweight
507,8460527,2008,Ryan,Johnson,VAN,C,10,7118,0.75,1976,6,14,199,73,CAN,L,17,both,Middleweight
510,8474161,2008,Jakub,Voracek,CBJ,R,4,2905,2.2,1989,8,15,214,74,CZE,L,93,both,Middleweight
516,8471273,2008,Brandon,Dubinsky,NYR,C,7,7658,3.43,1986,4,29,205,74,USA,L,17,both,Middleweight
523,8466393,2008,Pascal,Dupuis,PIT,R,16,8048,-1.54,1979,4,7,205,73,CAN,L,9,both,Middleweight
528,8473573,2008,Artem,Anisimov,NYR,C,1,335,-0.25,1988,5,24,198,76,RUS,L,15,both,Middleweight
534,8470274,2008,Chris,Higgins,MTL,L,4,4218,1.57,1983,6,2,205,72,USA,L,20,both,Middleweight
539,8470171,2008,Max,Talbot,PIT,C,23,21056,11.48,1984,2,11,186,71,CAN,L,25,both,Middleweight
544,8464981,2008,Cory,Sarich,CGY,D,5,5619,2.15,1978,8,16,207,76,CAN,R,16,both,Middleweight
545,8466309,2008,Mike,Mottau,N.J,D,7,7556,-0.38,1978,3,19,195,72,USA,L,22,both,Middleweight
548,8466144,2008,Paul,Mara,NYR,D,7,6183,2.08,1979,9,7,211,76,USA,L,22,both,Middleweight
550,8458573,2008,Michael,Nylander,WSH,C,3,1583,0.01,1972,10,3,200,73,SWE,L,92,both,Middleweight
551,8469626,2008,Andrew,Alberts,PHI,D,6,4919,0.5,1981,6,30,218,77,USA,L,41,both,Middleweight
555,8469622,2008,Ryane,Clowe,S.J,L,6,6614,2.8,1982,9,30,225,75,CAN,L,29,both,Heavyweight
560,8470655,2008,David,Backes,STL,R,4,5502,2.71,1984,5,1,215,75,USA,R,42,both,Middleweight
569,8467882,2008,Jamie,Lundmark,CGY,C,2,852,-0.44,1981,1,16,197,72,CAN,R,21,both,Middleweight
570,8469469,2008,R.J.,Umberger,CBJ,C,4,3927,3.3,1982,5,3,214,74,USA,L,20,both,Middleweight
572,8470318,2008,Jonathan,Ericsson,DET,D,22,24723,13.02,1984,3,2,220,76,SWE,L,52,both,Heavyweight
579,8473512,2008,Claude,Giroux,PHI,C,6,5739,4.6,1988,1,12,185,71,CAN,R,28,both,Middleweight
588,8473604,2008,Jonathan,Toews,CHI,C,17,16550,15.23,1988,4,29,201,74,CAN,L,19,both,Middleweight
598,8447958,2008,Bobby,Holik,N.J,C,3,953,0.58,1971,1,1,230,76,CZE,R,16,both,Heavyweight
599,8468560,2008,Ryan,Bayda,CAR,L,14,5435,4.39,1980,12,9,185,71,CAN,L,18,both,Middleweight
600,8465059,2008,Matt,Bradley,WSH,R,14,10706,5.02,1978,6,13,200,75,CAN,R,22,both,Middleweight
603,8470839,2008,Shane,O'Brien,VAN,D,10,7259,-0.13,1983,8,9,230,75,CAN,L,34,both,Heavyweight
606,8470131,2008,Dwight,Helminen,CAR,C,1,188,0.16,1983,6,22,191,70,USA,L,36,both,Middleweight
608,8458529,2008,Alex,Kovalev,MTL,R,4,4775,4.46,1973,2,24,222,74,RUS,L,27,both,Heavyweight
610,8473534,2008,Patrik,Berglund,STL,C,4,2445,-0.24,1988,6,2,215,76,SWE,L,10,both,Middleweight
617,8448772,2008,Claude,Lemieux,S.J,R,1,307,0.33,1965,7,16,215,73,CAN,R,32,both,Middleweight
618,8468518,2008,Tomas,Kopecky,DET,R,8,4575,2.25,1982,2,5,210,75,SVK,L,82,both,Middleweight
622,8462823,2008,Glen,Metropolit,MTL,C,4,3856,1.2,1974,6,25,196,70,CAN,R,15,both,Middleweight
624,8458530,2008,Markus,Naslund,NYR,L,7,6764,1.24,1973,7,30,191,72,SWE,L,91,both,Middleweight
625,8459587,2008,Todd,Marchant,ANA,C,13,15543,-2.84,1973,8,12,180,70,USA,L,22,both,Middleweight
627,8451774,2008,Mats,Sundin,VAN,C,8,7638,6.24,1971,2,13,231,77,SWE,R,13,both,Heavyweight
628,8469492,2008,Fedor,Tyutin,CBJ,D,4,5583,1.67,1983,7,19,221,74,RUS,L,51,both,Heavyweight
630,8470662,2008,Colin,Fraser,CHI,C,2,1381,0.7,1985,1,28,190,73,CAN,L,29,both,Middleweight
634,8466371,2008,John,Madden,N.J,C,7,7728,1.16,1973,5,4,190,71,CAN,L,10,both,Middleweight
637,8450978,2008,Jeremy,Roenick,S.J,C,6,4405,2.58,1970,1,17,205,73,USA,R,27,both,Middleweight
638,8470603,2008,Andrei,Kostitsyn,MTL,L,1,760,-0.1,1985,2,3,214,72,BLR,L,46,both,Middleweight
642,8467545,2008,Michael,Ryder,BOS,R,11,10398,13.13,1980,3,31,200,73,CAN,R,17,both,Middleweight
646,8467463,2008,Mikael,Samuelsson,DET,R,23,20895,17.6,1976,12,23,218,74,SWE,R,37,both,Middleweight
651,8474579,2008,Luca,Sbisa,PHI,D,1,337,-0.15,1990,1,30,204,75,CHE,L,21,both,Middleweight
657,8469508,2008,Jay,McClement,STL,C,4,3952,-0.16,1983,3,2,205,73,CAN,L,18,both,Middleweight
659,8466398,2008,Tom,Kostopoulos,MTL,R,4,3365,0.76,1979,1,24,197,72,CAN,R,25,both,Middleweight
660,8470700,2008,Byron,Bitz,BOS,R,5,3437,2.84,1984,7,21,215,77,CAN,R,34,both,Middleweight
662,8466149,2008,Daniel,Cleary,DET,R,23,23340,20.2,1978,12,18,205,73,CAN,L,11,both,Middleweight
667,8470299,2008,Erik,Christensen,ANA,C,8,5097,1.55,1983,12,17,200,73,CAN,L,26,both,Middleweight
669,8471187,2008,Brett,Lebda,DET,D,23,18417,12.82,1982,1,15,195,69,USA,L,23,both,Middleweight
671,8465202,2008,Sami,Salo,VAN,D,7,7815,5.0,1974,9,2,215,75,FIN,R,6,both,Middleweight
676,8460562,2008,Chris,Drury,NYR,C,6,4872,-0.83,1976,8,20,191,70,USA,R,23,both,Middleweight
678,8470257,2008,Alexander,Steen,STL,L,4,4267,2.63,1984,3,1,211,72,SWE,L,20,both,Middleweight
687,8466139,2008,Patrick,Marleau,S.J,L,6,7371,2.27,1979,9,15,218,74,CAN,L,12,both,Middleweight
698,8470159,2008,Boyd,Gordon,WSH,C,14,9476,3.62,1983,10,19,200,72,CAN,R,27,both,Middleweight
702,8471338,2008,Torrey,Mitchell,S.J,C,4,2312,1.19,1985,1,30,186,71,CAN,R,71,both,Middleweight
710,8465914,2008,Francis,Bouillon,MTL,D,1,106,0.0,1975,10,17,194,68,USA,L,55,both,Middleweight
715,8460743,2008,Tomas,Holmstrom,DET,L,23,18969,11.78,1973,1,23,200,72,SWE,L,96,both,Middleweight
719,8460503,2008,Mattias,Ohlund,VAN,D,10,14337,2.73,1976,9,9,233,76,SWE,L,2,both,Heavyweight
721,8471346,2008,Kris,Versteeg,CHI,R,17,16555,7.96,1986,5,13,176,71,CAN,R,10,both,Lightweight
729,8458527,2008,Philippe,Boucher,PIT,D,8,5642,0.82,1973,3,24,218,75,CAN,R,43,both,Middleweight
730,8470612,2008,Ryan,Getzlaf,ANA,C,13,18828,15.15,1985,5,10,225,76,CAN,R,15,both,Heavyweight
738,8471457,2008,Gregory,Stewart,MTL,L,2,1021,-0.1,1986,5,21,202,74,CAN,L,36,both,Middleweight
739,8459444,2008,Todd,Bertuzzi,CGY,R,6,6268,2.67,1975,2,2,229,75,CAN,L,44,both,Heavyweight
745,8471716,2008,Justin,Abdelkader,DET,L,10,4180,3.77,1987,2,25,214,74,USA,L,8,both,Middleweight
753,8470310,2008,Aaron,Rome,CBJ,D,1,924,1.45,1983,9,27,220,73,CAN,L,27,both,Heavyweight
758,8469555,2008,Christian,Ehrhoff,S.J,D,6,8924,1.95,1982,7,6,201,74,DEU,L,55,both,Middleweight
761,8470614,2008,Mark,Stuart,BOS,D,11,11845,2.52,1984,4,27,215,74,USA,L,5,both,Middleweight
764,8467353,2008,Nik,Antropov,NYR,C,7,7011,2.81,1980,2,18,245,78,KAZ,L,80,both,Heavyweight
765,8458537,2008,Ray,Whitney,CAR,L,17,18875,14.16,1972,5,8,180,70,CAN,R,13,both,Middleweight
769,8470595,2008,Eric,Staal,CAR,C,17,21879,19.94,1984,10,29,207,76,CAN,L,12,both,Middleweight
775,8471675,2008,Sidney,Crosby,PIT,C,23,28709,29.43,1987,8,7,200,71,CAN,L,87,both,Middleweight
788,8471371,2008,Mike,Brown,ANA,R,13,6600,-0.39,1985,6,24,205,71,USA,R,13,both,Middleweight
790,8470607,2008,Brent,Seabrook,CHI,D,17,26525,10.4,1985,4,20,220,75,CAN,R,7,both,Heavyweight
799,8469812,2008,Chad,LaRose,CAR,R,17,18234,11.39,1982,3,27,181,70,USA,R,59,both,Middleweight
800,8470041,2008,Rick,Nash,CBJ,R,4,5006,2.53,1984,6,16,211,76,CAN,L,61,both,Middleweight
807,8462060,2008,Georges,Laraque,MTL,R,4,2630,0.08,1976,12,7,245,76,CAN,R,17,both,Heavyweight
808,8468535,2008,Antoine,Vermette,CBJ,C,4,4026,-0.19,1982,7,20,197,73,CAN,L,50,both,Middleweight
813,8473548,2008,Phil,Kessel,BOS,R,11,10508,11.2,1987,10,2,202,72,USA,R,81,both,Middleweight
820,8470672,2008,Ryan,O'Byrne,MTL,D,2,1568,-0.25,1984,7,19,234,77,CAN,R,23,both,Heavyweight
823,8470778,2008,Drew,Miller,ANA,L,13,12591,1.05,1984,2,17,183,74,USA,L,20,both,Middleweight
830,8462118,2008,Marc,Savard,BOS,C,11,12935,11.35,1977,7,17,191,70,CAN,L,91,both,Middleweight
832,8469639,2008,Brooks,Laich,WSH,C,14,14662,6.8,1983,6,23,200,74,CAN,L,25,both,Middleweight
837,8468213,2008,Jim,Vandermeer,CGY,D,6,5959,0.53,1980,2,21,210,73,CAN,L,24,both,Middleweight
838,8465166,2008,Craig,Adams,PIT,R,23,13284,4.58,1977,4,26,200,72,CAN,R,27,both,Middleweight
844,8464989,2008,Matt,Cullen,CAR,C,17,17046,4.66,1976,11,2,202,73,USA,L,7,both,Middleweight
852,8460661,2008,Shane,Hnidy,BOS,D,7,5923,0.45,1975,11,8,204,74,CAN,R,34,both,Middleweight
854,8465185,2008,Willie,Mitchell,VAN,D,10,14525,-0.27,1977,4,23,210,75,CAN,L,33,both,Middleweight
858,8467407,2008,Brian,Gionta,N.J,R,7,7486,6.1,1979,1,18,178,67,USA,R,12,both,Lightweight
864,8470265,2008,Anton,Babchuk,CAR,D,13,12517,2.72,1984,5,6,200,77,UKR,R,33,both,Middleweight
865,8474291,2008,Jay,Beagle,WSH,C,4,850,-0.33,1985,10,16,210,75,CAN,R,83,both,Middleweight
873,8468789,2008,Jason,Williams,CBJ,C,4,3407,1.18,1980,8,11,192,71,CAN,R,19,both,Middleweight
875,8466333,2008,Andrew,Ference,BOS,D,3,2790,-0.23,1979,3,17,182,71,CAN,L,21,both,Middleweight
880,8471339,2008,Ryan,Callahan,NYR,R,7,8285,2.35,1985,3,21,187,70,USA,R,24,both,Middleweight
888,8470647,2008,B.J.,Crombeen,STL,R,4,2342,-0.03,1985,7,10,209,74,USA,R,44,both,Middleweight
891,8471851,2008,Matt,D'Agostini,MTL,R,3,2128,-0.58,1986,10,23,198,72,CAN,R,27,both,Middleweight
893,8460465,2008,Petr,Sykora,PIT,R,7,5007,-0.12,1976,11,19,190,72,CZE,L,15,both,Middleweight
895,8470120,2008,Alexander,Semin,WSH,R,14,16777,13.92,1984,3,3,211,74,RUS,R,13,both,Middleweight
899,8467915,2008,Mike,Commodore,CBJ,D,4,5168,-2.35,1979,11,7,227,76,CAN,R,23,both,Heavyweight
900,8465058,2008,Michal,Rozsival,NYR,D,7,9529,-0.07,1978,9,3,210,73,CZE,R,32,both,Middleweight
907,8470039,2008,Tomas,Fleischmann,WSH,L,14,12028,4.71,1984,5,16,192,73,CZE,L,12,both,Middleweight
912,8459454,2008,Jay,Pandolfo,N.J,L,7,6968,0.78,1974,12,27,190,73,USA,L,29,both,Middleweight
913,8467452,2008,Rob,Scuderi,PIT,D,23,28305,3.63,1978,12,30,216,73,USA,L,7,both,Middleweight
921,8466215,2008,Joe,Corvo,CAR,D,17,25866,9.62,1977,6,20,204,72,USA,R,77,both,Middleweight
924,8468887,2008,Warren,Peters,CGY,C,4,1692,1.21,1982,7,10,195,72,CAN,L,43,both,Middleweight
925,8473533,2008,Jordan,Staal,PIT,C,23,26561,9.44,1988,9,10,220,76,CAN,L,11,both,Heavyweight
933,8471859,2008,Sergei,Kostitsyn,MTL,L,4,3389,1.04,1987,3,20,196,72,BLR,L,74,both,Middleweight
937,8470610,2008,Zach,Parise,N.J,L,7,7993,7.57,1984,7,28,193,71,USA,L,11,both,Middleweight
947,8471504,2008,Rene,Bourque,CGY,R,5,5132,0.16,1981,12,10,217,74,CAN,L,17,both,Middleweight
950,8468846,2008,Tyler,Sloan,WSH,D,2,2207,1.13,1981,3,15,214,76,CAN,L,89,both,Middleweight
952,8470597,2008,Nikolay,Zherdev,NYR,R,7,5269,0.43,1984,11,5,203,74,RUS,R,93,both,Middleweight
954,8467876,2008,Henrik,Sedin,VAN,C,10,12066,10.23,1980,9,26,183,74,SWE,L,33,both,Middleweight
960,8470309,2008,Ryan,Whitney,ANA,D,13,16821,1.87,1983,2,19,209,76,USA,L,6,both,Middleweight
961,8458951,2008,Sergei,Gonchar,PIT,D,21,29113,14.63,1974,4,13,210,74,RUS,L,55,both,Middleweight
966,8467361,2008,Blair,Betts,NYR,C,6,3289,-0.72,1980,2,16,210,75,CAN,L,11,both,Middleweight
969,8470609,2008,Steve,Bernier,VAN,R,10,9002,2.87,1985,3,31,222,75,CAN,R,8,both,Heavyweight
973,8459547,2008,Scott,Walker,CAR,R,17,11488,8.09,1973,7,19,196,70,CAN,R,24,both,Middleweight
975,8469470,2008,Carlo,Colaiacovo,STL,D,4,5356,2.02,1983,1,27,202,73,CAN,L,25,both,Middleweight
978,8471769,2008,Niklas,Hjalmarsson,CHI,D,17,16953,2.2,1987,6,6,197,75,SWE,L,4,both,Middleweight
988,8460540,2008,Mathieu,Dandenault,MTL,R,4,5058,0.95,1976,2,3,208,72,CAN,R,25,both,Middleweight
989,8469462,2008,Tuomo,Ruutu,CAR,L,15,13533,1.14,1983,2,16,200,72,FIN,L,15,both,Middleweight
990,8469467,2008,Chuck,Kobasew,BOS,R,11,10664,4.41,1982,4,17,192,72,CAN,R,12,both,Middleweight
991,8467338,2008,Alex,Tanguay,MTL,L,2,1857,1.6,1979,11,21,194,73,CAN,L,40,both,Middleweight
992,8470180,2008,Eric,Nystrom,CGY,L,6,3941,3.94,1983,2,14,200,73,USA,L,24,both,Middleweight
994,8466140,2008,Olli,Jokinen,CGY,C,6,6986,5.1,1978,12,5,210,74,FIN,L,13,both,Middleweight
995,8467396,2008,Erik,Cole,CAR,L,17,17811,4.93,1978,11,6,205,74,USA,L,72,both,Middleweight
997,8467956,2008,Niclas,Havelid,N.J,D,7,7357,0.48,1973,4,12,200,72,SWE,L,28,both,Middleweight
998,8465175,2008,Dan,Hinote,STL,R,3,1590,-0.7,1977,1,30,187,72,USA,R,13,both,Middleweight
999,8464984,2008,Josh,Green,ANA,C,5,1766,-0.66,1977,11,16,218,75,CAN,L,12,both,Middleweight
1000,8467899,2008,Martin,Havlat,CHI,R,16,14950,13.82,1981,4,19,210,74,CZE,L,29,both,Middleweight
1004,8468542,2008,Paul,Martin,N.J,D,7,11058,6.17,1981,3,5,200,73,USA,L,7,both,Middleweight
1014,8467408,2008,Matt,Walker,CHI,D,17,15665,0.57,1980,4,7,215,76,CAN,R,8,both,Middleweight
1015,8469521,2008,Tomas,Plekanec,MTL,C,3,2447,-0.83,1982,10,31,190,71,CZE,L,14,both,Middleweight
1023,8446788,2008,Sergei,Fedorov,WSH,C,14,13993,6.35,1969,12,13,207,74,RUS,L,91,both,Middleweight
1024,8468577,2008,Niclas,Wallin,CAR,D,17,14051,2.5,1975,2,20,220,75,SWE,L,7,both,Heavyweight
1027,8467336,2008,Mike,Rupp,N.J,L,7,2902,-0.4,1980,1,13,235,77,USA,L,27,both,Heavyweight
1032,8459670,2008,Kimmo,Timonen,PHI,D,6,9487,2.15,1975,3,18,194,70,FIN,L,44,both,Middleweight
1038,8471682,2008,Devin,Setoguchi,S.J,R,6,5884,2.82,1987,1,1,205,72,CAN,R,10,both,Middleweight
1042,8451302,2008,Brendan,Shanahan,N.J,L,7,7045,3.67,1969,1,23,220,75,CAN,R,14,both,Heavyweight
1043,8470794,2008,Joe,Pavelski,S.J,C,6,6968,2.25,1984,7,11,190,71,USA,R,8,both,Middleweight
1055,8469664,2008,David,Moss,CGY,R,6,4620,4.17,1981,12,28,210,76,USA,R,18,both,Middleweight
1056,8471664,2008,Mason,Raymond,VAN,L,10,9120,2.82,1985,9,17,179,73,CAN,L,39,both,Lightweight
1062,8470616,2008,Ryan,Kesler,VAN,C,10,12292,5.15,1984,8,31,206,74,USA,R,17,both,Middleweight
1071,8462033,2008,Wade,Redden,NYR,D,7,9831,1.05,1977,6,12,205,74,CAN,L,6,both,Middleweight
1073,8470101,2008,Tim,Conboy,CAR,D,3,787,0.2,1982,3,22,210,74,USA,R,38,both,Middleweight
1074,8471215,2008,Evgeni,Malkin,PIT,C,23,28976,32.09,1986,7,31,195,75,RUS,L,71,both,Middleweight
1087,8471245,2008,Dave,Bolland,CHI,C,17,19092,8.59,1986,6,5,184,72,CAN,R,36,both,Middleweight
1092,8468504,2008,Brad,Boyes,STL,R,4,5177,2.77,1982,4,17,199,72,CAN,R,28,both,Middleweight
1095,8465012,2008,Tom,Poti,WSH,D,14,18152,6.62,1977,3,22,190,75,USA,L,3,both,Middleweight
1097,8470604,2008,Jeff,Carter,PHI,C,6,7324,2.69,1985,1,1,219,75,CAN,R,77,both,Middleweight
1107,8469619,2008,Dennis,Seidenberg,CAR,D,15,20204,6.55,1981,7,18,199,72,DEU,L,4,both,Middleweight
1111,8459534,2008,Miroslav,Satan,PIT,R,16,9443,4.73,1974,10,22,191,75,SVK,L,81,both,Middleweight
1113,8460626,2008,Bryce,Salvador,N.J,D,4,3717,0.15,1976,2,11,215,75,CAN,L,24,both,Middleweight
1116,8469480,2008,Jeff,Woywitka,STL,D,4,4510,-0.23,1983,9,1,227,75,CAN,L,29,both,Heavyweight
1117,8467949,2008,Frantisek,Kaberle,CAR,D,6,4504,0.65,1973,11,8,190,72,CZE,L,5,both,Middleweight
1118,8462042,2008,Jarome,Iginla,CGY,R,6,7536,3.51,1977,7,1,210,73,CAN,R,88,both,Middleweight
1121,8471978,2008,Brett,Festerling,ANA,D,1,874,-0.25,1986,3,3,210,73,CAN,L,53,both,Middleweight
1122,8474102,2008,David,Perron,STL,L,4,4128,3.3,1988,5,28,200,72,CAN,R,57,both,Middleweight
1132,8464977,2008,Dainius,Zubrus,N.J,C,7,5857,1.76,1978,6,16,225,77,LTU,L,9,both,Heavyweight
1136,8464966,2008,Derek,Morris,NYR,D,7,6887,2.4,1978,8,24,210,72,CAN,R,53,both,Middleweight
1139,8468484,2008,Rostislav,Klesla,CBJ,D,4,5126,1.88,1982,3,21,215,75,CZE,L,97,both,Middleweight
1142,8471240,2008,Jeff,Schultz,WSH,D,1,746,-0.17,1986,2,25,225,78,CAN,L,55,both,Heavyweight
1147,8469992,2008,Sheldon,Brookbank,ANA,D,13,8746,-3.88,1980,10,3,202,73,CAN,R,17,both,Middleweight
1151,8467331,2008,Brad,Stuart,DET,D,23,33323,11.4,1979,11,6,215,74,CAN,L,17,both,Middleweight
1157,8471628,2008,Rick,Rypien,VAN,C,10,4497,0.36,1984,5,16,190,71,CAN,R,11,both,Middleweight
1159,8462535,2008,Jody,Shelley,S.J,L,1,122,0.1,1976,2,7,230,75,CAN,L,45,both,Heavyweight
1161,8471185,2008,Curtis,Glencross,CGY,L,6,5402,3.3,1982,12,28,197,73,CAN,L,22,both,Middleweight
1163,8470302,2008,Patrick,Dwyer,CAR,R,2,575,0.99,1983,6,22,175,71,USA,R,39,both,Lightweight
1164,8471229,2008,Petteri,Nokelainen,ANA,C,9,4700,-2.01,1986,1,16,201,73,FIN,R,15,both,Middleweight
1166,8458517,2008,Scott,Niedermayer,ANA,D,13,20510,9.3,1973,8,31,194,73,CAN,L,27,both,Middleweight
1167,8468778,2008,Colton,Orr,NYR,R,5,1149,-0.95,1982,3,3,222,75,CAN,R,28,both,Heavyweight
1169,8471385,2008,Adam,Pardy,CGY,D,6,5348,2.98,1984,3,29,227,76,CAN,L,5,both,Heavyweight
1171,8470834,2008,Dustin,Byfuglien,CHI,D,17,17523,8.94,1985,3,27,260,77,USA,R,33,both,Heavyweight
1176,8459053,2008,Adrian,Aucoin,CGY,D,6,7619,2.77,1973,7,3,215,74,CAN,R,33,both,Middleweight
1180,8470621,2008,Corey,Perry,ANA,R,13,17158,14.35,1985,5,16,206,75,CAN,R,10,both,Middleweight
1191,8459442,2008,Saku,Koivu,MTL,C,4,4261,3.52,1974,11,23,181,70,FIN,L,11,both,Middleweight
1195,8467514,2008,Pavel,Datsyuk,DET,C,16,19287,16.58,1978,7,20,194,71,RUS,L,13,both,Middleweight
1203,8460580,2008,Brad,Lukowich,S.J,D,6,5221,2.0,1976,8,12,191,73,CAN,L,47,both,Middleweight
1204,8469581,2008,Kyle,Wellwood,VAN,C,10,9047,2.96,1983,5,16,181,70,CAN,R,13,both,Middleweight
1207,8470599,2008,Milan,Michalek,S.J,L,6,6972,3.14,1984,12,7,225,74,CZE,L,18,both,Heavyweight
1212,8471670,2008,Guillaume,Latendresse,MTL,L,4,2817,0.42,1987,5,24,230,74,CAN,L,73,both,Heavyweight
1214,8457981,2008,Teemu,Selanne,ANA,R,13,11807,4.41,1970,7,3,209,72,FIN,R,8,both,Middleweight
1218,8471724,2008,Kris,Letang,PIT,D,22,25731,15.35,1987,4,24,201,72,CAN,R,58,both,Middleweight
1230,8460567,2008,Chris,Clark,WSH,R,8,3132,0.59,1976,3,8,191,72,USA,R,71,both,Middleweight
1231,8456464,2008,Bill,Guerin,PIT,R,23,23418,14.88,1970,11,9,220,74,USA,R,13,both,Heavyweight
1233,8451224,2008,Mathieu,Schneider,MTL,D,2,2276,0.42,1969,6,12,192,71,USA,L,23,both,Middleweight
1235,8469460,2008,Mike,Komisarek,MTL,D,4,4560,-0.38,1982,1,19,235,76,USA,R,5,both,Heavyweight
1236,8459648,2008,Pavol,Demitra,VAN,R,6,6346,2.91,1974,11,29,200,72,SVK,L,38,both,Middleweight
1238,8471392,2008,Roman,Polak,STL,D,4,5234,0.75,1986,4,28,240,74,CZE,R,45,both,Heavyweight
1246,8466251,2008,Jason,Chimera,CBJ,L,4,3204,0.88,1979,5,2,215,75,CAN,L,20,both,Middleweight
1254,8455919,2008,Craig,Conroy,CGY,C,6,4530,1.25,1971,9,4,193,74,USA,R,24,both,Middleweight
1255,8471311,2008,Tyler,Kennedy,PIT,C,23,18793,12.0,1986,7,15,185,71,CAN,R,48,both,Middleweight
1261,8450725,2008,Mark,Recchi,BOS,R,11,11186,5.08,1968,2,1,195,70,CAN,L,28,both,Middleweight
1264,8468427,2008,Brian,Pothier,WSH,D,13,13106,4.92,1977,4,15,204,72,USA,L,5,both,Middleweight
1265,8474141,2008,Patrick,Kane,CHI,R,16,15935,12.44,1988,11,19,177,70,USA,L,88,both,Lightweight
1275,8470654,2008,Maxim,Lapierre,MTL,C,4,3582,0.69,1985,3,29,215,74,CAN,R,40,both,Middleweight
1282,8446485,2008,Kris,Draper,DET,C,8,4133,2.09,1971,5,24,188,70,CAN,L,33,both,Middleweight
1285,8458590,2008,Mike,Knuble,PHI,R,6,6636,3.29,1972,7,4,229,75,USA,R,9,both,Heavyweight
1289,8457063,2008,Nicklas,Lidstrom,DET,D,21,32318,21.72,1970,4,28,192,73,SWE,L,5,both,Middleweight
1293,8466035,2008,Sergei,Samsonov,CAR,L,16,15254,7.7,1978,10,27,188,68,RUS,R,14,both,Middleweight
1294,8470699,2008,Jan,Hejda,CBJ,D,3,3040,-1.38,1978,6,18,230,76,CZE,L,8,both,Heavyweight
1296,8470640,2008,Matt,Carle,PHI,D,6,8012,3.02,1984,9,25,197,72,USA,L,25,both,Middleweight
1303,8470123,2008,Cam,Janssen,STL,R,1,239,-0.05,1984,4,15,215,72,USA,R,25,both,Middleweight
1304,8467875,2008,Daniel,Sedin,VAN,L,10,11169,11.0,1980,9,26,190,73,SWE,L,22,both,Middleweight
1310,8471232,2008,Lauri,Korpikoski,NYR,L,7,5527,1.83,1986,7,28,193,73,FIN,L,29,both,Middleweight
1314,8471233,2008,Travis,Zajac,N.J,C,7,7500,2.95,1985,5,13,185,74,CAN,R,19,both,Middleweight
1319,8470760,2008,Marc,Methot,CBJ,D,4,3901,-0.93,1985,6,21,230,76,CAN,L,33,both,Heavyweight
1323,8458519,2008,Aaron,Ward,BOS,D,11,12989,1.05,1973,1,17,209,74,CAN,R,4,both,Middleweight
1324,8467334,2008,Manny,Malhotra,CBJ,C,4,4294,-0.43,1980,5,18,207,74,CAN,L,20,both,Middleweight
1328,8465025,2008,Arron,Asham,PHI,R,6,2849,1.31,1978,4,13,210,71,CAN,R,45,both,Middleweight
1333,8471310,2008,Dustin,Boyd,CGY,C,5,2959,0.65,1986,7,16,187,72,CAN,L,17,both,Middleweight
1335,8459457,2008,Jamie,Langenbrunner,N.J,R,4,3892,3.74,1975,7,24,205,73,USA,R,15,both,Middleweight
1338,8468114,2008,Douglas,Murray,S.J,D,6,6066,0.78,1980,3,12,240,75,SWE,L,6,both,Heavyweight
1344,8471216,2008,Cam,Barker,CHI,D,17,16981,8.85,1986,4,4,223,75,CAN,L,18,both,Heavyweight
1345,8471214,2008,Alex,Ovechkin,WSH,L,14,19614,26.57,1985,9,17,235,75,RUS,R,8,both,Heavyweight
1358,8462036,2008,Daymond,Langkow,CGY,C,6,6158,3.7,1976,9,27,181,70,CAN,L,22,both,Middleweight
1360,8471303,2008,Alexander,Edler,VAN,D,10,13285,5.6,1986,4,21,212,75,SWE,L,23,both,Middleweight
1368,8459428,2008,Viktor,Kozlov,WSH,C,14,13357,7.34,1975,2,14,232,76,RUS,R,25,both,Heavyweight
1369,8458229,2008,Keith,Tkachuk,STL,L,4,4430,0.88,1972,3,28,235,74,USA,L,7,both,Heavyweight
1370,8462209,2008,P.J.,Axelsson,BOS,L,11,9269,-0.04,1975,2,26,188,73,SWE,L,11,both,Middleweight
1371,8471729,2008,Kris,Russell,CBJ,D,4,4001,1.68,1987,5,2,170,70,CAN,L,4,both,Lightweight
1379,8470047,2008,Valtteri,Filppula,DET,C,23,24330,19.29,1984,3,20,196,72,FIN,L,51,both,Middleweight
1389,8471766,2008,Jared,Boll,CBJ,R,1,317,-0.47,1986,5,13,206,75,USA,R,40,both,Middleweight
1392,8469476,2008,Tim,Gleason,CAR,D,17,20866,3.93,1983,1,29,217,72,USA,L,6,both,Middleweight
1394,8469770,2008,Dennis,Wideman,BOS,D,11,16307,10.3,1983,3,20,202,72,CAN,R,6,both,Middleweight
1398,8445550,2008,Rob,Blake,S.J,D,6,7861,4.3,1969,12,10,220,76,CAN,R,4,both,Heavyweight
1400,8471276,2008,David,Krejci,BOS,C,11,11415,10.23,1986,4,28,188,72,CZE,R,46,both,Middleweight
1411,8470281,2008,Duncan,Keith,CHI,D,17,25139,6.52,1983,7,16,192,73,CAN,L,2,both,Middleweight
1422,8470061,2008,Derek,Meech,DET,D,2,488,0.43,1984,4,21,200,71,CAN,L,7,both,Middleweight
1423,8468486,2008,Scott,Hartnell,PHI,L,6,6693,2.15,1982,4,18,215,74,CAN,L,17,both,Middleweight
1430,8469500,2008,Michael,Cammalleri,CGY,C,6,6491,4.42,1982,6,8,185,69,CAN,L,13,both,Middleweight
1433,8470666,2008,Daniel,Carcillo,PHI,L,5,2455,2.95,1985,1,28,200,72,CAN,L,13,both,Middleweight
4932,8470147,2008,Curtis,McElhinney,CGY,G,1,2026,,1983,5,23,203,74,CAN,L,35,both,Middleweight
4935,8470860,2008,Jaroslav,Halak,MTL,G,1,1200,,1985,5,13,185,71,SVK,L,41,both,Middleweight
4940,8470320,2008,Cam,Ward,CAR,G,17,62603,,1984,2,29,194,73,CAN,L,30,both,Middleweight
4941,8464999,2008,Mathieu,Garon,PIT,G,1,1460,,1978,1,9,198,73,CAN,R,32,both,Middleweight
4942,8473575,2008,Semyon,Varlamov,WSH,G,13,45532,,1988,4,27,205,74,RUS,L,1,both,Middleweight
4947,8465161,2008,Steve,Valiquette,NYR,G,2,2400,,1977,8,20,210,78,CAN,L,40,both,Middleweight
4948,8470645,2008,Corey,Crawford,CHI,G,1,955,,1984,12,31,216,74,CAN,L,50,both,Middleweight
4957,8470594,2008,Marc-Andre,Fleury,PIT,G,23,83238,,1984,11,28,180,74,CAN,L,29,both,Middleweight
4971,8460535,2008,Jose,Theodore,WSH,G,2,5805,,1976,9,13,172,71,CAN,R,60,both,Lightweight
4974,8469658,2008,Cristobal,Huet,CHI,G,3,7790,,1975,9,3,205,73,FRA,L,39,both,Middleweight
4976,8460705,2008,Evgeni,Nabokov,S.J,G,6,21695,,1975,7,25,202,72,RUS,L,20,both,Middleweight
4979,8471679,2008,Carey,Price,MTL,G,4,13150,,1987,8,16,215,75,CAN,L,31,both,Middleweight
4988,8462047,2008,Martin,Biron,PHI,G,6,22484,,1977,8,15,186,74,CAN,L,43,both,Middleweight
4989,8469152,2008,Ty,Conklin,DET,G,1,1176,,1976,3,30,185,73,USA,L,29,both,Middleweight
4990,8455710,2008,Martin,Brodeur,N.J,G,7,25601,,1972,5,6,220,74,CAN,L,30,both,Heavyweight
4993,8462152,2008,Chris,Mason,STL,G,4,15377,,1976,4,20,198,72,CAN,L,30,both,Middleweight
4994,8466141,2008,Roberto,Luongo,VAN,G,10,37077,,1979,4,4,215,75,CAN,L,1,both,Middleweight
5000,8459140,2008,Nikolai,Khabibulin,CHI,G,15,52858,,1973,1,13,208,73,RUS,L,39,both,Middleweight
5001,8460703,2008,Tim,Thomas,BOS,G,11,40784,,1974,4,15,201,71,USA,L,30,both,Middleweight
5005,8468685,2008,Henrik,Lundqvist,NYR,G,7,22784,,1982,3,2,180,73,SWE,L,30,both,Middleweight
5014,8462044,2008,Jean-Sebastien,Giguere,ANA,G,1,1009,,1977,5,16,202,73,CAN,L,35,both,Middleweight
5015,8473972,2008,Jonas,Hiller,ANA,G,13,48403,,1982,2,12,191,74,CHE,R,1,both,Middleweight
5019,8462147,2008,Miikka,Kiprusoff,CGY,G,6,19429,,1976,10,26,185,73,FIN,L,34,both,Middleweight
5020,8473461,2008,Steve,Mason,CBJ,G,4,14360,,1988,5,29,210,76,CAN,R,35,both,Middleweight
5024,8458568,2008,Chris,Osgood,DET,G,23,84351,,1972,11,26,180,70,CAN,L,30,both,Middleweight
