playerId,season,First Name,Last Name,team,position,games_played,icetime
8470147,2008,Curtis,McElhinney,CGY,G,1,2026
8470860,2008,Jaroslav,Halak,MTL,G,1,1200
8470320,2008,Cam,Ward,CAR,G,17,62603
8464999,2008,Mathieu,Garon,PIT,G,1,1460
8473575,2008,Semyon,Varlamov,WSH,G,13,45532
8465161,2008,Steve,Valiquette,NYR,G,2,2400
8470645,2008,Corey,Crawford,CHI,G,1,955
8470594,2008,Marc-Andre,Fleury,PIT,G,23,83238
8460535,2008,Jose,Theodore,WSH,G,2,5805
8469658,2008,Cristobal,Huet,CHI,G,3,7790
8460705,2008,Evgeni,Nabokov,S.J,G,6,21695
8471679,2008,Carey,Price,MTL,G,4,13150
8462047,2008,Martin,Biron,PHI,G,6,22484
8469152,2008,Ty,Conklin,DET,G,1,1176
8455710,2008,Martin,Brodeur,N.J,G,7,25601
8462152,2008,Chris,Mason,STL,G,4,15377
8466141,2008,Roberto,Luongo,VAN,G,10,37077
8459140,2008,Nikolai,Khabibulin,CHI,G,15,52858
8460703,2008,Tim,Thomas,BOS,G,11,40784
8468685,2008,Henrik,Lundqvist,NYR,G,7,22784
8462044,2008,Jean-Sebastien,Giguere,ANA,G,1,1009
8473972,2008,Jonas,Hiller,ANA,G,13,48403
8462147,2008,Miikka,Kiprusoff,CGY,G,6,19429
8473461,2008,Steve,Mason,CBJ,G,4,14360
8458568,2008,Chris,Osgood,DET,G,23,84351
8470657,2009,Jimmy,Howard,DET,G,12,43226
8474550,2009,Antti,Niemi,CHI,G,22,79311
8473975,2009,Erik,Ersberg,L.A,G,1,776
8468524,2009,Ilya,Bryzgalov,ARI,G,7,25154
8470860,2009,Jaroslav,Halak,MTL,G,18,60804
8460535,2009,Jose,Theodore,WSH,G,2,4868
8455710,2009,Martin,Brodeur,N.J,G,5,17924
8473575,2009,Semyon,Varlamov,WSH,G,6,20910
8466141,2009,Roberto,Luongo,VAN,G,12,42412
8470880,2009,Brian,Elliott,OTT,G,4,12173
8467453,2009,Andrew,Raycroft,VAN,G,1,1478
8471306,2009,Thomas,Greiss,S.J,G,1,2400
8469461,2009,Pascal,Leclaire,OTT,G,3,12643
8462161,2009,Brent,Johnson,PIT,G,1,1889
8468011,2009,Ryan,Miller,BUF,G,6,23010
8470594,2009,Marc-Andre,Fleury,PIT,G,13,47892
8471695,2009,Tuukka,Rask,BOS,G,13,49743
8471734,2009,Jonathan,Quick,L.A,G,6,21627
8469514,2009,Peter,Budaj,COL,G,1,536
8468038,2009,Michael,Leighton,PHI,G,14,45433
8471469,2009,Pekka,Rinne,NSH,G,6,21479
8475080,2009,Johan,Backlund,PHI,G,1,84
8471679,2009,Carey,Price,MTL,G,4,8080
8469658,2009,Cristobal,Huet,CHI,G,1,1196
8467950,2009,Craig,Anderson,COL,G,6,21979
8460705,2009,Evgeni,Nabokov,S.J,G,15,53391
8462052,2009,Brian,Boucher,PHI,G,12,39337
8471469,2010,Pekka,Rinne,NSH,G,12,43708
8462052,2010,Brian,Boucher,PHI,G,9,25342
8471239,2010,Cory,Schneider,VAN,G,5,9759
8474550,2010,Antti,Niemi,S.J,G,18,62646
8473607,2010,Michal,Neuvirth,WSH,G,9,35396
8471679,2010,Carey,Price,MTL,G,7,27329
8462161,2010,Brent,Johnson,PIT,G,1,2069
8468038,2010,Michael,Leighton,PHI,G,2,4183
8475683,2010,Sergei,Bobrovsky,PHI,G,6,11137
8470645,2010,Corey,Crawford,CHI,G,7,26112
8468011,2010,Ryan,Miller,BUF,G,7,24582
8470594,2010,Marc-Andre,Fleury,PIT,G,7,24312
8460703,2010,Tim,Thomas,BOS,G,24,88913
8466141,2010,Roberto,Luongo,VAN,G,24,82055
8468540,2010,Dan,Ellis,ANA,G,1,2456
8467511,2010,Antero,Niittymaki,S.J,G,2,5489
8473523,2010,Jhonas,Enroth,BUF,G,1,1031
8460806,2010,Dwayne,Roloson,T.B,G,17,58909
8474765,2010,Anders,Lindback,NSH,G,1,794
8469548,2010,Ray,Emery,ANA,G,6,19160
8468685,2010,Henrik,Lundqvist,NYR,G,5,20735
8469608,2010,Mike,Smith,T.B,G,3,7209
8468524,2010,Ilya,Bryzgalov,ARI,G,4,14023
8470657,2010,Jimmy,Howard,DET,G,11,40402
8471734,2010,Jonathan,Quick,L.A,G,6,22815
8470657,2011,Jimmy,Howard,DET,G,5,17723
8470645,2011,Corey,Crawford,CHI,G,6,23732
8469608,2011,Mike,Smith,ARI,G,16,61609
8462161,2011,Brent,Johnson,PIT,G,1,1200
8468524,2011,Ilya,Bryzgalov,PHI,G,11,38508
8470594,2011,Marc-Andre,Fleury,PIT,G,6,20228
8455710,2011,Martin,Brodeur,N.J,G,24,88254
8470860,2011,Jaroslav,Halak,STL,G,2,6263
8475683,2011,Sergei,Bobrovsky,PHI,G,1,2213
8474596,2011,Jake,Allen,STL,G,1,67
8466141,2011,Roberto,Luongo,VAN,G,2,7025
8460535,2011,Jose,Theodore,FLA,G,5,16104
8471734,2011,Jonathan,Quick,L.A,G,20,74292
8466339,2011,Scott,Clemmensen,FLA,G,3,10763
8471239,2011,Cory,Schneider,VAN,G,3,10970
8460703,2011,Tim,Thomas,BOS,G,7,26883
8468685,2011,Henrik,Lundqvist,NYR,G,20,75049
8471469,2011,Pekka,Rinne,NSH,G,10,36554
8474651,2011,Braden,Holtby,WSH,G,14,55316
8474550,2011,Antti,Niemi,S.J,G,5,19083
8460704,2011,Johan,Hedberg,N.J,G,1,2180
8467950,2011,Craig,Anderson,OTT,G,7,25132
8470880,2011,Brian,Elliott,STL,G,8,27283
8473503,2012,James,Reimer,TOR,G,7,26306
8468685,2012,Henrik,Lundqvist,NYR,G,12,45375
8467950,2012,Craig,Anderson,OTT,G,10,34660
8474690,2012,Kevin,Poulin,NYI,G,2,3146
8466141,2012,Roberto,Luongo,VAN,G,3,8381
8475311,2012,Darcy,Kuemper,MIN,G,2,4407
8471734,2012,Jonathan,Quick,L.A,G,18,65940
8460705,2012,Evgeni,Nabokov,NYI,G,6,19444
8470645,2012,Corey,Crawford,CHI,G,23,90234
8460712,2012,Tomas,Vokoun,PIT,G,11,41113
8470216,2012,Josh,Harding,MIN,G,5,13488
8471239,2012,Cory,Schneider,VAN,G,2,7045
8475215,2012,Robin,Lehner,OTT,G,2,2964
8470657,2012,Jimmy,Howard,DET,G,14,50368
8473541,2012,Jonathan,Bernier,L.A,G,1,1795
8474651,2012,Braden,Holtby,WSH,G,7,25970
8469514,2012,Peter,Budaj,MTL,G,2,3752
8471679,2012,Carey,Price,MTL,G,4,14345
8474550,2012,Antti,Niemi,S.J,G,11,40387
8471695,2012,Tuukka,Rask,BOS,G,22,87955
8470594,2012,Marc-Andre,Fleury,PIT,G,5,17414
8470880,2012,Brian,Elliott,STL,G,6,22709
8473972,2012,Jonas,Hiller,ANA,G,7,26320
8469548,2013,Ray,Emery,PHI,G,3,10329
8468011,2013,Ryan,Miller,STL,G,6,25348
8473575,2013,Semyon,Varlamov,COL,G,7,25948
8468524,2013,Ilya,Bryzgalov,MIN,G,9,28762
8471695,2013,Tuukka,Rask,BOS,G,12,45163
8475361,2013,Jonas,Gustavsson,DET,G,2,7953
8474765,2013,Anders,Lindback,T.B,G,4,12871
8475311,2013,Darcy,Kuemper,MIN,G,6,19519
8468685,2013,Henrik,Lundqvist,NYR,G,25,90935
8475683,2013,Sergei,Bobrovsky,CBJ,G,6,22656
8470140,2013,Kari,Lehtonen,DAL,G,6,20734
8471734,2013,Jonathan,Quick,L.A,G,26,96316
8477356,2013,Kristers,Gudlevskis,T.B,G,2,2382
8471679,2013,Carey,Price,MTL,G,12,44326
8473461,2013,Steve,Mason,PHI,G,5,14622
8460703,2013,Tim,Thomas,DAL,G,1,878
8475883,2013,Frederik,Andersen,ANA,G,7,22072
8475660,2013,Cam,Talbot,NYR,G,2,2779
8474889,2013,Martin,Jones,L.A,G,2,3385
8470645,2013,Corey,Crawford,CHI,G,19,73448
8474682,2013,Dustin,Tokarski,MTL,G,5,18028
8474550,2013,Antti,Niemi,S.J,G,6,18284
8476434,2013,John,Gibson,ANA,G,4,12028
8470657,2013,Jimmy,Howard,DET,G,3,10685
8471774,2013,Alex,Stalock,S.J,G,3,7022
8470594,2013,Marc-Andre,Fleury,PIT,G,13,47980
8469514,2013,Peter,Budaj,MTL,G,1,1200
8473972,2013,Jonas,Hiller,ANA,G,6,13162
8471750,2014,Ben,Bishop,T.B,G,25,87538
8476883,2014,Andrei,Vasilevskiy,T.B,G,4,6763
8475311,2014,Darcy,Kuemper,MIN,G,1,1390
8477202,2014,Andrew,Hammond,OTT,G,2,7329
8475883,2014,Frederik,Andersen,ANA,G,16,62980
8471679,2014,Carey,Price,MTL,G,12,45103
8468685,2014,Henrik,Lundqvist,NYR,G,19,69970
8470645,2014,Corey,Crawford,CHI,G,20,73367
8470880,2014,Brian,Elliott,STL,G,1,1571
8475831,2014,Philipp,Grubauer,WSH,G,1,3600
8475852,2014,Petr,Mrazek,DET,G,7,23894
8473607,2014,Michal,Neuvirth,NYI,G,1,660
8470860,2014,Jaroslav,Halak,NYI,G,7,25064
8474651,2014,Braden,Holtby,WSH,G,13,48343
8471715,2014,Ondrej,Pavelec,WPG,G,4,14456
8470657,2014,Jimmy,Howard,DET,G,1,1200
8471469,2014,Pekka,Rinne,NSH,G,6,25479
8473972,2014,Jonas,Hiller,CGY,G,7,19339
8474596,2014,Jake,Allen,STL,G,6,19664
8474152,2014,Scott,Darling,CHI,G,5,17866
8470594,2014,Marc-Andre,Fleury,PIT,G,5,17504
8471403,2014,Karri,Ramo,CGY,G,7,20175
8467950,2014,Craig,Anderson,OTT,G,4,14817
8468011,2014,Ryan,Miller,VAN,G,3,9370
8475663,2014,Eddie,Lack,VAN,G,4,11896
8471227,2014,Devan,Dubnyk,MIN,G,10,34225
8466141,2015,Roberto,Luongo,FLA,G,6,26300
8470140,2015,Kari,Lehtonen,DAL,G,11,33287
8473607,2015,Michal,Neuvirth,PHI,G,3,10705
8470645,2015,Corey,Crawford,CHI,G,7,26868
8474550,2015,Antti,Niemi,DAL,G,5,14221
8476883,2015,Andrei,Vasilevskiy,T.B,G,8,26065
8476434,2015,John,Gibson,ANA,G,2,7005
8475883,2015,Frederik,Andersen,ANA,G,5,17842
8474889,2015,Martin,Jones,S.J,G,24,88398
8470880,2015,Brian,Elliott,STL,G,18,63460
8468685,2015,Henrik,Lundqvist,NYR,G,5,12289
8473503,2015,James,Reimer,S.J,G,1,1745
8474596,2015,Jake,Allen,STL,G,5,10146
8475852,2015,Petr,Mrazek,DET,G,3,10630
8477293,2015,Antti,Raanta,NYR,G,3,5630
8470594,2015,Marc-Andre,Fleury,PIT,G,2,4759
8473553,2015,Jeff,Zatkoff,PIT,G,2,7033
8473461,2015,Steve,Mason,PHI,G,3,10566
8470657,2015,Jimmy,Howard,DET,G,2,7029
8475622,2015,Carter,Hutton,NSH,G,3,1197
8475234,2015,J-F,Berube,NYI,G,1,287
8471750,2015,Ben,Bishop,T.B,G,11,34946
8476899,2015,Matt,Murray,PIT,G,21,76036
8471227,2015,Devan,Dubnyk,MIN,G,6,21531
8471734,2015,Jonathan,Quick,L.A,G,5,17735
8471306,2015,Thomas,Greiss,NYI,G,11,43988
8474651,2015,Braden,Holtby,WSH,G,12,43892
8471469,2015,Pekka,Rinne,NSH,G,14,51958
8470645,2016,Corey,Crawford,CHI,G,4,15227
8473434,2016,Chad,Johnson,CGY,G,1,3110
8475660,2016,Cam,Talbot,EDM,G,13,46868
8474651,2016,Braden,Holtby,WSH,G,13,48207
8475831,2016,Philipp,Grubauer,WSH,G,1,1114
8470880,2016,Brian,Elliott,CGY,G,4,11120
8471679,2016,Carey,Price,MTL,G,6,23248
8475883,2016,Frederik,Andersen,TOR,G,6,24166
8467950,2016,Craig,Anderson,OTT,G,19,70688
8474596,2016,Jake,Allen,STL,G,11,40496
8477237,2016,Mike,Condon,OTT,G,2,3677
8468685,2016,Henrik,Lundqvist,NYR,G,12,46474
8477424,2016,Juuse,Saros,NSH,G,2,3392
8476316,2016,Laurent,Brossoit,EDM,G,1,1628
8475683,2016,Sergei,Bobrovsky,CBJ,G,5,18556
8476899,2016,Matt,Murray,PIT,G,11,40135
8476434,2016,John,Gibson,ANA,G,16,52723
8473541,2016,Jonathan,Bernier,ANA,G,4,10955
8471227,2016,Devan,Dubnyk,MIN,G,5,19335
8471695,2016,Tuukka,Rask,BOS,G,6,24141
8471469,2016,Pekka,Rinne,NSH,G,22,77324
8470594,2016,Marc-Andre,Fleury,PIT,G,15,51991
8474889,2016,Martin,Jones,S.J,G,6,22621
8470147,2017,Curtis,McElhinney,TOR,G,1,2842
8473461,2017,Steve,Mason,WPG,G,1,1200
8477424,2017,Juuse,Saros,NSH,G,4,6820
8473607,2017,Michal,Neuvirth,PHI,G,3,8990
8476899,2017,Matt,Murray,PIT,G,12,42935
8475839,2017,Louis,Domingue,T.B,G,1,1105
8471227,2017,Devan,Dubnyk,MIN,G,4,11276
8475852,2017,Petr,Mrazek,PHI,G,1,1859
8476234,2017,Keith,Kinkaid,N.J,G,2,5510
8471469,2017,Pekka,Rinne,NSH,G,13,41044
8475831,2017,Philipp,Grubauer,WSH,G,2,6323
8477180,2017,Aaron,Dell,S.J,G,2,2802
8476883,2017,Andrei,Vasilevskiy,T.B,G,17,59949
8475883,2017,Frederik,Andersen,TOR,G,7,22036
8475683,2017,Sergei,Bobrovsky,CBJ,G,6,24927
8470594,2017,Marc-Andre,Fleury,VGK,G,20,74315
8476434,2017,John,Gibson,ANA,G,4,12991
8477202,2017,Andrew,Hammond,COL,G,3,8249
8474651,2017,Braden,Holtby,WSH,G,23,83145
8471734,2017,Jonathan,Quick,L.A,G,4,16286
8471774,2017,Alex,Stalock,MIN,G,1,2881
8470880,2017,Brian,Elliott,PHI,G,4,10625
8476945,2017,Connor,Hellebuyck,WPG,G,16,57307
8468011,2017,Ryan,Miller,ANA,G,1,1200
8471695,2017,Tuukka,Rask,BOS,G,12,41210
8473541,2017,Jonathan,Bernier,COL,G,4,13024
8474889,2017,Martin,Jones,S.J,G,10,33880
8471239,2017,Cory,Schneider,N.J,G,4,12102
8471418,2017,Anton,Khudobin,BOS,G,1,1597
8470147,2018,Curtis,McElhinney,CAR,G,5,16291
8471469,2018,Pekka,Rinne,NSH,G,6,19778
8475215,2018,Robin,Lehner,NYI,G,8,26940
8475883,2018,Frederik,Andersen,TOR,G,7,24829
8471750,2018,Ben,Bishop,DAL,G,13,48659
8476945,2018,Connor,Hellebuyck,WPG,G,6,21596
8474651,2018,Braden,Holtby,WSH,G,7,26938
8475683,2018,Sergei,Bobrovsky,CBJ,G,10,37376
8475831,2018,Philipp,Grubauer,COL,G,12,43907
8477180,2018,Aaron,Dell,S.J,G,2,5373
8476883,2018,Andrei,Vasilevskiy,T.B,G,4,14143
8471306,2018,Thomas,Greiss,NYI,G,1,2187
8476899,2018,Matt,Murray,PIT,G,4,14324
8470594,2018,Marc-Andre,Fleury,VGK,G,7,27992
8471418,2018,Anton,Khudobin,DAL,G,1,665
8469608,2018,Mike,Smith,CGY,G,5,19112
8477424,2018,Juuse,Saros,NSH,G,1,2729
8471695,2018,Tuukka,Rask,BOS,G,24,87550
8475852,2018,Petr,Mrazek,CAR,G,11,39583
8474889,2018,Martin,Jones,S.J,G,20,69222
8474596,2018,Jake,Allen,STL,G,1,1468
8476412,2018,Jordan,Binnington,STL,G,26,92372
8471306,2019,Thomas,Greiss,NYI,G,4,10687
8474651,2019,Braden,Holtby,WSH,G,8,29856
8480925,2019,Pavel,Francouz,COL,G,6,18945
8475215,2019,Robin,Lehner,VGK,G,16,57952
8477967,2019,Thatcher,Demko,VAN,G,4,11179
8475852,2019,Petr,Mrazek,CAR,G,5,18996
8474596,2019,Jake,Allen,STL,G,5,14441
8471774,2019,Alex,Stalock,MIN,G,4,14234
8474593,2019,Jacob,Markstrom,VAN,G,14,50471
8473575,2019,Semyon,Varlamov,NYI,G,20,73964
8476914,2019,Joonas,Korpisalo,CBJ,G,9,35940
8479979,2019,Jake,Oettinger,DAL,G,2,2200
8471750,2019,Ben,Bishop,DAL,G,3,7956
8477465,2019,Tristan,Jarry,PIT,G,1,3526
8478007,2019,Elvis,Merzlikins,CBJ,G,2,7365
8470594,2019,Marc-Andre,Fleury,VGK,G,4,14282
8471679,2019,Carey,Price,MTL,G,10,36332
8475311,2019,Darcy,Kuemper,ARI,G,9,30119
8469608,2019,Mike,Smith,EDM,G,1,1592
8479496,2019,David,Rittich,CGY,G,1,995
8478048,2019,Igor,Shesterkin,NYR,G,1,3488
8476899,2019,Matt,Murray,PIT,G,3,11527
8479394,2019,Carter,Hart,PHI,G,14,51578
8478435,2019,Dan,Vladar,BOS,G,1,1722
8475156,2019,Mikko,Koskinen,EDM,G,4,12535
8477424,2019,Juuse,Saros,NSH,G,4,14529
8475831,2019,Philipp,Grubauer,COL,G,7,23120
8470860,2019,Jaroslav,Halak,BOS,G,9,32592
8470645,2019,Corey,Crawford,CHI,G,9,32641
8468685,2019,Henrik,Lundqvist,NYR,G,2,7149
8471695,2019,Tuukka,Rask,BOS,G,4,15430
8475883,2019,Frederik,Andersen,TOR,G,5,19577
8476412,2019,Jordan,Binnington,STL,G,5,16007
8476883,2019,Andrei,Vasilevskiy,T.B,G,25,103392
8477293,2019,Antti,Raanta,ARI,G,2,2400
8473503,2019,James,Reimer,CAR,G,3,10685
8475660,2019,Cam,Talbot,CGY,G,10,35733
8471418,2019,Anton,Khudobin,DAL,G,25,88043
8476945,2019,Connor,Hellebuyck,WPG,G,4,14192
8470880,2019,Brian,Elliott,PHI,G,3,8370
8474636,2019,Michael,Hutchinson,COL,G,4,11771
8475683,2019,Sergei,Bobrovsky,FLA,G,4,14063
8475683,2020,Sergei,Bobrovsky,FLA,G,3,6757
8471679,2020,Carey,Price,MTL,G,22,80498
8477970,2020,Vitek,Vanecek,WSH,G,1,790
8475852,2020,Petr,Mrazek,CAR,G,2,7391
8481519,2020,Spencer,Knight,FLA,G,2,6980
8477968,2020,Alex,Nedeljkovic,CAR,G,9,36451
8476412,2020,Jordan,Binnington,STL,G,4,14032
8480280,2020,Jeremy,Swayman,BOS,G,1,1114
8475789,2020,Jack,Campbell,TOR,G,7,25851
8471695,2020,Tuukka,Rask,BOS,G,11,41270
8476904,2020,Chris,Driedger,FLA,G,3,7784
8475660,2020,Cam,Talbot,MIN,G,7,24987
8475831,2020,Philipp,Grubauer,COL,G,10,35874
8476945,2020,Connor,Hellebuyck,WPG,G,8,32265
8475215,2020,Robin,Lehner,VGK,G,3,10947
8477424,2020,Juuse,Saros,NSH,G,6,25932
8467950,2020,Craig,Anderson,WSH,G,2,6730
8478492,2020,Ilya,Samsonov,WSH,G,3,12055
8470594,2020,Marc-Andre,Fleury,VGK,G,16,58372
8476883,2020,Andrei,Vasilevskiy,T.B,G,23,83373
8478009,2020,Ilya,Sorokin,NYI,G,7,23218
8477465,2020,Tristan,Jarry,PIT,G,6,23767
8473575,2020,Semyon,Varlamov,NYI,G,14,47863
8469608,2020,Mike,Smith,EDM,G,4,17988
8477465,2021,Tristan,Jarry,PIT,G,1,3886
8476412,2021,Jordan,Binnington,STL,G,6,18887
8479496,2021,David,Rittich,NSH,G,1,904
8476999,2021,Linus,Ullmark,BOS,G,2,6915
8480925,2021,Pavel,Francouz,COL,G,7,20471
8474593,2021,Jacob,Markstrom,CGY,G,12,42747
8480280,2021,Jeremy,Swayman,BOS,G,5,17767
8471734,2021,Jonathan,Quick,LAK,G,7,23085
8475156,2021,Mikko,Koskinen,EDM,G,3,5369
8475839,2021,Louis,Domingue,PIT,G,6,18721
8477970,2021,Vitek,Vanecek,WSH,G,2,5989
8476883,2021,Andrei,Vasilevskiy,TBL,G,23,84162
8481611,2021,Pyotr,Kochetkov,CAR,G,4,10174
8470594,2021,Marc-Andre,Fleury,MIN,G,5,17788
8478024,2021,Ville,Husso,STL,G,7,24556
8475311,2021,Darcy,Kuemper,COL,G,16,53213
8475789,2021,Jack,Campbell,TOR,G,7,24015
8478971,2021,Connor,Ingram,NSH,G,4,13851
8478048,2021,Igor,Shesterkin,NYR,G,20,70894
8479979,2021,Jake,Oettinger,DAL,G,7,25789
8477293,2021,Antti,Raanta,CAR,G,13,39805
8478902,2021,Erik,Kallgren,TOR,G,1,1846
8475683,2021,Sergei,Bobrovsky,FLA,G,10,36018
8469608,2021,Mike,Smith,EDM,G,16,52335
8480382,2021,Alexandar,Georgiev,NYR,G,2,3537
8477361,2021,Cal,Petersen,LAK,G,1,1934
8478492,2021,Ilya,Samsonov,WSH,G,5,15774
8478435,2021,Dan,Vladar,CGY,G,1,1196
8475660,2021,Cam,Talbot,MIN,G,1,3473
8479193,2021,Casey,DeSmith,PIT,G,1,5347
