playerId,season,name,team,position,games_played,icetime,gameScore
8471709,2008,Marc-Edouard Vlasic,S.J,D,6,7435,0.72
8465978,2008,Shawn Thornton,BOS,L,10,5465,1.71
8473563,2008,Nicklas Backstrom,WSH,C,14,18197,15.04
8471426,2008,Troy Brouwer,CHI,R,17,12085,3.62
8468498,2008,Brooks Orpik,PIT,D,23,27779,5.05
8469598,2008,Kevin Bieksa,VAN,D,10,14477,4.8
8471309,2008,Johan Franzen,DET,R,23,27156,24.72
8466138,2008,Joe Thornton,S.J,C,6,6926,5.97
8467856,2008,Brian Rafalski,DET,D,18,24245,16.2
8470920,2008,David Clarkson,N.J,R,7,3583,1.55
8469672,2008,Aaron Voros,NYR,L,4,1644,-0.28
8458938,2008,Roman Hamrlik,MTL,D,4,6074,0.3
8466181,2008,Kristian Huselius,CBJ,L,4,4289,0.65
8469665,2008,Johnny Oduya,N.J,D,7,8532,2.8
8458976,2008,Michael Peca,CBJ,C,4,3038,0.29
8471217,2008,Andrew Ladd,CHI,L,17,13172,5.06
8445735,2008,Rod Brind'Amour,CAR,C,17,15488,3.2
8473932,2008,Darroll Powe,PHI,C,6,5050,3.27
8469544,2008,Patrick Sharp,CHI,L,17,16608,13.11
8467369,2008,Ossi Vaananen,VAN,D,3,1661,-0.7
8459427,2008,Rob Niedermayer,ANA,C,13,12653,-1.52
8470358,2008,Alexandre Burrows,VAN,L,10,11277,6.27
8469472,2008,Shaone Morrisonn,WSH,D,14,15164,3.55
8468635,2008,Travis Moen,S.J,L,6,4641,-0.33
8465951,2008,Matt Cooke,PIT,L,23,20878,5.12
8459246,2008,Donald Brashear,WSH,L,4,821,0.25
8460542,2008,Patrik Elias,N.J,C,7,7512,4.65
8468485,2008,Raffi Torres,CBJ,L,4,2895,1.42
8469638,2008,Jussi Jokinen,CAR,L,17,15764,10.73
8471242,2008,Mike Green,WSH,D,14,20988,9.55
8471794,2008,Darren Helm,DET,C,23,16688,9.27
8473682,2008,Andrew Ebbett,ANA,C,13,10286,1.56
8467400,2008,Francois Beauchemin,ANA,D,13,16699,-3.52
8468224,2008,Sean Avery,NYR,L,6,6348,1.54
8473473,2008,Milan Lucic,BOS,L,10,9136,10.27
8474551,2008,Ville Leino,DET,L,7,3667,2.46
8465192,2008,Samuel Pahlsson,CHI,C,17,16971,2.73
8468660,2008,Darcy Hordichuk,VAN,L,10,3197,-0.3
8471436,2008,Matt Hunwick,BOS,D,1,959,0.05
8459424,2008,Chris Pronger,ANA,D,13,21225,7.82
8467580,2008,Mark Eaton,PIT,D,23,25186,5.48
8468478,2008,Mike Weaver,STL,D,4,4088,1.35
8471686,2008,Marc Staal,NYR,D,7,9048,-0.75
8468927,2008,Steve Montador,BOS,D,11,12901,6.22
8468095,2008,George Parros,ANA,R,7,2330,-0.68
8474134,2008,Yannick Weber,MTL,D,3,2448,1.98
8468515,2008,Brad Winchester,STL,L,4,2807,-0.5
8470617,2008,Mike Richards,PHI,C,6,8265,4.03
8470611,2008,Eric Fehr,WSH,C,9,3982,0.74
8470280,2008,Ben Eager,CHI,L,17,8707,1.37
8467365,2008,John Erskine,WSH,D,12,13757,2.65
8471676,2008,Bobby Ryan,ANA,R,13,15347,10.81
8470602,2008,Dion Phaneuf,CGY,D,5,7441,2.35
8469473,2008,Marcel Goc,S.J,C,6,3796,0.87
8470601,2008,Braydon Coburn,PHI,D,6,9535,2.4
8473646,2008,Ryan Carter,ANA,L,10,7340,3.94
8472248,2008,Jared Ross,PHI,C,6,1497,1.27
8459628,2008,Hal Gill,PIT,D,23,26735,1.07
8469483,2008,David Steckel,WSH,C,14,13484,5.49
8468172,2008,Ruslan Fedotenko,PIT,L,23,20098,16.93
8459122,2008,Stephane Yelle,BOS,C,11,8246,0.09
8469684,2008,Milan Jurcina,WSH,D,14,14089,0.8
8467357,2008,Jonathan Cheechoo,S.J,R,6,3661,4.87
8459001,2008,Kirk Maltby,DET,L,20,10930,3
8471274,2008,Alex Goligoski,PIT,D,2,1243,0.28
8464975,2008,Daniel Briere,PHI,C,6,6008,3.76
8467890,2008,Barret Jackman,STL,D,4,6072,1.4
8469464,2008,Fredrik Sjostrom,NYR,L,7,4941,0.36
8471498,2008,Jannik Hansen,VAN,R,2,1232,-0.11
8473432,2008,Derek Dorsett,CBJ,R,3,1653,-0.02
8470543,2008,Chris Kunitz,PIT,L,23,23312,12.5
8470063,2008,Adam Burish,CHI,R,17,11254,6.28
8459640,2008,Mike Grier,S.J,R,6,3796,-0.23
8470201,2008,Jiri Hudler,DET,R,23,18583,16.4
8465005,2008,Colin White,N.J,D,7,8304,-1.27
8468509,2008,Niklas Kronwall,DET,D,23,32282,12.35
8465009,2008,Zdeno Chara,BOS,D,11,16620,3.45
8471958,2008,Dan Girardi,NYR,D,7,8850,-0.95
8466148,2008,Marian Hossa,DET,R,23,25716,24.75
8467096,2008,Dan Boyle,S.J,D,6,8380,6.2
8459443,2008,Anders Eriksson,CGY,D,2,2244,-0.25
8446053,2008,Chris Chelios,DET,D,6,2648,1.65
8460639,2008,Andre Roy,CGY,R,2,490,-0.4
8466285,2008,Brian Campbell,CHI,D,17,20890,12.78
8468083,2008,Henrik Zetterberg,DET,L,23,30583,30.03
8470638,2008,Patrice Bergeron,BOS,C,11,11839,5.13
8470324,2008,Josh Gorges,MTL,D,4,5702,1.55
8470137,2008,Joni Pitkanen,CAR,D,17,27033,9.4
8458525,2008,Brian Rolston,N.J,R,7,5946,1.9
8467346,2008,Simon Gagne,PHI,L,6,7372,3.83
8472382,2008,Andy Greene,N.J,D,3,2754,0.42
8471698,2008,T.J. Oshie,STL,R,4,4564,0.67
8470622,2008,Patrick Eaves,CAR,R,17,9630,2.45
8471692,2008,Ryan Parent,PHI,D,6,6794,-0.28
8470905,2008,Randy Jones,PHI,D,6,5269,1.75
8462045,2008,Jay McKee,STL,D,4,3585,-0.23
8471218,2008,Blake Wheeler,BOS,R,8,5822,0.09
8467351,2008,Scott Gomez,NYR,C,7,8386,3.84
8467917,2008,Jordan Leopold,CGY,D,6,8339,1.77
8467881,2008,Taylor Pyatt,VAN,L,4,3410,-0.31
8470222,2008,James Wisniewski,ANA,D,12,14664,3.2
8445739,2008,Patrice Brisebois,MTL,D,1,967,0.33
8460556,2008,Freddy Modin,CBJ,L,4,3146,0.67
8468434,2008,Andy McDonald,STL,L,4,5658,4.94
8470207,2008,Joffrey Lupul,PHI,L,6,6163,3.06
8460527,2008,Ryan Johnson,VAN,C,10,7118,0.75
8474161,2008,Jakub Voracek,CBJ,R,4,2905,2.2
8471273,2008,Brandon Dubinsky,NYR,C,7,7658,3.43
8466393,2008,Pascal Dupuis,PIT,R,16,8048,-1.54
8473573,2008,Artem Anisimov,NYR,C,1,335,-0.25
8470274,2008,Chris Higgins,MTL,L,4,4218,1.57
8470171,2008,Max Talbot,PIT,C,23,21056,11.48
8464981,2008,Cory Sarich,CGY,D,5,5619,2.15
8466309,2008,Mike Mottau,N.J,D,7,7556,-0.38
8466144,2008,Paul Mara,NYR,D,7,6183,2.08
8458573,2008,Michael Nylander,WSH,C,3,1583,0.01
8469626,2008,Andrew Alberts,PHI,D,6,4919,0.5
8469622,2008,Ryane Clowe,S.J,L,6,6614,2.8
8470655,2008,David Backes,STL,R,4,5502,2.71
8467882,2008,Jamie Lundmark,CGY,C,2,852,-0.44
8469469,2008,R.J. Umberger,CBJ,C,4,3927,3.3
8470318,2008,Jonathan Ericsson,DET,D,22,24723,13.02
8473512,2008,Claude Giroux,PHI,C,6,5739,4.6
8473604,2008,Jonathan Toews,CHI,C,17,16550,15.23
8447958,2008,Bobby Holik,N.J,C,3,953,0.58
8468560,2008,Ryan Bayda,CAR,L,14,5435,4.39
8465059,2008,Matt Bradley,WSH,R,14,10706,5.02
8470839,2008,Shane O'Brien,VAN,D,10,7259,-0.13
8470131,2008,Dwight Helminen,CAR,C,1,188,0.16
8458529,2008,Alex Kovalev,MTL,R,4,4775,4.46
8473534,2008,Patrik Berglund,STL,C,4,2445,-0.24
8448772,2008,Claude Lemieux,S.J,R,1,307,0.33
8468518,2008,Tomas Kopecky,DET,R,8,4575,2.25
8462823,2008,Glen Metropolit,MTL,C,4,3856,1.2
8458530,2008,Markus Naslund,NYR,L,7,6764,1.24
8459587,2008,Todd Marchant,ANA,C,13,15543,-2.84
8451774,2008,Mats Sundin,VAN,C,8,7638,6.24
8469492,2008,Fedor Tyutin,CBJ,D,4,5583,1.67
8470662,2008,Colin Fraser,CHI,C,2,1381,0.7
8466371,2008,John Madden,N.J,C,7,7728,1.16
8450978,2008,Jeremy Roenick,S.J,C,6,4405,2.58
8470603,2008,Andrei Kostitsyn,MTL,L,1,760,-0.1
8467545,2008,Michael Ryder,BOS,R,11,10398,13.13
8467463,2008,Mikael Samuelsson,DET,R,23,20895,17.6
8474579,2008,Luca Sbisa,PHI,D,1,337,-0.15
8469508,2008,Jay McClement,STL,C,4,3952,-0.16
8466398,2008,Tom Kostopoulos,MTL,R,4,3365,0.76
8470700,2008,Byron Bitz,BOS,R,5,3437,2.84
8466149,2008,Daniel Cleary,DET,R,23,23340,20.2
8470299,2008,Erik Christensen,ANA,C,8,5097,1.55
8471187,2008,Brett Lebda,DET,D,23,18417,12.82
8465202,2008,Sami Salo,VAN,D,7,7815,5
8460562,2008,Chris Drury,NYR,C,6,4872,-0.83
8470257,2008,Alexander Steen,STL,L,4,4267,2.63
8466139,2008,Patrick Marleau,S.J,L,6,7371,2.27
8470159,2008,Boyd Gordon,WSH,C,14,9476,3.62
8471338,2008,Torrey Mitchell,S.J,C,4,2312,1.19
8465914,2008,Francis Bouillon,MTL,D,1,106,0
8460743,2008,Tomas Holmstrom,DET,L,23,18969,11.78
8460503,2008,Mattias Ohlund,VAN,D,10,14337,2.73
8471346,2008,Kris Versteeg,CHI,R,17,16555,7.96
8458527,2008,Philippe Boucher,PIT,D,8,5642,0.82
8470612,2008,Ryan Getzlaf,ANA,C,13,18828,15.15
8471457,2008,Gregory Stewart,MTL,L,2,1021,-0.1
8459444,2008,Todd Bertuzzi,CGY,R,6,6268,2.67
8471716,2008,Justin Abdelkader,DET,L,10,4180,3.77
8470310,2008,Aaron Rome,CBJ,D,1,924,1.45
8469555,2008,Christian Ehrhoff,S.J,D,6,8924,1.95
8470614,2008,Mark Stuart,BOS,D,11,11845,2.52
8467353,2008,Nik Antropov,NYR,C,7,7011,2.81
8458537,2008,Ray Whitney,CAR,L,17,18875,14.16
8470595,2008,Eric Staal,CAR,C,17,21879,19.94
8471675,2008,Sidney Crosby,PIT,C,23,28709,29.43
8471371,2008,Mike Brown,ANA,R,13,6600,-0.39
8470607,2008,Brent Seabrook,CHI,D,17,26525,10.4
8469812,2008,Chad LaRose,CAR,R,17,18234,11.39
8470041,2008,Rick Nash,CBJ,R,4,5006,2.53
8462060,2008,Georges Laraque,MTL,R,4,2630,0.08
8468535,2008,Antoine Vermette,CBJ,C,4,4026,-0.19
8473548,2008,Phil Kessel,BOS,R,11,10508,11.2
8470672,2008,Ryan O'Byrne,MTL,D,2,1568,-0.25
8470778,2008,Drew Miller,ANA,L,13,12591,1.05
8462118,2008,Marc Savard,BOS,C,11,12935,11.35
8469639,2008,Brooks Laich,WSH,C,14,14662,6.8
8468213,2008,Jim Vandermeer,CGY,D,6,5959,0.53
8465166,2008,Craig Adams,PIT,R,23,13284,4.58
8464989,2008,Matt Cullen,CAR,C,17,17046,4.66
8460661,2008,Shane Hnidy,BOS,D,7,5923,0.45
8465185,2008,Willie Mitchell,VAN,D,10,14525,-0.27
8467407,2008,Brian Gionta,N.J,R,7,7486,6.1
8470265,2008,Anton Babchuk,CAR,D,13,12517,2.72
8474291,2008,Jay Beagle,WSH,C,4,850,-0.33
8468789,2008,Jason Williams,CBJ,C,4,3407,1.18
8466333,2008,Andrew Ference,BOS,D,3,2790,-0.23
8471339,2008,Ryan Callahan,NYR,R,7,8285,2.35
8470647,2008,B.J. Crombeen,STL,R,4,2342,-0.03
8471851,2008,Matt D'Agostini,MTL,R,3,2128,-0.58
8460465,2008,Petr Sykora,PIT,R,7,5007,-0.12
8470120,2008,Alexander Semin,WSH,R,14,16777,13.92
8467915,2008,Mike Commodore,CBJ,D,4,5168,-2.35
8465058,2008,Michal Rozsival,NYR,D,7,9529,-0.07
8470039,2008,Tomas Fleischmann,WSH,L,14,12028,4.71
8459454,2008,Jay Pandolfo,N.J,L,7,6968,0.78
8467452,2008,Rob Scuderi,PIT,D,23,28305,3.63
8466215,2008,Joe Corvo,CAR,D,17,25866,9.62
8468887,2008,Warren Peters,CGY,C,4,1692,1.21
8473533,2008,Jordan Staal,PIT,C,23,26561,9.44
8471859,2008,Sergei Kostitsyn,MTL,L,4,3389,1.04
8470610,2008,Zach Parise,N.J,L,7,7993,7.57
8471504,2008,Rene Bourque,CGY,R,5,5132,0.16
8468846,2008,Tyler Sloan,WSH,D,2,2207,1.13
8470597,2008,Nikolay Zherdev,NYR,R,7,5269,0.43
8467876,2008,Henrik Sedin,VAN,C,10,12066,10.23
8470309,2008,Ryan Whitney,ANA,D,13,16821,1.87
8458951,2008,Sergei Gonchar,PIT,D,21,29113,14.63
8467361,2008,Blair Betts,NYR,C,6,3289,-0.72
8470609,2008,Steve Bernier,VAN,R,10,9002,2.87
8459547,2008,Scott Walker,CAR,R,17,11488,8.09
8469470,2008,Carlo Colaiacovo,STL,D,4,5356,2.02
8471769,2008,Niklas Hjalmarsson,CHI,D,17,16953,2.2
8460540,2008,Mathieu Dandenault,MTL,R,4,5058,0.95
8469462,2008,Tuomo Ruutu,CAR,L,15,13533,1.14
8469467,2008,Chuck Kobasew,BOS,R,11,10664,4.41
8467338,2008,Alex Tanguay,MTL,L,2,1857,1.6
8470180,2008,Eric Nystrom,CGY,L,6,3941,3.94
8466140,2008,Olli Jokinen,CGY,C,6,6986,5.1
8467396,2008,Erik Cole,CAR,L,17,17811,4.93
8467956,2008,Niclas Havelid,N.J,D,7,7357,0.48
8465175,2008,Dan Hinote,STL,R,3,1590,-0.7
8464984,2008,Josh Green,ANA,C,5,1766,-0.66
8467899,2008,Martin Havlat,CHI,R,16,14950,13.82
8468542,2008,Paul Martin,N.J,D,7,11058,6.17
8467408,2008,Matt Walker,CHI,D,17,15665,0.57
8469521,2008,Tomas Plekanec,MTL,C,3,2447,-0.83
8446788,2008,Sergei Fedorov,WSH,C,14,13993,6.35
8468577,2008,Niclas Wallin,CAR,D,17,14051,2.5
8467336,2008,Mike Rupp,N.J,L,7,2902,-0.4
8459670,2008,Kimmo Timonen,PHI,D,6,9487,2.15
8471682,2008,Devin Setoguchi,S.J,R,6,5884,2.82
8451302,2008,Brendan Shanahan,N.J,L,7,7045,3.67
8470794,2008,Joe Pavelski,S.J,C,6,6968,2.25
8469664,2008,David Moss,CGY,R,6,4620,4.17
8471664,2008,Mason Raymond,VAN,L,10,9120,2.82
8470616,2008,Ryan Kesler,VAN,C,10,12292,5.15
8462033,2008,Wade Redden,NYR,D,7,9831,1.05
8470101,2008,Tim Conboy,CAR,D,3,787,0.2
8471215,2008,Evgeni Malkin,PIT,C,23,28976,32.09
8471245,2008,Dave Bolland,CHI,C,17,19092,8.59
8468504,2008,Brad Boyes,STL,R,4,5177,2.77
8465012,2008,Tom Poti,WSH,D,14,18152,6.62
8470604,2008,Jeff Carter,PHI,C,6,7324,2.69
8469619,2008,Dennis Seidenberg,CAR,D,15,20204,6.55
8459534,2008,Miroslav Satan,PIT,R,16,9443,4.73
8460626,2008,Bryce Salvador,N.J,D,4,3717,0.15
8469480,2008,Jeff Woywitka,STL,D,4,4510,-0.23
8467949,2008,Frantisek Kaberle,CAR,D,6,4504,0.65
8462042,2008,Jarome Iginla,CGY,R,6,7536,3.51
8471978,2008,Brett Festerling,ANA,D,1,874,-0.25
8474102,2008,David Perron,STL,L,4,4128,3.3
8464977,2008,Dainius Zubrus,N.J,C,7,5857,1.76
8464966,2008,Derek Morris,NYR,D,7,6887,2.4
8468484,2008,Rostislav Klesla,CBJ,D,4,5126,1.88
8471240,2008,Jeff Schultz,WSH,D,1,746,-0.17
8469992,2008,Sheldon Brookbank,ANA,D,13,8746,-3.88
8467331,2008,Brad Stuart,DET,D,23,33323,11.4
8471628,2008,Rick Rypien,VAN,C,10,4497,0.36
8462535,2008,Jody Shelley,S.J,L,1,122,0.1
8471185,2008,Curtis Glencross,CGY,L,6,5402,3.3
8470302,2008,Patrick Dwyer,CAR,R,2,575,0.99
8471229,2008,Petteri Nokelainen,ANA,C,9,4700,-2.01
8458517,2008,Scott Niedermayer,ANA,D,13,20510,9.3
8468778,2008,Colton Orr,NYR,R,5,1149,-0.95
8471385,2008,Adam Pardy,CGY,D,6,5348,2.98
8470834,2008,Dustin Byfuglien,CHI,D,17,17523,8.94
8459053,2008,Adrian Aucoin,CGY,D,6,7619,2.77
8470621,2008,Corey Perry,ANA,R,13,17158,14.35
8459442,2008,Saku Koivu,MTL,C,4,4261,3.52
8467514,2008,Pavel Datsyuk,DET,C,16,19287,16.58
8460580,2008,Brad Lukowich,S.J,D,6,5221,2
8469581,2008,Kyle Wellwood,VAN,C,10,9047,2.96
8470599,2008,Milan Michalek,S.J,L,6,6972,3.14
8471670,2008,Guillaume Latendresse,MTL,L,4,2817,0.42
8457981,2008,Teemu Selanne,ANA,R,13,11807,4.41
8471724,2008,Kris Letang,PIT,D,22,25731,15.35
8460567,2008,Chris Clark,WSH,R,8,3132,0.59
8456464,2008,Bill Guerin,PIT,R,23,23418,14.88
8451224,2008,Mathieu Schneider,MTL,D,2,2276,0.42
8469460,2008,Mike Komisarek,MTL,D,4,4560,-0.38
8459648,2008,Pavol Demitra,VAN,R,6,6346,2.91
8471392,2008,Roman Polak,STL,D,4,5234,0.75
8466251,2008,Jason Chimera,CBJ,L,4,3204,0.88
8455919,2008,Craig Conroy,CGY,C,6,4530,1.25
8471311,2008,Tyler Kennedy,PIT,C,23,18793,12
8450725,2008,Mark Recchi,BOS,R,11,11186,5.08
8468427,2008,Brian Pothier,WSH,D,13,13106,4.92
8474141,2008,Patrick Kane,CHI,R,16,15935,12.44
8470654,2008,Maxim Lapierre,MTL,C,4,3582,0.69
8446485,2008,Kris Draper,DET,C,8,4133,2.09
8458590,2008,Mike Knuble,PHI,R,6,6636,3.29
8457063,2008,Nicklas Lidstrom,DET,D,21,32318,21.72
8466035,2008,Sergei Samsonov,CAR,L,16,15254,7.7
8470699,2008,Jan Hejda,CBJ,D,3,3040,-1.38
8470640,2008,Matt Carle,PHI,D,6,8012,3.02
8470123,2008,Cam Janssen,STL,R,1,239,-0.05
8467875,2008,Daniel Sedin,VAN,L,10,11169,11
8471232,2008,Lauri Korpikoski,NYR,L,7,5527,1.83
8471233,2008,Travis Zajac,N.J,C,7,7500,2.95
8470760,2008,Marc Methot,CBJ,D,4,3901,-0.93
8458519,2008,Aaron Ward,BOS,D,11,12989,1.05
8467334,2008,Manny Malhotra,CBJ,C,4,4294,-0.43
8465025,2008,Arron Asham,PHI,R,6,2849,1.31
8471310,2008,Dustin Boyd,CGY,C,5,2959,0.65
8459457,2008,Jamie Langenbrunner,N.J,R,4,3892,3.74
8468114,2008,Douglas Murray,S.J,D,6,6066,0.78
8471216,2008,Cam Barker,CHI,D,17,16981,8.85
8471214,2008,Alex Ovechkin,WSH,L,14,19614,26.57
8462036,2008,Daymond Langkow,CGY,C,6,6158,3.7
8471303,2008,Alexander Edler,VAN,D,10,13285,5.6
8459428,2008,Viktor Kozlov,WSH,C,14,13357,7.34
8458229,2008,Keith Tkachuk,STL,L,4,4430,0.88
8462209,2008,P.J. Axelsson,BOS,L,11,9269,-0.04
8471729,2008,Kris Russell,CBJ,D,4,4001,1.68
8470047,2008,Valtteri Filppula,DET,C,23,24330,19.29
8471766,2008,Jared Boll,CBJ,R,1,317,-0.47
8469476,2008,Tim Gleason,CAR,D,17,20866,3.93
8469770,2008,Dennis Wideman,BOS,D,11,16307,10.3
8445550,2008,Rob Blake,S.J,D,6,7861,4.3
8471276,2008,David Krejci,BOS,C,11,11415,10.23
8470281,2008,Duncan Keith,CHI,D,17,25139,6.52
8470061,2008,Derek Meech,DET,D,2,488,0.43
8468486,2008,Scott Hartnell,PHI,L,6,6693,2.15
8469500,2008,Michael Cammalleri,CGY,C,6,6491,4.42
8470666,2008,Daniel Carcillo,PHI,L,5,2455,2.95
