playerId,season,name,team,position,games_played,icetime,gameScore
8460577,2009,Milan Hejduk,COL,R,3,2335,0.55
8470794,2009,Joe Pavelski,S.J,C,15,19374,21.09
8471708,2009,Ryan Stoa,COL,C,1,525,-0.38
8471709,2009,Marc-Edouard Vlasic,S.J,D,15,19701,5.58
8473563,2009,Nicklas Backstrom,WSH,C,7,8841,11.84
8471254,2009,Bryan Bickell,CHI,L,4,3176,1.17
8471388,2009,Patrick Kaleta,BUF,R,6,3625,2.42
8468498,2009,Brooks Orpik,PIT,D,13,16904,5.68
8471386,2009,Scott Parse,L.A,L,4,1591,0.05
8469622,2009,Ryane Clowe,S.J,L,15,18158,12.89
8471428,2009,Pierre-Luc Letourneau-Leblond,N.J,R,5,1370,0.2
8469598,2009,Kevin Bieksa,VAN,D,12,16283,8.65
8473473,2009,Milan Lucic,BOS,L,13,12825,10.36
8467439,2009,Jaroslav Spacek,MTL,D,10,11083,2.97
8474096,2009,Nick Spaling,NSH,C,6,3021,0.04
8465056,2009,Trent Whitfield,BOS,C,4,2049,-0.03
8471226,2009,Drew Stafford,BUF,R,3,2539,0.41
8471634,2009,Ryan Shannon,OTT,R,2,745,0.28
8470310,2009,Aaron Rome,VAN,D,1,572,0.1
8459687,2009,Scott Nichol,S.J,C,15,8012,3.36
8470920,2009,David Clarkson,N.J,R,5,3740,-0.11
8470607,2009,Brent Seabrook,CHI,D,22,31916,12.83
8469544,2009,Patrick Sharp,CHI,L,22,23578,26.19
8473422,2009,Nick Foligno,OTT,L,6,6161,0.87
8473568,2009,Andreas Nodl,PHI,R,10,5076,-1.03
8471187,2009,Brett Lebda,DET,D,2,711,0.53
8471668,2009,Mattias Ritola,DET,C,1,465,0.2
8471748,2009,Mark Fraser,N.J,D,1,352,-0.3
8465012,2009,Tom Poti,WSH,D,6,7697,5.5
8471677,2009,Jack Johnson,L.A,D,6,8530,4.42
8473700,2009,Ryan Wilson,COL,D,4,3516,-0.15
8446485,2009,Kris Draper,DET,C,12,5324,1.31
8460556,2009,Freddy Modin,L.A,L,6,6251,2.13
8469120,2009,Raitis Ivanans,L.A,L,1,348,-0.15
8474590,2009,John Carlson,WSH,D,7,8500,6.65
8471724,2009,Kris Letang,PIT,D,13,18138,11.28
8464975,2009,Daniel Briere,PHI,C,23,27072,24.84
8469581,2009,Kyle Wellwood,VAN,C,12,11328,7.93
8472263,2009,Chris Durno,COL,L,1,369,0.1
8464989,2009,Matt Cullen,OTT,C,6,8365,4.91
8469454,2009,Ilya Kovalchuk,N.J,R,5,7088,6.88
8469759,2009,Vernon Fiddler,ARI,C,6,5061,0.19
8474141,2009,Patrick Kane,CHI,R,22,24960,28.97
8470616,2009,Ryan Kesler,VAN,C,12,15343,10.62
8471476,2009,Daniel Winnik,ARI,L,7,5352,-1.03
8470600,2009,Ryan Suter,NSH,D,6,8693,2.4
8473512,2009,Claude Giroux,PHI,C,23,25868,22.79
8466285,2009,Brian Campbell,CHI,D,19,22323,11.88
8471628,2009,Rick Rypien,VAN,C,7,1959,0.51
8465914,2009,Francis Bouillon,NSH,D,6,7064,-1.38
8470121,2009,Matt Greene,L.A,D,6,6751,-0.5
8470120,2009,Alexander Semin,WSH,R,7,8124,7.71
8467336,2009,Mike Rupp,PIT,L,11,4927,-0.36
8467331,2009,Brad Stuart,DET,D,12,15891,8.34
8474250,2009,Zack Smith,OTT,C,6,2669,0.58
8470630,2009,Kevin Klein,NSH,D,6,6376,1.75
8467096,2009,Dan Boyle,S.J,D,15,24458,16.72
8470318,2009,Jonathan Ericsson,DET,D,12,10284,2.42
8469547,2009,Jordin Tootoo,NSH,R,6,2867,1.37
8467514,2009,Pavel Datsyuk,DET,C,12,13545,14.67
8458637,2009,Sean O'Donnell,L.A,D,6,6643,-0.75
8458525,2009,Brian Rolston,N.J,R,5,4441,3.28
8471756,2009,Oskars Bartulis,PHI,D,7,2827,-0.53
8472382,2009,Andy Greene,N.J,D,5,5912,3.7
8466182,2009,Henrik Tallinder,BUF,D,6,8164,1.95
8468518,2009,Tomas Kopecky,CHI,R,17,13849,8.68
8459053,2009,Adrian Aucoin,ARI,D,7,8935,1.42
8470610,2009,Zach Parise,N.J,L,5,6220,5.58
8471742,2009,Cody Franson,NSH,D,4,2169,1.52
8470187,2009,Johnny Boychuk,BOS,D,13,20413,10.4
8467876,2009,Henrik Sedin,VAN,C,12,14857,15.45
8456966,2009,Robert Lang,ARI,C,4,2172,0.14
8470601,2009,Braydon Coburn,PHI,D,23,34716,1.67
8470606,2009,Dustin Brown,L.A,R,6,6800,2.95
8469485,2009,Derek Roy,BUF,C,6,8273,2.25
8471879,2009,Kyle Cumiskey,COL,D,6,8144,-2.52
8467463,2009,Mikael Samuelsson,VAN,R,12,12938,18.67
8460719,2009,Steve Sullivan,NSH,L,6,6471,3.2
8462118,2009,Marc Savard,BOS,C,7,7292,4.25
8468523,2009,Matt Pettinger,VAN,L,1,252,-0.1
8468526,2009,Jarret Stoll,L.A,C,6,5705,0.08
8473493,2009,Ben Maxwell,MTL,C,1,63,-0.26
8468486,2009,Scott Hartnell,PHI,L,23,22393,12.97
8470280,2009,Ben Eager,CHI,L,18,6516,2.43
8471242,2009,Mike Green,WSH,D,7,10928,8.43
8467407,2009,Brian Gionta,MTL,R,19,25297,14.11
8470039,2009,Tomas Fleischmann,WSH,L,6,4807,1.59
8471735,2009,Keith Yandle,ARI,D,7,7222,5.67
8468542,2009,Paul Martin,N.J,D,5,6718,2.73
8459461,2009,Brendan Morrison,WSH,C,5,3599,2.57
8469555,2009,Christian Ehrhoff,VAN,D,12,17385,10.42
8467330,2009,David Legwand,NSH,C,6,6937,6.73
8470638,2009,Patrice Bergeron,BOS,C,13,15893,12.54
8471685,2009,Anze Kopitar,L.A,C,6,7640,5.06
8465050,2009,Eric Belanger,WSH,C,7,5918,3.63
8468162,2009,Jerred Smithson,NSH,C,6,5615,-0.31
8470580,2009,Jed Ortmeyer,S.J,R,4,1674,1
8471859,2009,Sergei Kostitsyn,MTL,L,19,13645,-0.27
8460743,2009,Tomas Holmstrom,DET,L,12,9688,9.2
8471743,2009,Vladimir Sobotka,BOS,L,13,10398,3.23
8468114,2009,Douglas Murray,S.J,D,15,18311,8.8
8467351,2009,Scott Gomez,MTL,C,19,24134,11.59
8471215,2009,Evgeni Malkin,PIT,C,13,17080,14.22
8470598,2009,Thomas Vanek,BUF,L,3,2453,2.38
8467361,2009,Blair Betts,PHI,C,23,15617,0
8474589,2009,Tyler Ennis,BUF,L,6,6172,4.28
8459424,2009,Chris Pronger,PHI,D,23,40091,16.98
8470609,2009,Steve Bernier,VAN,R,12,7182,3.87
8468463,2009,Mathieu Darche,MTL,L,11,4115,1.23
8469477,2009,Lukas Krajicek,PHI,D,22,13217,2.18
8465202,2009,Sami Salo,VAN,D,12,14874,7
8459004,2009,Craig Rivet,BUF,D,6,5249,1.02
8460527,2009,Ryan Johnson,VAN,C,4,2013,-0.74
8464962,2009,Ruslan Salei,COL,D,1,1314,-0.2
8466251,2009,Jason Chimera,WSH,L,7,4940,4.7
8459094,2009,Ian Laperriere,PHI,R,13,7429,-0.52
8466148,2009,Marian Hossa,CHI,R,22,24311,21.07
8469626,2009,Andrew Alberts,VAN,D,10,7469,-0.35
8467496,2009,Andrei Markov,MTL,D,8,11413,2.33
8466333,2009,Andrew Ference,BOS,D,13,11672,-1.6
8471331,2009,Kevin Porter,COL,C,4,2553,-0.63
8475158,2009,Ryan O'Reilly,COL,C,6,6148,-0.78
8470642,2009,Shea Weber,NSH,D,6,8801,3.7
8468575,2009,Dominic Moore,MTL,C,19,16605,1.76
8473991,2009,Karl Alzner,WSH,D,1,909,0.55
8460500,2009,Nolan Baumgartner,VAN,D,1,567,0.25
8472248,2009,Jared Ross,PHI,C,3,1011,0.41
8458938,2009,Roman Hamrlik,MTL,D,19,22957,7.58
8471692,2009,Ryan Parent,PHI,D,17,7617,-1.23
8468064,2009,Martin Erat,NSH,R,6,6814,4.61
8467967,2009,Chris Kelly,OTT,C,6,6753,2.68
8471217,2009,Andrew Ladd,CHI,L,19,14585,4.77
8464957,2009,J-P Dumont,NSH,R,6,5150,4.57
8475168,2009,Matt Duchene,COL,C,6,6958,0.86
8467304,2009,Andy Sutton,OTT,D,6,8291,-1.42
8467334,2009,Manny Malhotra,S.J,C,15,15227,6.76
8469472,2009,Shaone Morrisonn,WSH,D,5,4770,0.48
8459429,2009,Jason Arnott,NSH,C,6,6424,2.4
8469760,2009,Zbynek Michalek,ARI,D,7,8593,1.05
8460626,2009,Bryce Salvador,N.J,D,5,4818,0.33
8469473,2009,Marcel Goc,NSH,C,6,5800,0.11
8471794,2009,Darren Helm,DET,C,12,10036,1.54
8471717,2009,Adam McQuaid,BOS,D,9,5504,-1.63
8471498,2009,Jannik Hansen,VAN,R,12,7256,2.72
8470281,2009,Duncan Keith,CHI,D,22,37202,19.82
8459640,2009,Mike Grier,BUF,R,6,6686,2.06
8466393,2009,Pascal Dupuis,PIT,R,13,13146,12.58
8469500,2009,Michael Cammalleri,MTL,L,19,23569,15.01
8465166,2009,Craig Adams,PIT,R,13,8289,2.4
8465009,2009,Zdeno Chara,BOS,D,13,21942,9.2
8468789,2009,Jason Williams,DET,C,3,1477,0.39
8467393,2009,Jarkko Ruutu,OTT,L,6,6598,1.49
8467493,2009,Chris Neil,OTT,R,6,5108,2.1
8467881,2009,Taylor Pyatt,ARI,L,7,6037,1.18
8459547,2009,Scott Walker,WSH,R,1,407,0.4
8471733,2009,Rich Clune,L.A,L,4,1247,-0.28
8471436,2009,Matt Hunwick,BOS,D,13,17117,7.42
8471338,2009,Torrey Mitchell,S.J,C,15,11777,4.02
8473604,2009,Jonathan Toews,CHI,C,22,27686,31.09
8465122,2009,Brett Clark,COL,D,1,1075,-0.03
8468577,2009,Niclas Wallin,S.J,D,6,4062,-0.35
8473580,2009,Matthew Corrente,N.J,D,2,702,0.32
8471887,2009,Patric Hornqvist,NSH,R,2,1580,0.21
8470834,2009,Dustin Byfuglien,CHI,D,22,21470,18.66
8472394,2009,Peter Harrold,L.A,D,2,1435,-0.02
8471303,2009,Alexander Edler,VAN,D,12,16639,9.53
8470614,2009,Mark Stuart,BOS,D,4,3515,-0.13
8471218,2009,Blake Wheeler,BOS,R,13,11097,5.93
8471214,2009,Alex Ovechkin,WSH,L,7,9705,13.35
8471299,2009,Peter Regin,OTT,C,6,6514,3.67
8468508,2009,Justin Williams,L.A,R,3,2052,1.24
8451224,2009,Mathieu Schneider,ARI,D,3,2455,1.07
8470755,2009,Brad Richardson,L.A,R,6,5285,0.13
8474053,2009,Logan Couture,S.J,C,15,10248,7.95
8471279,2009,Sami Lepisto,ARI,D,7,6648,0.48
8471276,2009,David Krejci,BOS,C,9,10314,8.92
8464994,2009,Steve Begin,BOS,L,13,9327,-1.08
8460492,2009,Ed Jovanovski,ARI,D,7,8914,0.7
8469639,2009,Brooks Laich,WSH,C,7,8378,6.53
8471245,2009,Dave Bolland,CHI,C,22,24601,9.59
8465005,2009,Colin White,N.J,D,5,5682,0.47
8470171,2009,Max Talbot,PIT,C,13,11121,6.23
8466145,2009,Nick Boynton,CHI,D,3,1508,0.75
8467856,2009,Brian Rafalski,DET,D,12,17258,13.53
8469591,2009,Cody McCormick,BUF,C,3,1924,1.21
8474498,2009,Jesse Winchester,OTT,C,6,3470,1.52
8468700,2009,Paul Gaustad,BUF,C,6,6722,0.61
8459574,2009,Darcy Tucker,COL,R,6,4314,-0.68
8457063,2009,Nicklas Lidstrom,DET,D,12,18987,12.07
8467580,2009,Mark Eaton,PIT,D,13,16165,5.52
8470324,2009,Josh Gorges,MTL,D,19,25877,-1.58
8466216,2009,Adam Mair,BUF,C,6,4323,1.13
8467452,2009,Rob Scuderi,L.A,D,6,7437,-1.3
8471842,2009,Tim Kennedy,BUF,L,6,5191,2.33
8474037,2009,James van Riemsdyk,PHI,L,21,14994,8.76
8467346,2009,Simon Gagne,PHI,L,19,20042,10.52
8471450,2009,Brandon Yip,COL,R,6,6426,0.06
8470622,2009,Patrick Eaves,DET,R,8,5741,1.19
8471716,2009,Justin Abdelkader,DET,L,11,4955,2.18
8474190,2009,Wayne Simmonds,L.A,R,6,5167,3.29
8466149,2009,Daniel Cleary,DET,R,12,10644,3.77
8467878,2009,Tim Connolly,BUF,C,6,6416,0.96
8468509,2009,Niklas Kronwall,DET,D,12,16742,5.43
8471768,2009,Tom Pyatt,MTL,L,18,14090,3.08
8470672,2009,Ryan O'Byrne,MTL,D,13,9913,-1.97
8470854,2009,Tanner Glass,VAN,L,4,753,0
8471274,2009,Alex Goligoski,PIT,D,13,16048,13.95
8473546,2009,Michael Grabner,VAN,R,9,4915,3.18
8471311,2009,Tyler Kennedy,PIT,C,10,7173,3.34
8456464,2009,Bill Guerin,PIT,R,11,12068,10.98
8469465,2009,Dan Hamhuis,NSH,D,6,8069,-0.7
8467412,2009,Alexei Ponikarovsky,PIT,L,11,8721,6.65
8471310,2009,Dustin Boyd,NSH,C,4,1692,0.22
8467831,2009,Jeff Halpern,L.A,C,6,3674,-1.04
8465978,2009,Shawn Thornton,BOS,L,12,5139,-0.57
8470654,2009,Maxim Lapierre,MTL,C,19,14061,3.13
8473914,2009,Mark Letestu,PIT,C,4,2316,1.52
8469521,2009,Tomas Plekanec,MTL,C,19,22743,5.75
8471336,2009,David Laliberte,PHI,R,1,332,-0.34
8468085,2009,Radim Vrbata,ARI,R,7,6591,4.75
8467931,2009,Matt Carkner,OTT,D,6,6706,1.85
8474001,2009,TJ Galiardi,COL,L,6,7498,-0.25
8470839,2009,Shane O'Brien,VAN,D,12,12763,3.75
8470230,2009,Daniel Paille,BOS,L,13,12496,2.55
8470611,2009,Eric Fehr,WSH,C,7,4791,6.35
8467917,2009,Jordan Leopold,PIT,D,8,7928,3.2
8468500,2009,Alex Frolov,L.A,L,6,6051,2.33
8466371,2009,John Madden,CHI,C,22,15284,0.45
8469765,2009,Marc-Andre Bergeron,MTL,D,19,18744,4.2
8467875,2009,Daniel Sedin,VAN,L,12,14236,15.68
8474056,2009,P.K. Subban,MTL,D,14,17416,9.57
8470047,2009,Valtteri Filppula,DET,C,12,13369,11.41
8468846,2009,Tyler Sloan,WSH,D,2,1571,0.25
8468534,2009,Andreas Lilja,DET,D,11,7264,0.05
8469670,2009,Marek Svatos,COL,R,3,2391,1.3
8467370,2009,Mike Fisher,OTT,C,6,8303,2.09
8459122,2009,Stephane Yelle,COL,C,6,4037,-0.37
8462176,2009,Brent Sopel,CHI,D,22,24415,7.6
8474578,2009,Erik Karlsson,OTT,D,6,9310,4.8
8471234,2009,Wojtek Wolski,ARI,L,7,7314,5.5
8468485,2009,Raffi Torres,BUF,L,4,3098,1.86
8469506,2009,Jason Pominville,BUF,R,6,7304,5.13
8470662,2009,Colin Fraser,CHI,C,3,1511,-0.31
8450725,2009,Mark Recchi,BOS,R,13,15200,8.91
8469455,2009,Jason Spezza,OTT,C,6,8195,6.02
8445550,2009,Rob Blake,S.J,D,15,21002,5.45
8470603,2009,Andrei Kostitsyn,MTL,L,5,4994,4.48
8458590,2009,Mike Knuble,WSH,R,7,7489,7.76
8470724,2009,Kyle Quincey,COL,D,6,7957,0.35
8471229,2009,Petteri Nokelainen,ARI,C,5,2508,-1.07
8466139,2009,Patrick Marleau,S.J,L,14,18577,11.71
8468172,2009,Ruslan Fedotenko,PIT,L,6,4506,-0.66
8466138,2009,Joe Thornton,S.J,C,15,19196,10.05
8471233,2009,Travis Zajac,N.J,C,5,6528,3.15
8470329,2009,Chris Campoli,OTT,D,6,7126,2.4
8465059,2009,Matt Bradley,WSH,R,7,4451,3.77
8471284,2009,Andrej Sekera,BUF,D,6,5011,0.35
8473533,2009,Jordan Staal,PIT,C,11,12037,6.8
8470905,2009,Randy Jones,L.A,D,4,4247,-0.33
8462129,2009,Michal Handzus,L.A,C,6,7027,2.77
8462045,2009,Jay McKee,PIT,D,5,4481,1.2
8472370,2009,Jordan Hendry,CHI,D,15,7330,-0.9
8458536,2009,Dean McAmmond,N.J,C,5,3396,0.69
8462823,2009,Glen Metropolit,MTL,C,16,6448,1.17
8471664,2009,Mason Raymond,VAN,L,12,12672,5.92
8471669,2009,Paul Stastny,COL,C,6,7337,2.79
8467357,2009,Jonathan Cheechoo,OTT,R,1,433,0.1
8470599,2009,Milan Michalek,OTT,L,1,728,0.07
8470358,2009,Alexandre Burrows,VAN,L,12,13567,8.66
8459628,2009,Hal Gill,MTL,D,18,21500,-1.7
8459534,2009,Miroslav Satan,BOS,R,13,14444,13.81
8460621,2009,Daniel Alfredsson,OTT,R,6,8245,4.78
8467545,2009,Michael Ryder,BOS,R,13,12311,7.83
8468639,2009,John-Michael Liles,COL,D,6,6844,1.55
8474563,2009,Drew Doughty,L.A,D,6,9875,4.63
8465042,2009,Toni Lydman,BUF,D,6,9449,-0.2
8470543,2009,Chris Kunitz,PIT,L,13,13595,15.38
8468482,2009,Dany Heatley,S.J,L,14,17379,10.5
8470159,2009,Boyd Gordon,WSH,C,6,3969,2.87
8470640,2009,Matt Carle,PHI,D,23,35736,13.93
8471232,2009,Lauri Korpikoski,ARI,L,7,6831,-0.59
8468083,2009,Henrik Zetterberg,DET,L,12,14701,16.95
8459670,2009,Kimmo Timonen,PHI,D,23,36744,13.22
8466215,2009,Joe Corvo,WSH,D,7,7093,4.17
8474569,2009,Colin Wilson,NSH,L,6,4936,0.66
8467343,2009,Martin Skoula,N.J,D,4,3997,0.5
8459444,2009,Todd Bertuzzi,DET,R,12,12332,10.38
8471691,2009,Martin Hanzal,ARI,C,7,7965,3.87
8468695,2009,Matthew Lombardi,ARI,C,7,7393,6.53
8472368,2009,Chris Conner,PIT,R,1,663,0
8468611,2009,Matt Hendricks,COL,L,6,3550,-0.21
8471657,2009,Cody McLeod,COL,L,6,3976,-1.75
8473932,2009,Darroll Powe,PHI,C,23,17324,0.16
8462038,2009,Shane Doan,ARI,R,3,2405,1.36
8468501,2009,Anton Volchenkov,OTT,D,6,8101,-0.75
8458951,2009,Sergei Gonchar,PIT,D,13,20625,12.8
8471678,2009,Benoit Pouliot,MTL,L,18,12694,1.5
8470604,2009,Jeff Carter,PHI,C,12,12919,9.01
8473485,2009,Chris Stewart,COL,R,6,6479,1.8
8459648,2009,Pavol Demitra,VAN,R,11,9458,5.11
8468635,2009,Travis Moen,MTL,L,19,15096,1.62
8474218,2009,Jason Demers,S.J,D,15,10056,5.3
8468208,2009,Joel Ward,NSH,R,6,7166,3.41
8465951,2009,Matt Cooke,PIT,L,13,11838,6.67
8470778,2009,Drew Miller,DET,L,12,9059,1.93
8474574,2009,Tyler Myers,BUF,D,6,9325,1.4
8460542,2009,Patrik Elias,N.J,C,5,5605,3.88
8472355,2009,Rod Pelley,N.J,C,3,1655,0.14
8466158,2009,Scott Hannan,COL,D,6,8115,-0.27
8460496,2009,Ryan Smyth,L.A,L,6,6713,2.15
8470063,2009,Adam Burish,CHI,R,15,5019,1.25
8470666,2009,Daniel Carcillo,PHI,L,17,10746,2.83
8471240,2009,Jeff Schultz,WSH,D,7,8283,4.7
8473465,2009,Jamie McGinn,S.J,L,15,6979,2.19
8471675,2009,Sidney Crosby,PIT,C,13,18351,23.1
8466309,2009,Mike Mottau,N.J,D,5,5386,1.98
8471426,2009,Troy Brouwer,CHI,R,19,12567,6.41
8470268,2009,Denis Grebeshkov,NSH,D,2,1364,2.3
8471309,2009,Johan Franzen,DET,R,12,12648,17.45
8474551,2009,Ville Leino,PHI,L,19,18543,20.26
8468927,2009,Steve Montador,BUF,D,6,8604,0.5
8471682,2009,Devin Setoguchi,S.J,R,15,16576,14.65
8470617,2009,Mike Richards,PHI,C,23,30017,18.89
8470131,2009,Dwight Helminen,S.J,C,7,2528,0.88
8470740,2009,Lee Stempniak,ARI,R,7,6079,0.81
8465025,2009,Arron Asham,PHI,R,23,15505,10.49
8459457,2009,Jamie Langenbrunner,N.J,R,5,5592,1.71
8459450,2009,Shean Donovan,OTT,R,2,829,-0.15
8464956,2009,Chris Phillips,OTT,D,6,8980,-2.73
8467478,2009,Kent Huskins,S.J,D,15,11515,1.77
8459427,2009,Rob Niedermayer,N.J,C,5,3794,0.63
8456283,2009,Adam Foote,COL,D,6,7695,-2.4
8471346,2009,Kris Versteeg,CHI,R,22,22715,11.77
8470018,2009,Matt Ellis,BUF,L,3,1752,0.7
8469483,2009,David Steckel,WSH,C,3,1885,-0.05
8470072,2009,Petr Prucha,ARI,R,7,5676,3.52
8469770,2009,Dennis Wideman,BOS,D,13,20310,14.88
8464979,2009,Marco Sturm,BOS,L,7,5984,0.67
8471769,2009,Niklas Hjalmarsson,CHI,D,22,27741,8.03
8464977,2009,Dainius Zubrus,N.J,C,5,4925,3.16
8471804,2009,Nathan Gerbe,BUF,C,2,1755,2.28
8464966,2009,Derek Morris,ARI,D,7,8223,3.72
