playerId,season,name,team,position,games_played,icetime,gameScore
8473962,2010,Teddy Purcell,T.B,L,18,14801,15.73
8471702,2010,Matt Niskanen,PIT,D,7,5452,1.57
8471703,2010,Steve Downie,T.B,R,17,12849,12.62
8471707,2010,James Neal,PIT,R,7,7316,5.8
8473563,2010,Nicklas Backstrom,WSH,C,9,12590,7.65
8468498,2010,Brooks Orpik,PIT,D,7,10157,6.03
8471303,2010,Alexander Edler,VAN,D,24,35584,18.52
8465058,2010,Michal Rozsival,ARI,D,4,4776,0.07
8460562,2010,Chris Drury,NYR,C,5,3184,0.1
8474646,2010,Brandon McMillan,ANA,L,6,4731,1.39
8467334,2010,Manny Malhotra,VAN,C,5,3458,0.25
8470318,2010,Jonathan Ericsson,DET,D,11,12406,5
8468162,2010,Jerred Smithson,NSH,C,11,9343,3.19
8458637,2010,Sean O'Donnell,PHI,D,11,8396,1.75
8473604,2010,Jonathan Toews,CHI,C,7,9462,3.1
8473426,2010,Mike Weber,BUF,D,7,6660,0.6
8475764,2010,Cam Fowler,ANA,D,6,8002,2.95
8474134,2010,Yannick Weber,MTL,D,3,1579,1.63
8471284,2010,Andrej Sekera,BUF,D,2,1956,1.15
8467967,2010,Chris Kelly,BOS,C,24,22391,10.88
8472368,2010,Chris Conner,PIT,R,7,5197,2.92
8469555,2010,Christian Ehrhoff,VAN,D,22,29729,16.25
8471346,2010,Kris Versteeg,PHI,R,11,9910,6.18
8466378,2010,Martin St. Louis,T.B,R,18,22883,13.62
8470281,2010,Duncan Keith,CHI,D,7,11307,5.93
8470600,2010,Ryan Suter,NSH,D,12,20728,6.42
8459427,2010,Rob Niedermayer,BUF,C,7,5924,2.34
8475118,2010,Matt Gilroy,NYR,D,5,4701,1.92
8475690,2010,Christopher Tanev,VAN,D,4,3562,-0.6
8469485,2010,Derek Roy,BUF,C,1,1201,-0.1
8467370,2010,Mike Fisher,NSH,C,12,14923,6
8464979,2010,Marco Sturm,WSH,L,9,7905,4.04
8470775,2010,Nate Thompson,T.B,C,18,16875,2.03
8474164,2010,Jonathon Blum,NSH,D,12,13576,3.42
8467439,2010,Jaroslav Spacek,MTL,D,7,7438,-0.08
8473492,2010,Matt Beleskey,ANA,L,6,4049,0.15
8471717,2010,Adam McQuaid,BOS,D,22,17297,7.92
8466158,2010,Scott Hannan,WSH,D,9,12753,4.6
8459640,2010,Mike Grier,BUF,R,7,3985,0.14
8471709,2010,Marc-Edouard Vlasic,S.J,D,18,23496,6.1
8470622,2010,Patrick Eaves,DET,R,11,7533,5.56
8469992,2010,Sheldon Brookbank,ANA,D,4,3500,-0.25
8466144,2010,Paul Mara,MTL,D,1,791,-0.45
8466149,2010,Daniel Cleary,DET,R,11,11320,6.59
8473682,2010,Andrew Ebbett,ARI,C,3,1435,-0.17
8471386,2010,Scott Parse,L.A,L,2,1054,-0.9
8469591,2010,Cody McCormick,BUF,C,7,3438,0.63
8468700,2010,Paul Gaustad,BUF,C,7,8117,0.33
8473512,2010,Claude Giroux,PHI,C,11,14495,14.28
8467988,2010,Ryan Malone,T.B,L,18,16837,3.52
8471236,2010,Andrej Meszaros,PHI,D,11,17175,6.52
8470839,2010,Shane O'Brien,NSH,D,12,12090,-0.65
8471208,2010,Dustin Penner,L.A,R,6,5233,0.86
8468095,2010,George Parros,ANA,R,6,1481,0.12
8467346,2010,Simon Gagne,T.B,L,15,14283,10.6
8468518,2010,Tomas Kopecky,CHI,R,1,142,-0.12
8474027,2010,Justin Braun,S.J,D,1,932,0.53
8470619,2010,Brian Boyle,NYR,C,5,6452,1.42
8470598,2010,Thomas Vanek,BUF,L,7,7212,3.69
8470054,2010,Keith Ballard,VAN,D,10,8544,0.25
8471678,2010,Benoit Pouliot,MTL,L,3,1116,-0.1
8469765,2010,Marc-Andre Bergeron,T.B,D,14,10905,7.55
8474056,2010,P.K. Subban,MTL,D,7,11995,3.15
8474094,2010,Matt Halischuk,NSH,R,12,8461,2.64
8474009,2010,Nick Bonino,ANA,C,4,2787,-0.72
8467412,2010,Alexei Ponikarovsky,L.A,L,4,2442,1.19
8468483,2010,Marian Gaborik,NYR,R,5,7178,2.4
8471242,2010,Mike Green,WSH,D,8,10300,6.72
8465166,2010,Craig Adams,PIT,R,7,5508,2.22
8470171,2010,Max Talbot,PIT,C,7,7092,4.66
8465210,2010,Pavel Kubina,T.B,D,8,7341,0.93
8471958,2010,Dan Girardi,NYR,D,5,8105,0
8465185,2010,Willie Mitchell,L.A,D,6,8747,1.7
8465978,2010,Shawn Thornton,BOS,L,17,6839,0.86
8471254,2010,Bryan Bickell,CHI,L,5,3925,3.34
8459492,2010,Vinny Prospal,NYR,L,5,5850,1.66
8474068,2010,Kyle Turris,ARI,C,4,3319,3.04
8471735,2010,Keith Yandle,ARI,D,4,6202,3.82
8469521,2010,Tomas Plekanec,MTL,C,7,9800,3.94
8474727,2010,Ben Smith,CHI,R,7,6233,2.23
8467856,2010,Brian Rafalski,DET,D,11,13900,6.48
8471887,2010,Patric Hornqvist,NSH,R,12,10992,6.66
8471686,2010,Marc Staal,NYR,D,5,8407,-0.47
8469759,2010,Vernon Fiddler,ARI,C,4,2388,0.07
8475151,2010,Kyle Palmieri,ANA,R,1,607,-0.28
8474037,2010,James van Riemsdyk,PHI,L,11,12795,13.25
8470612,2010,Ryan Getzlaf,ANA,C,6,8649,4.89
8471752,2010,Marc-Andre Gragnani,BUF,D,7,9196,6.07
8471668,2010,Mattias Ritola,T.B,C,1,143,-0.05
8464957,2010,J-P Dumont,NSH,R,3,1225,0.25
8467917,2010,Jordan Leopold,BUF,D,5,6286,0.12
8470273,2010,Ian White,S.J,D,17,20479,12.2
8468504,2010,Brad Boyes,BUF,R,7,6043,1.46
8470606,2010,Dustin Brown,L.A,R,6,7202,1.45
8470607,2010,Brent Seabrook,CHI,D,5,6888,1.02
8459628,2010,Hal Gill,MTL,D,7,9813,-0.85
8467876,2010,Henrik Sedin,VAN,C,24,30264,23.86
8460743,2010,Tomas Holmstrom,DET,L,11,9537,8.97
8473722,2010,John Scott,CHI,L,4,1590,0.05
8474563,2010,Drew Doughty,L.A,D,6,9773,3.79
8474569,2010,Colin Wilson,NSH,L,3,2091,-0.39
8471976,2010,David Desharnais,MTL,C,5,3319,1.69
8470996,2010,Danny Syvret,PHI,D,10,4094,0.55
8471311,2010,Tyler Kennedy,PIT,C,7,7369,7.45
8471714,2010,Michael Sauer,NYR,D,5,6981,0.35
8471498,2010,Jannik Hansen,VAN,R,24,22804,13.61
8473914,2010,Mark Letestu,PIT,C,7,6508,4.12
8471314,2010,Mike Lundin,T.B,D,18,15849,2.4
8467400,2010,Francois Beauchemin,ANA,D,6,8475,1.55
8467407,2010,Brian Gionta,MTL,R,7,9489,5.38
8473568,2010,Andreas Nodl,PHI,R,2,890,0.18
8475160,2010,Kyle Clifford,L.A,L,6,4787,2.38
8466139,2010,Patrick Marleau,S.J,L,18,24141,15.12
8470120,2010,Alexander Semin,WSH,R,9,10048,7.8
8467878,2010,Tim Connolly,BUF,C,6,6866,2.15
8470905,2010,Randy Jones,T.B,D,5,2092,0.33
8473908,2010,Kevin Westgarth,L.A,R,6,2252,1.23
8471742,2010,Cody Franson,NSH,D,12,11031,7.35
8470616,2010,Ryan Kesler,VAN,C,24,32745,23.8
8468508,2010,Justin Williams,L.A,R,6,6027,4
8468509,2010,Niklas Kronwall,DET,D,11,15225,8.07
8474190,2010,Wayne Simmonds,L.A,R,6,5307,1.83
8470601,2010,Braydon Coburn,PHI,D,11,15923,5.63
8468635,2010,Travis Moen,MTL,L,7,6957,0.45
8474053,2010,Logan Couture,S.J,C,18,20938,16.88
8471761,2010,Chris Butler,BUF,D,7,9659,-1.2
8468575,2010,Dominic Moore,T.B,C,18,19197,9.18
8474574,2010,Tyler Myers,BUF,D,7,10024,2.57
8474551,2010,Ville Leino,PHI,L,11,11072,4.35
8466393,2010,Pascal Dupuis,PIT,R,7,6975,2.5
8465009,2010,Zdeno Chara,BOS,D,23,38191,15.02
8471956,2010,Andrew Desjardins,S.J,L,3,1225,1.72
8470620,2010,Jeff Tambellini,VAN,L,5,1772,-0.68
8470713,2010,Paul Bissonnette,ARI,L,1,245,0.07
8469598,2010,Kevin Bieksa,VAN,D,24,36803,14.73
8465200,2010,Tomas Kaberle,BOS,D,24,23491,12.88
8474095,2010,Dana Tyrell,T.B,C,7,3112,-1.58
8466333,2010,Andrew Ference,BOS,D,24,29526,11.35
8459462,2010,Bryan McCabe,NYR,D,5,5765,1.55
8470159,2010,Boyd Gordon,WSH,C,9,6968,1.55
8470121,2010,Matt Greene,L.A,D,6,6026,-0.9
8468083,2010,Henrik Zetterberg,DET,L,7,9236,9.94
8467336,2010,Mike Rupp,PIT,L,7,3835,3.85
8465059,2010,Matt Bradley,WSH,R,9,4755,-0.1
8474736,2010,Zac Rinaldo,PHI,C,2,346,-0.25
8460503,2010,Mattias Ohlund,T.B,D,18,21823,-1.68
8467875,2010,Daniel Sedin,VAN,L,24,29114,29.4
8458529,2010,Alex Kovalev,PIT,R,7,6737,4.3
8465042,2010,Toni Lydman,ANA,D,6,7254,0.07
8470230,2010,Daniel Paille,BOS,L,24,12410,5.11
8474025,2010,Eric Tangradi,PIT,L,1,912,0.3
8467351,2010,Scott Gomez,MTL,C,7,8277,3.5
8459587,2010,Todd Marchant,ANA,C,6,5175,0.29
8458537,2010,Ray Whitney,ARI,L,4,4659,3.54
8467365,2010,John Erskine,WSH,D,9,7257,4.7
8467361,2010,Blair Betts,PHI,C,11,7821,-0.59
8459424,2010,Chris Pronger,PHI,D,3,2505,0.65
8475692,2010,Mats Zuccarello,NYR,R,1,454,-0.13
8471268,2010,Victor Oreskovich,VAN,R,18,6896,-1.47
8467545,2010,Michael Ryder,BOS,R,24,21077,16.82
8471768,2010,Tom Pyatt,MTL,L,7,4163,-0.97
8468208,2010,Joel Ward,NSH,R,12,14654,12.37
8467330,2010,David Legwand,NSH,C,12,15868,8.54
8464975,2010,Daniel Briere,PHI,C,11,13165,9.45
8468526,2010,Jarret Stoll,L.A,C,5,5621,2.67
8471716,2010,Justin Abdelkader,DET,L,11,8881,-0.24
8468485,2010,Raffi Torres,VAN,L,22,15611,4.53
8470274,2010,Chris Higgins,VAN,L,24,24640,11.83
8469500,2010,Michael Cammalleri,MTL,L,7,9908,6.96
8471240,2010,Jeff Schultz,WSH,D,9,11212,1.52
8460661,2010,Shane Hnidy,BOS,D,3,568,-0.3
8466142,2010,Eric Brewer,T.B,D,18,27662,0.25
8467331,2010,Brad Stuart,DET,D,11,14229,5.55
8471388,2010,Patrick Kaleta,BUF,R,6,3952,2.25
8469622,2010,Ryane Clowe,S.J,L,17,19842,11.81
8470719,2010,Alexandre Bolduc,VAN,C,3,656,-0.45
8471682,2010,Devin Setoguchi,S.J,R,18,18834,12.67
8475167,2010,Victor Hedman,T.B,D,18,24052,6.05
8458590,2010,Mike Knuble,WSH,R,6,7625,3.38
8473608,2010,Blake Geoffrion,NSH,C,12,5485,2.69
8465122,2010,Brett Clark,T.B,D,18,19006,3.62
8468577,2010,Niclas Wallin,S.J,D,18,17915,7.2
8474141,2010,Patrick Kane,CHI,R,7,9173,5.4
8470638,2010,Patrice Bergeron,BOS,C,22,24762,19.95
8469547,2010,Jordin Tootoo,NSH,R,12,9679,7.79
8471283,2010,Brandon Prust,NYR,L,5,4921,1.88
8459444,2010,Todd Bertuzzi,DET,R,11,9050,5.78
8468598,2010,Lubomir Visnovsky,ANA,D,6,7691,2.92
8473932,2010,Darroll Powe,PHI,C,11,8040,0.28
8467478,2010,Kent Huskins,S.J,D,5,5644,0.7
8470604,2010,Jeff Carter,PHI,C,6,5490,3.17
8471338,2010,Torrey Mitchell,S.J,C,18,16240,6.92
8471769,2010,Niklas Hjalmarsson,CHI,D,7,7949,1.33
8474590,2010,John Carlson,WSH,D,9,13172,6.47
8475105,2010,Dan Sexton,ANA,R,1,527,0
8473913,2010,Sean Collins,WSH,D,1,370,-0.25
8475181,2010,Nick Leddy,CHI,D,7,6133,0.9
8470169,2010,Gregory Campbell,BOS,C,24,15628,0.44
8474570,2010,Cody Hodgson,VAN,C,12,4870,1.27
8473537,2010,Viktor Stalberg,CHI,L,7,5163,0.79
8471232,2010,Lauri Korpikoski,ARI,L,4,3973,-1.19
8460496,2010,Ryan Smyth,L.A,L,6,6603,5.74
8459442,2010,Saku Koivu,ANA,C,6,6595,4.21
8468486,2010,Scott Hartnell,PHI,L,11,10766,3.73
8469639,2010,Brooks Laich,WSH,C,9,11832,7.75
8469506,2010,Jason Pominville,BUF,R,5,4757,3.65
8467831,2010,Jeff Halpern,MTL,C,4,4264,1.71
8475794,2010,Tyler Seguin,BOS,C,12,7589,7.95
8466148,2010,Marian Hossa,CHI,R,7,7810,5.13
8467393,2010,Jarkko Ruutu,ANA,L,3,994,-0.66
8470654,2010,Maxim Lapierre,VAN,C,24,19627,4.65
8467881,2010,Taylor Pyatt,ARI,L,4,3584,1.06
8473473,2010,Milan Lucic,BOS,L,24,25926,18.14
8474096,2010,Nick Spaling,NSH,C,12,11038,5.7
8467304,2010,Andy Sutton,ANA,D,1,498,-0.15
8474151,2010,Ryan McDonagh,NYR,D,5,6846,0.05
8459687,2010,Scott Nichol,S.J,C,15,5743,-2.31
8471724,2010,Kris Letang,PIT,D,7,11149,8.4
8473991,2010,Karl Alzner,WSH,D,9,12282,3.7
8469544,2010,Patrick Sharp,CHI,L,7,7945,6.29
8470621,2010,Corey Perry,ANA,R,6,9091,6.5
8467452,2010,Rob Scuderi,L.A,D,6,7495,-0.57
8471664,2010,Mason Raymond,VAN,L,24,25190,12.77
8468611,2010,Matt Hendricks,WSH,L,7,3840,0.08
8470187,2010,Johnny Boychuk,BOS,D,24,29727,11.47
8473933,2010,Ben Lovejoy,PIT,D,7,4580,3.3
8474613,2010,Derek Stepan,NYR,C,5,6149,-1.56
8457981,2010,Teemu Selanne,ANA,R,6,6830,5.71
8469472,2010,Shaone Morrisonn,BUF,D,1,802,-0.35
8473419,2010,Brad Marchand,BOS,L,24,24073,19.07
8470854,2010,Tanner Glass,VAN,L,19,8472,-3.05
8468085,2010,Radim Vrbata,ARI,R,4,4781,3.51
8462077,2010,Jochen Hecht,BUF,C,1,922,1.4
8469465,2010,Dan Hamhuis,VAN,D,19,28310,9.9
8466251,2010,Jason Chimera,WSH,L,9,6957,3.74
8473465,2010,Jamie McGinn,S.J,L,7,2754,1.21
8471245,2010,Dave Bolland,CHI,C,4,4794,4.39
8470794,2010,Joe Pavelski,S.J,C,18,22830,12.68
8468224,2010,Sean Avery,NYR,L,4,2969,1.39
8446485,2010,Kris Draper,DET,C,8,4478,1.92
8471309,2010,Johan Franzen,DET,R,8,7578,5.64
8468463,2010,Mathieu Darche,MTL,L,7,6599,1.85
8467925,2010,Adam Hall,T.B,R,18,15000,-0.94
8473600,2010,Benn Ferriero,S.J,R,8,3313,-0.05
8471234,2010,Wojtek Wolski,NYR,L,5,3681,2.9
8475149,2010,Marcus Johansson,WSH,L,9,9922,5.63
8470329,2010,Chris Campoli,CHI,D,7,7955,0.85
8470630,2010,Kevin Klein,NSH,D,12,14571,4.13
8459053,2010,Adrian Aucoin,ARI,D,4,4630,-1.42
8471514,2010,Rich Peverley,BOS,C,24,23265,10.34
8459514,2010,Jamal Mayers,S.J,R,12,4055,-0.27
8470740,2010,Lee Stempniak,ARI,R,4,2934,0.53
8470299,2010,Erik Christensen,NYR,C,5,3922,0.93
8465025,2010,Arron Asham,PIT,R,7,4206,4.39
8471859,2010,Sergei Kostitsyn,NSH,L,12,13215,4.74
8467514,2010,Pavel Datsyuk,DET,C,11,13961,18.2
8470617,2010,Mike Richards,PHI,C,11,12752,8.64
8470755,2010,Brad Richardson,L.A,R,6,5623,3.54
8468484,2010,Rostislav Klesla,ARI,D,4,4252,0.17
8470358,2010,Alexandre Burrows,VAN,L,24,29759,22.65
8469619,2010,Dennis Seidenberg,BOS,D,24,39718,14.15
8469760,2010,Zbynek Michalek,PIT,D,7,11486,4.58
8470047,2010,Valtteri Filppula,DET,C,11,11741,9.19
8471273,2010,Brandon Dubinsky,NYR,C,5,7482,0.98
8462176,2010,Brent Sopel,MTL,D,7,6240,-0.1
8450725,2010,Mark Recchi,BOS,R,24,23370,12.69
8460492,2010,Ed Jovanovski,ARI,D,4,3696,0.18
8475323,2010,Marcus Kruger,CHI,C,5,3555,1.14
8471419,2010,Mark Mancari,BUF,R,1,590,0.13
8470666,2010,Daniel Carcillo,PHI,L,11,5556,2.95
8471426,2010,Troy Brouwer,CHI,R,7,6056,0.62
8469626,2010,Andrew Alberts,VAN,D,8,6181,0.3
8473673,2010,David Schlemko,ARI,D,4,3818,0.7
8460719,2010,Steve Sullivan,NSH,L,9,5069,2.67
8449645,2010,Mike Modano,DET,C,2,1226,1.85
8468542,2010,Paul Martin,PIT,D,7,10380,4.8
8471226,2010,Drew Stafford,BUF,R,7,8407,4.56
8474166,2010,Alec Martinez,L.A,D,6,4858,0.93
8466138,2010,Joe Thornton,S.J,C,18,24035,17.37
8470310,2010,Aaron Rome,VAN,D,14,10942,1.75
8470640,2010,Matt Carle,PHI,D,11,15445,3.42
8466285,2010,Brian Campbell,CHI,D,7,11106,1.82
8468172,2010,Ruslan Fedotenko,NYR,L,5,6279,-0.06
8473453,2010,Trevor Lewis,L.A,C,6,5995,2.36
8459670,2010,Kimmo Timonen,PHI,D,11,16429,8.52
8457063,2010,Nicklas Lidstrom,DET,D,11,14399,10.7
8474579,2010,Luca Sbisa,ANA,D,6,5939,-1
8458938,2010,Roman Hamrlik,MTL,D,7,9800,1.2
8468927,2010,Steve Montador,BUF,D,6,5674,0.03
8467463,2010,Mikael Samuelsson,VAN,R,11,10851,4.24
8471352,2010,Jake Dowell,CHI,C,2,1006,0.23
8471691,2010,Martin Hanzal,ARI,C,4,4761,2.06
8462129,2010,Michal Handzus,L.A,C,6,7326,-0.15
8462535,2010,Jody Shelley,PHI,L,2,476,0.07
8468114,2010,Douglas Murray,S.J,D,18,21077,2.77
8470611,2010,Eric Fehr,WSH,C,5,4044,3.05
8470596,2010,Nathan Horton,BOS,R,21,21298,21.34
8462038,2010,Shane Doan,ARI,R,4,5211,4.42
8470222,2010,James Wisniewski,MTL,D,6,8060,1.98
8471676,2010,Bobby Ryan,ANA,R,4,4919,4.27
8470603,2010,Andrei Kostitsyn,MTL,L,6,6596,1.12
8474589,2010,Tyler Ennis,BUF,L,7,6989,3.98
8471767,2010,Blair Jones,T.B,C,7,2689,0.53
8459429,2010,Jason Arnott,WSH,C,9,8664,5.66
8474114,2010,Oscar Moller,L.A,R,1,637,0.32
8474564,2010,Steven Stamkos,T.B,C,18,21309,10.73
8468534,2010,Andreas Lilja,ANA,D,3,1988,-0.55
8470201,2010,Jiri Hudler,DET,R,10,7179,3.34
8460527,2010,Ryan Johnson,CHI,C,6,3574,0.14
8470778,2010,Drew Miller,DET,L,9,5559,3
8471276,2010,David Krejci,BOS,C,24,29065,26.28
8471804,2010,Nathan Gerbe,BUF,C,7,5605,2.82
8468482,2010,Dany Heatley,S.J,L,18,20457,9.61
8464962,2010,Ruslan Salei,DET,D,11,11001,4.88
8469581,2010,Kyle Wellwood,S.J,C,18,14926,10.2
8473466,2010,Ryan White,MTL,C,7,2766,-0.11
8471794,2010,Darren Helm,DET,C,11,8898,7.3
8467096,2010,Dan Boyle,S.J,D,18,28272,15.58
8473564,2010,Michael Frolik,CHI,R,7,7337,3.45
8465170,2010,Fernando Pisani,CHI,R,3,1424,-0.34
8470018,2010,Matt Ellis,BUF,L,1,692,-0.11
8465202,2010,Sami Salo,VAN,D,20,23131,7.03
8467329,2010,Vincent Lecavalier,T.B,C,18,21450,13.89
8470642,2010,Shea Weber,NSH,D,12,20099,7.4
8465050,2010,Eric Belanger,ARI,C,4,3828,-0.61
8474189,2010,Lars Eller,MTL,C,7,5494,1.55
8467844,2010,Jason Blake,ANA,L,6,4954,4.03
8473533,2010,Jordan Staal,PIT,C,7,9017,6.26
8468515,2010,Brad Winchester,ANA,L,3,973,0.56
8468064,2010,Martin Erat,NSH,R,10,11512,4
8471214,2010,Alex Ovechkin,WSH,L,9,12693,12.73
8470597,2010,Nikolay Zherdev,PHI,R,8,5729,5.67
8470280,2010,Ben Eager,S.J,L,10,2930,-0.27
8471677,2010,Jack Johnson,L.A,D,6,8212,3
8474218,2010,Jason Demers,S.J,D,13,15554,5.1
8474571,2010,Mikkel Boedker,ARI,L,4,2153,0.13
8470543,2010,Chris Kunitz,PIT,L,6,6257,4.25
8473573,2010,Artem Anisimov,NYR,C,5,4551,1.79
8470176,2010,Sean Bergenheim,T.B,L,16,13597,12.44
