playerId,season,name,team,position,games_played,icetime,gameScore
8474625,2011,Jimmy Hayes,CHI,R,2,1216,1.31
8471816,2011,Mark Fayne,N.J,D,24,29257,8.9
8471707,2011,James Neal,PIT,R,5,5948,9.15
8471709,2011,Marc-Edouard Vlasic,S.J,D,5,6265,-0.1
8465978,2011,Shawn Thornton,BOS,L,5,2251,0.91
8471426,2011,Troy Brouwer,WSH,R,14,15969,1.44
8474141,2011,Patrick Kane,CHI,R,6,7909,6.64
8468498,2011,Brooks Orpik,PIT,D,6,8019,0.98
8473565,2011,Brian Strait,PIT,D,3,1725,1.05
8469598,2011,Kevin Bieksa,VAN,D,5,7431,4.33
8470729,2011,Tyson Strachan,FLA,D,2,1620,0.65
8471702,2011,Matt Niskanen,PIT,D,4,4445,4.7
8459461,2011,Brendan Morrison,CHI,C,3,2175,2.4
8468083,2011,Henrik Zetterberg,DET,L,5,6926,4.46
8473991,2011,Karl Alzner,WSH,D,14,20903,0.28
8473563,2011,Nicklas Backstrom,WSH,C,13,16786,8.57
8475323,2011,Marcus Kruger,CHI,C,6,6407,2.33
8474027,2011,Justin Braun,S.J,D,5,5373,1.97
8474100,2011,Dwight King,L.A,L,20,15470,8.83
8466285,2011,Brian Campbell,FLA,D,7,11761,3.58
8471862,2011,Colin Greening,OTT,C,7,5873,3.77
8471678,2011,Benoit Pouliot,BOS,L,7,5319,3.49
8471483,2011,Kyle Wilson,NSH,C,3,2676,1.8
8476438,2011,Brandon Saad,CHI,L,2,1482,1.45
8475160,2011,Kyle Clifford,L.A,L,3,902,0.3
8459429,2011,Jason Arnott,STL,C,7,4571,0.94
8469470,2011,Carlo Colaiacovo,STL,D,7,7522,3.8
8471392,2011,Roman Polak,STL,D,9,11168,-0.9
8465951,2011,Matt Cooke,PIT,L,6,5840,3.63
8465005,2011,Colin White,S.J,D,3,2476,1.37
8460542,2011,Patrik Elias,N.J,C,24,26645,13.8
8471232,2011,Lauri Korpikoski,ARI,L,11,12056,-4.63
8474892,2011,Eric Wellwood,PHI,L,11,7721,-1.3
8475176,2011,Ryan Ellis,NSH,D,3,1241,0.65
8471956,2011,Andrew Desjardins,S.J,L,5,3461,1.45
8466309,2011,Mike Mottau,BOS,D,2,1229,-0.2
8469454,2011,Ilya Kovalchuk,N.J,R,23,31380,18.83
8473682,2011,Andrew Ebbett,VAN,C,1,621,0.07
8474772,2011,Stu Bickel,NYR,D,18,5575,0.2
8459514,2011,Jamal Mayers,CHI,R,3,1574,-0.93
8471279,2011,Sami Lepisto,CHI,D,3,1200,0.28
8468700,2011,Paul Gaustad,NSH,C,10,6957,1.67
8459444,2011,Todd Bertuzzi,DET,R,5,3695,-0.06
8473485,2011,Chris Stewart,STL,R,7,4531,1.92
8466149,2011,Daniel Cleary,DET,R,5,4553,1.21
8467336,2011,Mike Rupp,NYR,L,20,7465,0.75
8465058,2011,Michal Rozsival,ARI,D,15,19627,-2.42
8471686,2011,Marc Staal,NYR,D,20,30358,5.75
8459596,2011,Andrew Brunette,CHI,L,6,4815,1.97
8459457,2011,Jamie Langenbrunner,STL,R,9,5155,1.5
8470617,2011,Mike Richards,L.A,C,20,23415,12.66
8471743,2011,Vladimir Sobotka,STL,L,9,7098,0.83
8468478,2011,Mike Weaver,FLA,D,7,9385,0.7
8474102,2011,David Perron,STL,L,9,9233,2.88
8470750,2011,John Mitchell,NYR,C,18,7642,3.17
8473933,2011,Ben Lovejoy,PIT,D,2,1265,0.1
8471346,2011,Kris Versteeg,FLA,R,7,8641,2.58
8458951,2011,Sergei Gonchar,OTT,D,7,10327,4.95
8471208,2011,Dustin Penner,L.A,R,20,15875,8.62
8470603,2011,Andrei Kostitsyn,NSH,L,8,7442,4.04
8475118,2011,Matt Gilroy,OTT,D,3,2326,1.45
8470358,2011,Alexandre Burrows,VAN,L,5,5650,4.67
8460626,2011,Bryce Salvador,N.J,D,24,32268,12.2
8470755,2011,Brad Richardson,L.A,R,13,6695,3.46
8468434,2011,Andy McDonald,STL,L,9,10999,9.74
8474218,2011,Jason Demers,S.J,D,3,2783,0.2
8475184,2011,Chris Kreider,NYR,L,18,14204,9.23
8467346,2011,Simon Gagne,L.A,L,4,1934,0.57
8470543,2011,Chris Kunitz,PIT,L,6,6859,7.44
8468483,2011,Marian Gaborik,NYR,R,20,23918,13.95
8467899,2011,Martin Havlat,S.J,R,5,5705,2.67
8470794,2011,Joe Pavelski,S.J,C,5,6300,1.67
8471794,2011,Darren Helm,DET,C,1,188,-0.04
8466333,2011,Andrew Ference,BOS,D,7,9055,4.6
8474520,2011,Jason Garrison,FLA,D,4,6045,2.95
8471724,2011,Kris Letang,PIT,D,6,8285,6.72
8468085,2011,Radim Vrbata,ARI,R,16,16632,3.21
8474736,2011,Zac Rinaldo,PHI,C,5,1707,-2.15
8468162,2011,Jerred Smithson,FLA,C,5,3321,-0.04
8471514,2011,Rich Peverley,BOS,C,7,8906,5.84
8470201,2011,Jiri Hudler,DET,R,5,5064,3.15
8470230,2011,Daniel Paille,BOS,L,7,4050,1.36
8471691,2011,Martin Hanzal,ARI,C,12,11941,3.89
8476457,2011,Adam Larsson,N.J,D,5,4926,3.02
8470615,2011,Marc-Antoine Pouliot,ARI,C,8,3418,3.2
8470613,2011,Brent Burns,S.J,D,5,7534,2.93
8470105,2011,Scottie Upshall,FLA,R,7,5614,2.37
8471215,2011,Evgeni Malkin,PIT,C,6,8010,10.05
8471675,2011,Sidney Crosby,PIT,C,6,7421,8.25
8470609,2011,Steve Bernier,N.J,R,24,14904,4.89
8471769,2011,Niklas Hjalmarsson,CHI,D,6,6538,1.27
8473419,2011,Brad Marchand,BOS,L,7,7591,5.27
8470169,2011,Gregory Campbell,BOS,C,7,4559,1.72
8474519,2011,Jack Hillen,NSH,D,2,947,-0.12
8470700,2011,Byron Bitz,VAN,R,1,171,-0.5
8465166,2011,Craig Adams,PIT,R,5,2596,-0.96
8475170,2011,Brayden Schenn,PHI,C,11,9419,4.58
8467096,2011,Dan Boyle,S.J,D,5,8514,2.43
8469623,2011,Marek Zidlicky,N.J,D,24,34247,12.28
8467967,2011,Chris Kelly,BOS,C,7,6753,4.08
8460719,2011,Steve Sullivan,PIT,L,6,5388,5.93
8475225,2011,Craig Smith,NSH,R,2,1009,1.13
8471338,2011,Torrey Mitchell,S.J,C,5,3910,0.47
8468575,2011,Dominic Moore,S.J,C,3,2723,0.53
8468674,2011,Deryk Engelland,PIT,D,6,4139,1.57
8471680,2011,Gilbert Brule,ARI,C,12,5700,3.72
8470039,2011,Tomas Fleischmann,FLA,L,7,7870,0.43
8458525,2011,Brian Rolston,BOS,R,7,6225,4.71
8473537,2011,Viktor Stalberg,CHI,L,6,5363,4.49
8458537,2011,Ray Whitney,ARI,L,16,18366,5.35
8471664,2011,Mason Raymond,VAN,L,5,3770,2.53
8471214,2011,Alex Ovechkin,WSH,L,14,16676,5.26
8462038,2011,Shane Doan,ARI,R,16,19953,8.35
8474613,2011,Derek Stepan,NYR,C,20,22935,10.27
8468508,2011,Justin Williams,L.A,R,20,22080,20.13
8470607,2011,Brent Seabrook,CHI,D,6,10808,7.5
8467370,2011,Mike Fisher,NSH,C,10,12435,2.19
8470047,2011,Valtteri Filppula,DET,C,5,5801,2.95
8469779,2011,Keith Aucoin,WSH,C,14,8697,0.82
8474590,2011,John Carlson,WSH,D,14,20190,5.03
8459670,2011,Kimmo Timonen,PHI,D,11,13326,2.33
8474161,2011,Jakub Voracek,PHI,R,11,10533,7.12
8460541,2011,Richard Park,PIT,R,2,1361,0.04
8466393,2011,Pascal Dupuis,PIT,R,6,6170,5.67
8468486,2011,Scott Hartnell,PHI,L,11,11535,7.29
8471311,2011,Tyler Kennedy,PIT,C,6,5174,6.32
8475174,2011,Jared Cowen,OTT,D,7,7151,2.75
8470171,2011,Max Talbot,PHI,C,11,11237,2.88
8475790,2011,Erik Gudbranson,FLA,D,7,7186,-1.02
8475650,2011,Brandon Bollig,CHI,L,4,1444,0.5
8466182,2011,Henrik Tallinder,N.J,D,3,3467,0.38
8469622,2011,Ryane Clowe,S.J,L,5,5823,2.09
8465025,2011,Arron Asham,PIT,R,3,717,-0.77
8474498,2011,Jesse Winchester,OTT,C,4,2611,0.91
8466139,2011,Patrick Marleau,S.J,L,5,6107,0.79
8474166,2011,Alec Martinez,L.A,D,20,17368,7.95
8473512,2011,Claude Giroux,PHI,C,10,13625,14.89
8459687,2011,Scott Nichol,STL,C,9,6197,0.33
8468172,2011,Ruslan Fedotenko,NYR,L,20,18346,4.69
8470920,2011,David Clarkson,N.J,R,24,21402,16.02
8467330,2011,David Legwand,NSH,C,10,11198,8.38
8473618,2011,Mathieu Perreault,WSH,C,4,2570,-0.32
8474250,2011,Zack Smith,OTT,C,7,5611,2.63
8470610,2011,Zach Parise,N.J,L,24,30061,19.36
8476381,2011,Andrew Shaw,CHI,C,3,2505,0.95
8458637,2011,Sean O'Donnell,CHI,D,2,1237,-0.7
8471450,2011,Brandon Yip,NSH,R,10,5371,1.01
8471873,2011,Anton Stralman,NYR,D,20,20310,7.3
8474628,2011,Michael Stone,ARI,D,2,1357,-0.65
8471851,2011,Matt D'Agostini,STL,R,4,2943,1.32
8468611,2011,Matt Hendricks,WSH,L,14,13513,0.94
8470054,2011,Keith Ballard,VAN,D,4,3519,1.25
8471303,2011,Alexander Edler,VAN,D,5,7285,3.45
8474190,2011,Wayne Simmonds,PHI,R,11,9812,1.74
8469619,2011,Dennis Seidenberg,BOS,D,7,11220,7.83
8467463,2011,Mikael Samuelsson,FLA,R,7,6760,4.51
8468208,2011,Joel Ward,WSH,R,14,9192,4.88
8464979,2011,Marco Sturm,FLA,L,7,4851,-0.05
8471273,2011,Brandon Dubinsky,NYR,C,9,7802,1.66
8470662,2011,Colin Fraser,L.A,C,18,9260,3.53
8473453,2011,Trevor Lewis,L.A,C,20,17884,9.93
8473574,2011,Shawn Matthias,FLA,L,7,4675,0.6
8460492,2011,Ed Jovanovski,FLA,D,7,7433,-0.48
8474681,2011,Andrei Loktionov,L.A,C,2,497,0.2
8475179,2011,Dmitry Kulikov,FLA,D,7,8932,0.37
8471245,2011,Dave Bolland,CHI,C,6,7017,5.61
8469455,2011,Jason Spezza,OTT,C,7,8812,7.27
8471254,2011,Bryan Bickell,CHI,L,6,6034,4.85
8467881,2011,Taylor Pyatt,ARI,L,16,15015,1.71
8473473,2011,Milan Lucic,BOS,L,7,8518,4.4
8474096,2011,Nick Spaling,NSH,C,10,9494,1.85
8471636,2011,Tim Sestito,N.J,L,1,411,-0.2
8470159,2011,Boyd Gordon,ARI,C,16,17106,-1.1
8470318,2011,Jonathan Ericsson,DET,D,5,5947,0.72
8473604,2011,Jonathan Toews,CHI,C,6,8024,7.09
8470310,2011,Aaron Rome,VAN,D,1,762,0.1
8471309,2011,Johan Franzen,DET,R,5,4835,1.8
8470640,2011,Matt Carle,PHI,D,11,16712,4.33
8471234,2011,Wojtek Wolski,FLA,L,2,1249,-0.26
8474631,2011,Marc-Andre Bourdon,PHI,D,1,674,0
8471236,2011,Andrej Meszaros,PHI,D,1,1166,0.15
8470638,2011,Patrice Bergeron,BOS,C,7,8248,4.43
8467452,2011,Rob Scuderi,L.A,D,20,26086,5.77
8470642,2011,Shea Weber,NSH,D,10,17068,6.03
8471283,2011,Brandon Prust,NYR,L,19,14564,-0.57
8462225,2011,Filip Kuba,OTT,D,7,9839,2.3
8462129,2011,Michal Handzus,S.J,C,2,1316,0.15
8470713,2011,Paul Bissonnette,ARI,L,3,482,-0.15
8474184,2011,Keaton Ellerby,FLA,D,1,522,0.05
8462036,2011,Daymond Langkow,ARI,C,16,14797,4.99
8473422,2011,Nick Foligno,OTT,L,7,6370,5.84
8467365,2011,John Erskine,WSH,D,4,2263,0.13
8467478,2011,Kent Huskins,STL,D,1,1469,0.17
8470601,2011,Braydon Coburn,PHI,D,11,17926,0.4
8470606,2011,Dustin Brown,L.A,R,20,24878,23.75
8474053,2011,Logan Couture,S.J,C,5,5970,3.42
8471269,2011,Nicklas Grossmann,PHI,D,9,10219,-0.72
8471476,2011,Daniel Winnik,S.J,L,5,3727,1.21
8471266,2011,David Booth,VAN,L,5,4837,2.79
8460621,2011,Daniel Alfredsson,OTT,R,4,4310,3
8474563,2011,Drew Doughty,L.A,D,20,31377,17.7
8468534,2011,Andreas Lilja,PHI,D,10,8380,-0.78
8474291,2011,Jay Beagle,WSH,C,12,13266,-0.59
8471276,2011,David Krejci,BOS,C,7,9021,3.74
8464975,2011,Daniel Briere,PHI,C,11,11704,10.14
8464977,2011,Dainius Zubrus,N.J,C,24,26090,13.96
8474578,2011,Erik Karlsson,OTT,D,7,10653,5.67
8460465,2011,Petr Sykora,N.J,R,18,14286,8.4
8448208,2011,Jaromir Jagr,PHI,R,11,9896,8.24
8467389,2011,Brad Richards,NYR,C,20,26635,15.3
8471498,2011,Jannik Hansen,VAN,R,5,4928,2.58
8473564,2011,Michael Frolik,CHI,R,4,4171,4.42
8475178,2011,Zack Kassian,VAN,R,4,1164,-0.28
8474176,2011,Carl Hagelin,NYR,L,17,17091,3.35
8465009,2011,Zdeno Chara,BOS,D,7,11489,7.17
8475794,2011,Tyler Seguin,BOS,C,7,7660,7.42
8465185,2011,Willie Mitchell,L.A,D,20,30386,4.35
8468518,2011,Tomas Kopecky,FLA,R,7,6458,1.68
8465202,2011,Sami Salo,VAN,D,5,5646,0.23
8458590,2011,Mike Knuble,WSH,R,11,6025,2.75
8471698,2011,T.J. Oshie,STL,R,9,10164,3.27
8467331,2011,Brad Stuart,DET,D,5,5810,0.4
8470630,2011,Kevin Klein,NSH,D,10,11707,1.43
8458938,2011,Roman Hamrlik,WSH,D,14,18722,4.25
8475325,2011,Jordan Nolan,L.A,C,20,8749,3.83
8472382,2011,Andy Greene,N.J,D,24,31719,7.6
8471856,2011,Joe Vitale,PIT,C,4,1477,-1
8468535,2011,Antoine Vermette,ARI,C,16,17336,6.3
8470187,2011,Johnny Boychuk,BOS,D,7,9354,4.42
8470647,2011,B.J. Crombeen,STL,R,7,3550,1.4
8475690,2011,Christopher Tanev,VAN,D,5,4553,1.38
8473484,2011,Kaspars Daugavins,OTT,L,1,630,-0.15
8471887,2011,Patric Hornqvist,NSH,R,10,9245,6.09
8467412,2011,Alexei Ponikarovsky,N.J,L,24,20719,11.64
8474668,2011,Dale Weise,VAN,R,2,511,-0.41
8469639,2011,Brooks Laich,WSH,C,14,16982,4.93
8475171,2011,Oliver Ekman-Larsson,ARI,D,16,24746,0.46
8474094,2011,Matt Halischuk,NSH,R,5,2103,1.04
8468515,2011,Brad Winchester,S.J,L,1,401,0.35
8471817,2011,Ryan Reaves,STL,R,2,933,0.28
8470655,2011,David Backes,STL,R,9,10970,3.14
8473558,2011,Cory Emmerton,DET,C,5,1551,0.89
8465192,2011,Samuel Pahlsson,VAN,C,5,4201,0.6
8471735,2011,Keith Yandle,ARI,D,16,20595,7.15
8470257,2011,Alexander Steen,STL,L,9,11283,4.49
8471339,2011,Ryan Callahan,NYR,R,20,28247,13.83
8475637,2011,Bobby Butler,OTT,R,3,2292,0.8
8476461,2011,Sean Couturier,PHI,C,11,9571,2.63
8470121,2011,Matt Greene,L.A,D,20,19316,8.22
8470120,2011,Alexander Semin,WSH,R,14,14676,4.42
8475149,2011,Marcus Johansson,WSH,L,14,16452,-0.57
8475268,2011,Gabriel Bourque,NSH,L,10,7797,5.6
8474001,2011,TJ Galiardi,S.J,L,3,2271,-0.16
8469544,2011,Patrick Sharp,CHI,L,6,7307,4.57
8475155,2011,Simon Despres,PIT,D,3,1674,1.13
8473533,2011,Jordan Staal,PIT,C,6,7134,8.39
8474641,2011,Adam Henrique,N.J,C,24,24829,17.67
8471859,2011,Sergei Kostitsyn,NSH,L,10,9435,0.26
8471228,2011,Alexander Radulov,NSH,R,8,8707,5.91
8469665,2011,Johnny Oduya,CHI,D,6,8365,5.53
8467514,2011,Pavel Datsyuk,DET,C,5,6385,4.21
8470616,2011,Ryan Kesler,VAN,C,5,6619,4.52
8470599,2011,Milan Michalek,OTT,L,7,9197,4.25
8468501,2011,Anton Volchenkov,N.J,D,24,23130,5.6
8466371,2011,John Madden,FLA,C,7,5748,-0.2
8474037,2011,James van Riemsdyk,PHI,L,7,5778,1.73
8469760,2011,Zbynek Michalek,PIT,D,6,7610,2.15
8467875,2011,Daniel Sedin,VAN,L,2,2414,1.25
8459628,2011,Hal Gill,NSH,D,5,4535,1.43
8474565,2011,Alex Pietrangelo,STL,D,8,12210,6.58
8474594,2011,Slava Voynov,L.A,D,20,23438,4.61
8475181,2011,Nick Leddy,CHI,D,6,7209,6.08
8465914,2011,Francis Bouillon,NSH,D,10,8979,2.85
8474679,2011,Gustav Nyquist,DET,R,4,2127,1.27
8469465,2011,Dan Hamhuis,VAN,D,5,7317,3.75
8470281,2011,Duncan Keith,CHI,D,6,10893,5.85
8464966,2011,Derek Morris,ARI,D,16,21909,2.38
8473573,2011,Artem Anisimov,NYR,C,20,16634,7.3
8471240,2011,Jeff Schultz,WSH,D,10,9345,-2.52
8470176,2011,Sean Bergenheim,FLA,L,7,6815,6.32
8467831,2011,Jeff Halpern,WSH,C,2,967,-0.31
8471958,2011,Dan Girardi,NYR,D,20,32236,14.22
8469457,2011,Stephen Weiss,FLA,C,7,8863,1.69
8467931,2011,Matt Carkner,OTT,D,4,1688,1.38
8473673,2011,David Schlemko,ARI,D,5,4865,-1.25
8475164,2011,Jakob Silfverberg,OTT,R,2,1101,-0.04
8471685,2011,Anze Kopitar,L.A,C,20,26458,24.1
8475913,2011,Mark Stone,OTT,R,1,523,0.85
8468542,2011,Paul Martin,PIT,D,3,3983,1.57
8470724,2011,Kyle Quincey,DET,D,5,4943,2.88
8466148,2011,Marian Hossa,CHI,R,3,3123,1.95
8474013,2011,Ian Cole,STL,D,2,1251,-0.08
8475150,2011,Jordan Caron,BOS,R,2,801,0
8475153,2011,Dylan Olsen,CHI,D,1,296,0.13
8473588,2011,Erik Condra,OTT,R,7,4905,3.3
8457063,2011,Nicklas Lidstrom,DET,D,5,7115,2.5
8474031,2011,Kevin Shattenkirk,STL,D,9,11576,4
8473534,2011,Patrik Berglund,STL,C,9,10873,7.35
8460743,2011,Tomas Holmstrom,DET,L,5,2941,2.38
8468114,2011,Douglas Murray,S.J,D,5,4870,-0.38
8474025,2011,Eric Tangradi,PIT,L,2,974,1.57
8468064,2011,Martin Erat,NSH,R,10,11307,2.67
8470619,2011,Brian Boyle,NYR,C,17,17066,4.24
8472410,2011,Stephen Gionta,N.J,R,24,13291,5.07
8472394,2011,Peter Harrold,N.J,D,17,15831,6.65
8464956,2011,Chris Phillips,OTT,D,7,9057,3.4
8474068,2011,Kyle Turris,OTT,C,7,6979,3.88
8468484,2011,Rostislav Klesla,ARI,D,15,16743,4.5
8473646,2011,Ryan Carter,N.J,L,23,12021,5.83
8474584,2011,Michael Del Zotto,NYR,D,20,25985,5.88
8474571,2011,Mikkel Boedker,ARI,L,16,16249,6.04
8469473,2011,Marcel Goc,FLA,C,7,7635,5.43
8468636,2011,Greg Zanon,BOS,D,7,5763,1.83
8476177,2011,Matt Read,PHI,R,11,10051,2.71
8470778,2011,Drew Miller,DET,L,5,3458,1.56
8471233,2011,Travis Zajac,N.J,C,24,29491,15.75
8471716,2011,Justin Abdelkader,DET,L,5,3757,0.52
8468485,2011,Raffi Torres,ARI,L,3,3468,2.33
8470274,2011,Chris Higgins,VAN,L,5,4670,0.94
8466251,2011,Jason Chimera,WSH,L,14,11508,7.71
8471242,2011,Mike Green,WSH,D,14,19951,2.62
8465210,2011,Pavel Kubina,PHI,D,5,3169,0.73
8467493,2011,Chris Neil,OTT,R,7,5707,5.46
8470654,2011,Maxim Lapierre,VAN,C,5,3099,2.21
8474151,2011,Ryan McDonagh,NYR,D,20,32182,9.45
8466138,2011,Joe Thornton,S.J,C,5,6568,6.79
8471729,2011,Kris Russell,STL,D,9,10504,3.23
8471231,2011,Kyle Chipchura,ARI,C,15,6997,3.76
8467334,2011,Manny Malhotra,VAN,C,5,2904,-1.21
8467876,2011,Henrik Sedin,VAN,C,5,6404,6.56
8474739,2011,Tommy Wingels,S.J,C,5,3149,1.82
8469547,2011,Jordin Tootoo,NSH,R,3,1398,-0.7
8466215,2011,Joe Corvo,BOS,D,5,4472,2.13
8459053,2011,Adrian Aucoin,ARI,D,11,11913,1.6
8469820,2011,Zenon Konopka,OTT,C,6,4064,2.56
8474024,2011,Jim O'Brien,OTT,C,7,3623,0.57
8468509,2011,Niklas Kronwall,DET,D,5,6761,1.72
8474569,2011,Colin Wilson,NSH,L,1,544,-0.17
8470600,2011,Ryan Suter,NSH,D,10,17297,5.05
8470604,2011,Jeff Carter,L.A,C,20,21645,12.23
8470192,2011,Steve Eminger,NYR,D,4,1635,0.2
8474600,2011,Roman Josi,NSH,D,10,11275,-0.55
8469770,2011,Dennis Wideman,WSH,D,14,17420,2.07
8475185,2011,Jacob Josefson,N.J,C,6,4924,1.74
8475640,2011,Erik Gustafsson,PHI,D,7,6388,1.43
8468526,2011,Jarret Stoll,L.A,C,20,20526,5.64
8470273,2011,Ian White,DET,D,5,5570,3.43
8467890,2011,Barret Jackman,STL,D,9,10208,-0.28
