playerId,season,name,team,position,games_played,icetime,gameScore
8475794,2012,Tyler Seguin,BOS,C,22,21191,12.8
8471702,2012,Matt Niskanen,PIT,D,15,17019,2.73
8471707,2012,James Neal,PIT,L,13,13818,12.54
8471709,2012,Marc-Edouard Vlasic,S.J,D,11,13639,2.42
8473563,2012,Nicklas Backstrom,WSH,C,7,8307,4.81
8468498,2012,Brooks Orpik,PIT,D,12,18097,2.17
8473565,2012,Brian Strait,NYI,D,6,7408,1.48
8469626,2012,Andrew Alberts,VAN,D,4,3139,0.13
8474068,2012,Kyle Turris,OTT,C,10,11977,10.36
8470144,2012,Frans Nielsen,NYI,C,6,6477,4.12
8470153,2012,Pierre-Marc Bouchard,MIN,C,5,4381,2.19
8470724,2012,Kyle Quincey,DET,D,14,15992,3.18
8471339,2012,Ryan Callahan,NYR,R,12,16824,9.06
8467580,2012,Mark Eaton,PIT,D,8,8290,1.1
8471724,2012,Kris Letang,PIT,D,15,24865,16.88
8458938,2012,Roman Hamrlik,NYR,D,2,872,-0.2
8468309,2012,Mark Streit,NYI,D,6,7307,5.8
8469820,2012,Zenon Konopka,MIN,C,2,1184,-0.58
8473432,2012,Derek Dorsett,NYR,R,11,7105,-2.19
8471504,2012,Rene Bourque,MTL,R,5,4840,3.5
8471862,2012,Colin Greening,OTT,C,10,9566,5
8471670,2012,Guillaume Latendresse,OTT,L,3,2506,1.58
8476162,2012,Steve Oleksy,WSH,D,7,6366,3.17
8470871,2012,Chris Porter,STL,L,6,3326,1.35
8471976,2012,David Desharnais,MTL,C,5,5168,0.8
8474594,2012,Slava Voynov,L.A,D,18,23664,12.7
8474009,2012,Nick Bonino,ANA,C,7,6985,4.41
8470063,2012,Adam Burish,S.J,R,6,3688,0.11
8470378,2012,Andre Benoit,OTT,D,5,4638,3.33
8466393,2012,Pascal Dupuis,PIT,R,15,16981,11.69
8467831,2012,Jeff Halpern,MTL,C,3,2594,1.64
8475254,2012,Gabriel Dumont,MTL,C,3,1142,0.3
8475166,2012,John Tavares,NYI,C,6,7406,5.29
8470672,2012,Ryan O'Byrne,TOR,D,6,5481,-0.1
8476463,2012,Jonas Brodin,MIN,D,5,7892,-1.02
8477059,2012,Damien Brunner,DET,R,14,11013,9.31
8473485,2012,Chris Stewart,STL,R,6,5952,1.93
8474125,2012,Carl Gunnarsson,TOR,D,7,9275,-1.38
8470324,2012,Josh Gorges,MTL,D,5,6390,-1.08
8471254,2012,Bryan Bickell,CHI,L,23,21208,18.96
8467514,2012,Pavel Datsyuk,DET,C,14,17620,13.84
8459442,2012,Saku Koivu,ANA,C,7,7508,1.47
8459444,2012,Todd Bertuzzi,DET,R,6,3476,-0.37
8474749,2012,Matt Bartkowski,BOS,D,7,8306,3.2
8471498,2012,Jannik Hansen,VAN,R,4,4367,1.5
8470613,2012,Brent Burns,S.J,D,11,11768,6.8
8457981,2012,Teemu Selanne,ANA,R,7,5879,2.97
8470606,2012,Dustin Brown,L.A,R,18,20284,5.65
8475754,2012,Brock Nelson,NYI,C,1,464,-0.25
8467875,2012,Daniel Sedin,VAN,L,4,4970,3.06
8474613,2012,Derek Stepan,NYR,C,12,16203,8.71
8473933,2012,Ben Lovejoy,ANA,D,7,8857,2.98
8469779,2012,Keith Aucoin,NYI,C,6,4432,4.05
8466160,2012,Brenden Morrow,PIT,L,14,11583,2.21
8474590,2012,John Carlson,WSH,D,7,9442,3.53
8465914,2012,Francis Bouillon,MTL,D,5,4812,1.03
8465166,2012,Craig Adams,PIT,R,15,10827,0.83
8474668,2012,Dale Weise,VAN,R,4,1351,0.34
8471242,2012,Mike Green,WSH,D,7,10723,7.02
8465009,2012,Zdeno Chara,BOS,D,22,38978,15.32
8469455,2012,Jason Spezza,OTT,C,3,3320,1.57
8465978,2012,Shawn Thornton,BOS,L,22,9695,4.57
8473564,2012,Michael Frolik,CHI,R,23,18151,12.35
8475765,2012,Vladimir Tarasenko,STL,R,1,351,-0.35
8467881,2012,Taylor Pyatt,NYR,L,12,9753,0.51
8474151,2012,Ryan McDonagh,NYR,D,12,18633,1.88
8473604,2012,Jonathan Toews,CHI,C,23,29740,25.66
8475155,2012,Simon Despres,PIT,D,3,2001,0.3
8470803,2012,Kyle Brodziak,MIN,C,5,6204,1.2
8477215,2012,Danny DeKeyser,DET,D,2,2146,0.15
8465058,2012,Michal Rozsival,CHI,D,23,26585,10.14
8476459,2012,Mika Zibanejad,OTT,C,10,8156,3.7
8471664,2012,Mason Raymond,VAN,L,4,4036,2.86
8471283,2012,Brandon Prust,MTL,L,4,3707,1.01
8469544,2012,Patrick Sharp,CHI,L,23,25193,23.27
8471693,2012,Jakub Kindl,DET,D,14,14821,6.55
8475726,2012,Tyler Toffoli,L.A,C,12,7757,7.92
8468114,2012,Douglas Murray,PIT,D,15,13789,0.69
8471748,2012,Mark Fraser,TOR,D,4,4424,0.9
8470104,2012,Tom Gilbert,MIN,D,5,4880,-1.4
8470187,2012,Johnny Boychuk,BOS,D,22,31588,13.82
8464956,2012,Chris Phillips,OTT,D,10,12682,3.59
8471675,2012,Sidney Crosby,PIT,C,14,19392,15.78
8471676,2012,Bobby Ryan,ANA,R,7,6841,3.92
8470358,2012,Alexandre Burrows,VAN,R,4,4942,4.56
8460621,2012,Daniel Alfredsson,OTT,R,10,11496,9.36
8474565,2012,Alex Pietrangelo,STL,D,6,9563,3.15
8469474,2012,Colby Armstrong,MTL,R,4,2764,-0.2
8473419,2012,Brad Marchand,BOS,L,22,25848,19.11
8467336,2012,Mike Rupp,MIN,L,4,1593,-1.31
8474291,2012,Jay Beagle,WSH,C,7,4051,0.86
8475184,2012,Chris Kreider,NYR,L,8,4658,1.45
8471276,2012,David Krejci,BOS,C,22,29375,21.13
8470662,2012,Colin Fraser,L.A,C,16,8118,1.05
8473584,2012,Andrew MacDonald,NYI,D,4,5625,1
8471311,2012,Tyler Kennedy,PIT,C,9,6779,4.95
8464989,2012,Matt Cullen,MIN,C,5,5715,2.27
8471956,2012,Andrew Desjardins,S.J,L,11,7234,-0.76
8474666,2012,David Ullstrom,NYI,L,3,1270,1.24
8467400,2012,Francois Beauchemin,ANA,D,7,10655,4.47
8475149,2012,Marcus Johansson,WSH,L,7,7135,3.74
8475768,2012,Jaden Schwartz,STL,L,6,5797,2.82
8476880,2012,Tom Wilson,WSH,R,3,1238,0.7
8474727,2012,Ben Smith,CHI,R,1,623,-0.04
8470886,2012,Clayton Stoner,MIN,D,1,498,0.8
8473588,2012,Erik Condra,OTT,R,10,8162,6.58
8471682,2012,Devin Setoguchi,MIN,R,5,4797,0.94
8471685,2012,Anze Kopitar,L.A,C,18,22949,7.63
8474579,2012,Luca Sbisa,ANA,D,5,6429,-1.77
8470616,2012,Ryan Kesler,VAN,C,4,5544,3.17
8467452,2012,Rob Scuderi,L.A,D,18,25170,3.9
8475323,2012,Marcus Kruger,CHI,C,23,19046,6.31
8469485,2012,Derek Roy,VAN,C,4,4140,1.43
8474031,2012,Kevin Shattenkirk,STL,D,6,6708,3.1
8475325,2012,Jordan Nolan,L.A,C,7,3728,-1.14
8473536,2012,James Sheppard,S.J,C,11,6912,-1.07
8470621,2012,Corey Perry,ANA,R,7,8541,1.67
8470230,2012,Daniel Paille,BOS,L,22,16534,8.57
8471996,2012,Bracken Kearns,S.J,C,7,3196,0
8471663,2012,Mike Blunden,MTL,R,1,492,0.03
8474100,2012,Dwight King,L.A,L,18,15962,3.79
8474184,2012,Keaton Ellerby,L.A,D,5,3217,0.63
8471215,2012,Evgeni Malkin,PIT,C,15,18435,17.27
8470755,2012,Brad Richardson,L.A,C,11,7106,2.09
8474192,2012,Matt Frattin,TOR,R,6,4961,-0.8
8470604,2012,Jeff Carter,L.A,C,18,21192,11.96
8474053,2012,Logan Couture,S.J,C,11,13542,11.58
8470041,2012,Rick Nash,NYR,L,12,14731,7.85
8473473,2012,Milan Lucic,BOS,L,22,27647,16.72
8473712,2012,Frazer McLaren,TOR,L,1,466,-0.07
8471719,2012,Matt Kassian,OTT,L,5,2654,2.02
8467899,2012,Martin Havlat,S.J,R,2,488,-0.27
8466148,2012,Marian Hossa,CHI,R,22,26324,24.19
8474141,2012,Patrick Kane,CHI,R,23,28883,25.91
8470655,2012,David Backes,STL,R,6,7392,4.67
8470854,2012,Tanner Glass,PIT,L,5,2466,-0.3
8475625,2012,Matt Irwin,S.J,D,11,11741,1.5
8473514,2012,Jesse Joensuu,NYI,L,1,506,0.07
8470318,2012,Jonathan Ericsson,DET,D,14,18938,2.43
8476871,2012,Tanner Pearson,L.A,L,1,344,0.1
8473992,2012,Justin Falk,MIN,D,4,2773,-1.45
8467931,2012,Matt Carkner,NYI,D,4,3042,1.15
8471842,2012,Tim Kennedy,S.J,L,3,1574,-0.78
8468434,2012,Andy McDonald,STL,L,6,6309,0.82
8472424,2012,Ryan Hamilton,TOR,L,2,976,0.23
8471262,2012,Carl Soderberg,BOS,C,2,1470,0.23
8471699,2012,Andrew Cogliano,ANA,L,7,6626,1.9
8470047,2012,Valtteri Filppula,DET,C,14,13911,3.58
8462129,2012,Michal Handzus,CHI,C,23,22151,9.23
8471214,2012,Alex Ovechkin,WSH,L,7,8710,5.2
8474873,2012,Brian Lashoff,DET,D,3,3240,0.6
8470610,2012,Zach Parise,MIN,L,5,6419,-0.38
8470619,2012,Brian Boyle,NYR,C,11,12428,1.23
8470599,2012,Milan Michalek,OTT,L,10,10708,6.87
8476851,2012,Alex Galchenyuk,MTL,L,5,3901,3.77
8468504,2012,Brad Boyes,NYI,R,6,6874,3.64
8470607,2012,Brent Seabrook,CHI,D,23,31851,10.97
8473484,2012,Kaspars Daugavins,BOS,L,6,3162,-0.23
8469483,2012,David Steckel,ANA,C,7,4103,2.64
8471873,2012,Anton Stralman,NYR,D,10,12662,0.35
8474563,2012,Drew Doughty,L.A,D,18,30190,5.5
8468635,2012,Travis Moen,MTL,L,5,3866,-0.32
8468639,2012,John-Michael Liles,TOR,D,4,3701,-0.03
8470207,2012,Joffrey Lupul,TOR,L,7,7973,3.69
8475745,2012,Charlie Coyle,MIN,C,5,5448,0.64
8467463,2012,Mikael Samuelsson,DET,R,5,3923,2.25
8473534,2012,Patrik Berglund,STL,C,6,6397,1.34
8474578,2012,Erik Karlsson,OTT,D,10,16043,9.5
8471716,2012,Justin Abdelkader,DET,L,12,12206,8.38
8468485,2012,Raffi Torres,S.J,L,5,5309,1.43
8471392,2012,Roman Polak,STL,D,6,7256,2.15
8470666,2012,Daniel Carcillo,CHI,L,4,1604,1.22
8473466,2012,Ryan White,MTL,C,3,1637,0.5
8475174,2012,Jared Cowen,OTT,D,10,11139,1.95
8471245,2012,Dave Bolland,CHI,C,18,14597,3.48
8475172,2012,Nazem Kadri,TOR,C,7,5703,2.99
8474176,2012,Carl Hagelin,NYR,L,12,13031,8.65
8476195,2012,Cory Conacher,OTT,C,8,5737,1.65
8467407,2012,Brian Gionta,MTL,R,2,2059,0.56
8475764,2012,Cam Fowler,ANA,D,7,9553,3.63
8474168,2012,Joakim Andersson,DET,C,14,11193,4.73
8470654,2012,Maxim Lapierre,VAN,C,4,2281,0.25
8474066,2012,Thomas Hickey,NYI,D,2,2194,0.28
8474716,2012,Jared Spurgeon,MIN,D,5,6376,-0.05
8466333,2012,Andrew Ference,BOS,D,14,20596,2.77
8474157,2012,Max Pacioretty,MTL,L,4,4144,0.81
8473544,2012,Derick Brassard,NYR,C,12,13616,10.3
8474520,2012,Jason Garrison,VAN,D,4,5694,2.53
8473618,2012,Mathieu Perreault,WSH,C,7,5723,6.02
8474739,2012,Tommy Wingels,S.J,C,11,9163,0.64
8470667,2012,Clarke MacArthur,TOR,L,5,3706,3.6
8471490,2012,Adam Cracknell,STL,R,5,2396,1.07
8469665,2012,Johnny Oduya,CHI,D,23,31387,12.25
8471856,2012,Joe Vitale,PIT,C,6,3559,0.87
8468611,2012,Matt Hendricks,WSH,C,7,4423,0.36
8462033,2012,Wade Redden,BOS,D,5,4743,3.02
8467876,2012,Henrik Sedin,VAN,C,4,4979,3.01
8468508,2012,Justin Williams,L.A,R,18,20086,10.57
8470600,2012,Ryan Suter,MIN,D,5,9486,-1.82
8475692,2012,Mats Zuccarello,NYR,R,12,11778,4.23
8474584,2012,Michael Del Zotto,NYR,D,12,15241,0.28
8469506,2012,Jason Pominville,MIN,R,2,1624,0.3
8467371,2012,Mike Ribeiro,WSH,C,7,7788,3.61
8474166,2012,Alec Martinez,L.A,D,7,5558,1.25
8470543,2012,Chris Kunitz,PIT,L,15,16481,12.2
8476792,2012,Torey Krug,BOS,D,15,14242,10.75
8475770,2012,Emerson Etem,ANA,R,7,5390,4.55
8473468,2012,Eric Gryba,OTT,D,4,2926,0.3
8467890,2012,Barret Jackman,STL,D,6,7273,2.52
8467332,2012,Bryan Allen,ANA,D,7,7297,0.82
8474709,2012,Matt Martin,NYI,L,6,4379,0.68
8470794,2012,Joe Pavelski,S.J,C,11,13998,11.93
8475761,2012,Beau Bennett,PIT,R,6,3990,1.47
8471303,2012,Alexander Edler,VAN,D,4,6469,2.65
8475160,2012,Kyle Clifford,L.A,L,14,8698,2.25
8471309,2012,Johan Franzen,DET,R,14,16310,8.64
8473911,2012,Steven Pinizzotto,VAN,R,1,237,0.47
8466138,2012,Joe Thornton,S.J,C,11,13386,12.38
8473449,2012,Kyle Okposo,NYI,R,6,6917,5.92
8476462,2012,Dougie Hamilton,BOS,D,7,6631,5.73
8475231,2012,Casey Cizikas,NYI,C,6,3877,3.85
8476381,2012,Andrew Shaw,CHI,R,23,20458,12.5
8471514,2012,Rich Peverley,BOS,C,21,18526,2.66
8471208,2012,Dustin Penner,L.A,R,18,15696,8.13
8467344,2012,Robyn Regehr,L.A,D,18,22928,-1.45
8465042,2012,Toni Lydman,ANA,D,3,2724,0.57
8474189,2012,Lars Eller,MTL,C,1,523,0.64
8468598,2012,Lubomir Visnovsky,NYI,D,6,8224,3.77
8466158,2012,Scott Hannan,S.J,D,11,11418,3.43
8476302,2012,Frank Corrado,VAN,D,4,2955,0.7
8474618,2012,Marco Scandella,MIN,D,5,5382,1.5
8470281,2012,Duncan Keith,CHI,D,22,36462,21.17
8469619,2012,Dennis Seidenberg,BOS,D,18,28070,3.75
8467545,2012,Michael Ryder,MTL,R,5,4453,0.96
8473548,2012,Phil Kessel,TOR,R,7,7760,6.05
8475181,2012,Nick Leddy,CHI,D,23,19793,5.77
8470169,2012,Gregory Campbell,BOS,C,15,10432,6.66
8473542,2012,Tom Sestito,VAN,L,1,351,0.25
8474519,2012,Jack Hillen,WSH,D,7,6980,1.57
8474577,2012,Joe Colborne,TOR,C,2,1616,-0.77
8467389,2012,Brad Richards,NYR,C,10,8830,-1.44
8476419,2012,Jean-Gabriel Pageau,OTT,C,10,7723,7.34
8464967,2012,Marty Reasoner,NYI,C,1,771,-0.42
8470274,2012,Chris Higgins,VAN,L,4,4002,-0.09
8470622,2012,Patrick Eaves,DET,R,13,7800,0.87
8473463,2012,Leo Komarov,TOR,C,7,3870,-0.11
8475098,2012,Tyler Bozak,TOR,C,5,6518,0.56
8471817,2012,Ryan Reaves,STL,R,6,2701,0.9
8471426,2012,Troy Brouwer,WSH,R,7,8215,2.42
8475848,2012,Brendan Gallagher,MTL,R,5,4332,4.77
8467493,2012,Chris Neil,OTT,R,10,7617,1.6
8471958,2012,Dan Girardi,NYR,D,12,18706,4.22
8468542,2012,Paul Martin,PIT,D,15,23976,10.83
8466139,2012,Patrick Marleau,S.J,C,11,14053,9.57
8475151,2012,Kyle Palmieri,ANA,R,7,4439,3.59
8471338,2012,Torrey Mitchell,MIN,C,5,3420,-0.25
8470644,2012,Colin McDonald,NYI,R,6,4304,3.85
8473991,2012,Karl Alzner,WSH,D,7,9368,7.22
8448208,2012,Jaromir Jagr,BOS,R,22,23657,14.15
8474250,2012,Zack Smith,OTT,L,10,7970,1.35
8470121,2012,Matt Greene,L.A,D,9,8358,1.95
8467096,2012,Dan Boyle,S.J,D,11,14647,6.7
8468526,2012,Jarret Stoll,L.A,C,12,11533,0.87
8469542,2012,Stephane Veilleux,MIN,L,2,903,0.07
8469547,2012,Jordin Tootoo,DET,R,1,384,-0.5
8474037,2012,James van Riemsdyk,TOR,L,7,8270,5.28
8473537,2012,Viktor Stalberg,CHI,L,19,12070,7.17
8471686,2012,Marc Staal,NYR,D,1,1037,-0.55
8462042,2012,Jarome Iginla,PIT,R,15,14177,9.02
8465025,2012,Arron Asham,NYR,R,10,4000,-0.72
8474230,2012,Micheal Haley,NYR,C,2,723,-0.5
8470611,2012,Eric Fehr,WSH,C,7,6666,2.22
8467351,2012,Scott Gomez,S.J,C,9,8110,0.06
8468064,2012,Martin Erat,WSH,R,4,3487,-0.19
8471742,2012,Cody Franson,TOR,D,7,9586,4.92
8473932,2012,Darroll Powe,NYR,C,3,1155,0.04
8473504,2012,Cal Clutterbuck,MIN,R,5,4756,1.66
8474612,2012,Travis Hamonic,NYI,D,6,8994,0.6
8468509,2012,Niklas Kronwall,DET,D,14,21127,2.58
8468101,2012,Radek Martinek,NYI,D,2,2172,0.57
8474581,2012,Jake Gardiner,TOR,D,6,8286,3.37
8470192,2012,Steve Eminger,NYR,D,11,8412,0.58
8471476,2012,Daniel Winnik,ANA,L,7,6330,1.46
8471769,2012,Niklas Hjalmarsson,CHI,D,23,32076,9.75
8474218,2012,Jason Demers,S.J,D,1,227,-0.2
8468208,2012,Joel Ward,WSH,R,7,5537,4.44
8471698,2012,T.J. Oshie,STL,R,6,6668,0.31
8471717,2012,Adam McQuaid,BOS,D,22,19503,7.23
8460561,2012,Sheldon Souray,ANA,D,6,7027,0.53
8473453,2012,Trevor Lewis,L.A,C,18,17729,5.1
8469638,2012,Jussi Jokinen,PIT,L,8,5287,3.12
8474090,2012,Brendan Smith,DET,D,14,16066,4.57
8475797,2012,Jarred Tinordi,MTL,D,5,3927,1.4
8470257,2012,Alexander Steen,STL,L,6,7537,4.55
8476244,2012,Raphael Diaz,MTL,D,5,6712,-0.05
8469459,2012,Mikko Koivu,MIN,C,5,6151,-1.79
8466149,2012,Daniel Cleary,DET,R,14,14027,7.03
8473492,2012,Matt Beleskey,ANA,L,7,4630,2.72
8469622,2012,Ryane Clowe,NYR,L,2,854,-0.4
8475164,2012,Jakob Silfverberg,OTT,R,10,9991,6.56
8469598,2012,Kevin Bieksa,VAN,D,4,6203,1.58
8474497,2012,Michael Kostka,TOR,D,1,1342,-0.45
8475650,2012,Brandon Bollig,CHI,L,5,2656,1.05
8470151,2012,Jay Bouwmeester,STL,D,6,9046,0.53
8469521,2012,Tomas Plekanec,MTL,C,5,6267,3.22
8467331,2012,Brad Stuart,S.J,D,11,12642,3.5
8470760,2012,Marc Methot,OTT,D,10,13642,5.3
8468674,2012,Deryk Engelland,PIT,D,7,6494,-1.18
8468778,2012,Colton Orr,TOR,R,7,2736,-0.7
8470778,2012,Drew Miller,DET,L,6,4755,0.94
8474027,2012,Justin Braun,S.J,D,11,12956,2.7
8470232,2012,Kris Newbury,NYR,C,3,1109,-0.77
8467967,2012,Chris Kelly,BOS,C,22,20682,3.48
8475722,2012,Jason Zucker,MIN,L,5,4021,2.26
8470612,2012,Ryan Getzlaf,ANA,C,7,9013,3.09
8471743,2012,Vladimir Sobotka,STL,L,6,5981,3.99
8470596,2012,Nathan Horton,BOS,R,22,24398,19.45
8467917,2012,Jordan Leopold,STL,D,6,5955,0.15
8467365,2012,John Erskine,WSH,D,7,8170,1.9
8458951,2012,Sergei Gonchar,OTT,D,10,14350,3.15
8470602,2012,Dion Phaneuf,TOR,D,7,10655,0.3
8476438,2012,Brandon Saad,CHI,L,23,22629,14.72
8474056,2012,P.K. Subban,MTL,D,5,7180,5.07
8471362,2012,Mikhail Grabovski,TOR,C,7,8023,1.7
8470852,2012,Matt Moulson,NYI,L,6,6258,5.27
8474162,2012,Jake Muzzin,L.A,D,17,16154,6.35
8475913,2012,Mark Stone,OTT,R,1,683,0.6
8473546,2012,Michael Grabner,NYI,R,6,4500,3.76
8474679,2012,Gustav Nyquist,DET,R,14,10581,6.82
8474573,2012,Josh Bailey,NYI,R,6,7284,4.25
8469465,2012,Dan Hamhuis,VAN,D,4,6054,2.58
8469508,2012,Jay McClement,TOR,C,7,6185,-1.6
8466251,2012,Jason Chimera,WSH,L,7,5738,5.3
8475178,2012,Zack Kassian,VAN,R,4,2899,0.18
8473682,2012,Andrew Ebbett,VAN,C,2,539,0.32
8469992,2012,Sheldon Brookbank,CHI,D,1,410,-0.5
8467496,2012,Andrei Markov,MTL,D,5,7168,2.63
8474091,2012,Brandon Sutter,PIT,C,15,14669,2.1
8474001,2012,TJ Galiardi,S.J,L,11,11109,4.12
8468083,2012,Henrik Zetterberg,DET,C,14,16783,12
8470638,2012,Patrice Bergeron,BOS,C,22,27358,21.42
8470617,2012,Mike Richards,L.A,C,15,17231,9.38
8474102,2012,David Perron,STL,L,6,6188,1.06
8473558,2012,Cory Emmerton,DET,C,13,8135,-0.93
8474605,2012,Patrick Wiercioch,OTT,D,1,107,0.17
8469470,2012,Carlo Colaiacovo,DET,D,9,8230,1
8465951,2012,Matt Cooke,PIT,L,15,13627,2.64
8475186,2012,John Moore,NYR,D,12,12333,0.9
8473579,2012,Nikolay Kulemin,TOR,L,7,7634,0.53
