playerId,season,name,team,position,games_played,icetime,gameScore
8473962,2013,Teddy Purcell,T.B,L,4,3726,0.47
8466142,2013,Eric Brewer,T.B,D,4,5228,-0.08
8471702,2013,Matt Niskanen,PIT,D,13,15516,9.05
8471707,2013,James Neal,PIT,L,13,14382,8.97
8468498,2013,Brooks Orpik,PIT,D,5,5976,3.6
8476292,2013,Ondrej Palat,T.B,L,3,3247,2.4
8474717,2013,Mark Barberio,T.B,D,2,1088,-0.43
8475798,2013,Mikael Granlund,MIN,R,13,14057,10.92
8470724,2013,Kyle Quincey,DET,D,5,6423,1.27
8470257,2013,Alexander Steen,STL,L,6,9146,4.91
8476806,2013,J.T. Brown,T.B,R,4,3599,2.27
8476462,2013,Dougie Hamilton,BOS,D,12,13758,8.82
8471709,2013,Marc-Edouard Vlasic,S.J,D,5,5098,3.15
8471681,2013,Jack Skille,CBJ,R,6,3965,0.2
8470617,2013,Mike Richards,L.A,C,26,24248,10.69
8474031,2013,Kevin Shattenkirk,STL,D,6,9236,5.65
8475758,2013,Devante Smith-Pelly,ANA,R,12,10580,4.26
8471693,2013,Jakub Kindl,DET,D,4,4142,0.35
8469544,2013,Patrick Sharp,CHI,L,19,21142,10.05
8458537,2013,Ray Whitney,DAL,L,5,3431,-0.42
8474870,2013,Tyler Johnson,T.B,C,4,5034,0.88
8470612,2013,Ryan Getzlaf,ANA,C,12,15428,11.32
8468508,2013,Justin Williams,L.A,R,26,26232,26.73
8470110,2013,Trevor Daley,DAL,D,6,9290,7.92
8476430,2013,Tomas Jurco,DET,L,3,2315,0.65
8474053,2013,Logan Couture,S.J,C,7,7814,4.85
8474565,2013,Alex Pietrangelo,STL,D,6,10889,5.53
8476177,2013,Matt Read,PHI,R,7,8010,1.86
8474594,2013,Slava Voynov,L.A,D,26,36078,11.18
8475625,2013,Matt Irwin,S.J,D,2,2375,1.65
8469469,2013,R.J. Umberger,CBJ,C,4,3068,-0.22
8474207,2013,Nick Holden,COL,D,7,9305,2.1
8475772,2013,Riley Sheahan,DET,C,5,4318,1.75
8477126,2013,Jayson Megna,PIT,C,2,1100,-0.33
8467396,2013,Erik Cole,DAL,L,3,1774,-0.65
8475768,2013,Jaden Schwartz,STL,L,6,7977,3.73
8475765,2013,Vladimir Tarasenko,STL,R,6,6828,6.45
8470714,2013,Corey Potter,BOS,D,1,1017,0.28
8474716,2013,Jared Spurgeon,MIN,D,13,18771,9.65
8471794,2013,Darren Helm,DET,C,5,4558,1.02
8469521,2013,Tomas Plekanec,MTL,C,17,20728,6.68
8477205,2013,Andrej Sustr,T.B,D,3,3317,0.42
8466139,2013,Patrick Marleau,S.J,C,7,8447,7.13
8476881,2013,Tomas Hertl,S.J,C,7,5707,4.86
8473453,2013,Trevor Lewis,L.A,C,26,19728,5.79
8475158,2013,Ryan O'Reilly,COL,C,7,9384,4.23
8475236,2013,Cody Eakin,DAL,C,6,6673,5.04
8476871,2013,Tanner Pearson,L.A,L,24,17683,17.45
8474736,2013,Zac Rinaldo,PHI,C,7,2879,-0.73
8470619,2013,Brian Boyle,NYR,C,25,19953,6.05
8476116,2013,Ryan Garbutt,DAL,C,6,4303,3.73
8470610,2013,Zach Parise,MIN,L,13,15974,16.02
8468505,2013,Steve Ott,STL,C,6,6867,1.5
8471348,2013,Nikita Nikitin,CBJ,D,5,4904,0.65
8471296,2013,Alexei Emelin,MTL,D,15,20117,4.02
8470598,2013,Thomas Vanek,MTL,L,17,15180,7.26
8474190,2013,Wayne Simmonds,PHI,R,7,6464,3.89
8471678,2013,Benoit Pouliot,NYR,L,25,23553,12.04
8470600,2013,Ryan Suter,MIN,D,13,22793,10.97
8475197,2013,Tyson Barrie,COL,D,3,3292,2.15
8470310,2013,Aaron Rome,DAL,D,1,531,-0.55
8460621,2013,Daniel Alfredsson,DET,R,3,2846,0.1
8470047,2013,Valtteri Filppula,T.B,C,4,5100,0.24
8471768,2013,Tom Pyatt,T.B,L,1,474,0.05
8474168,2013,Joakim Andersson,DET,C,1,497,-0.29
8474161,2013,Jakub Voracek,PHI,R,7,7120,3.4
8471273,2013,Brandon Dubinsky,CBJ,C,6,7457,5.65
8467890,2013,Barret Jackman,STL,D,6,7170,1.43
8468485,2013,Raffi Torres,S.J,L,7,3851,1.55
8471392,2013,Roman Polak,STL,D,6,6705,0.22
8465166,2013,Craig Adams,PIT,R,13,8349,2.48
8474176,2013,Carl Hagelin,NYR,L,25,23966,8.05
8465009,2013,Zdeno Chara,BOS,D,12,18240,7.75
8468114,2013,Douglas Murray,MTL,D,3,2181,-1.05
8466148,2013,Marian Hossa,CHI,R,19,23278,15.37
8474145,2013,Robert Bortuzzo,PIT,D,8,6352,3.33
8475767,2013,Joey Hishon,COL,C,3,1117,0.85
8475848,2013,Brendan Gallagher,MTL,R,17,16939,11.31
8469591,2013,Cody McCormick,MIN,C,13,6449,1.83
8474774,2013,Dalton Prout,CBJ,D,2,1583,0.23
8475151,2013,Kyle Palmieri,ANA,R,9,5511,3.5
8470647,2013,B.J. Crombeen,T.B,R,2,932,-0.48
8470317,2013,Nate Guenin,COL,D,7,6717,0.43
8476235,2013,Justin Fontaine,MIN,R,9,5995,2.92
8470803,2013,Kyle Brodziak,MIN,C,12,9541,4.98
8470054,2013,Keith Ballard,MIN,D,3,1934,0.4
8475184,2013,Chris Kreider,NYR,L,15,15131,9.5
8476468,2013,J.T. Miller,NYR,C,4,2225,2.5
8468001,2013,Derek MacKenzie,CBJ,C,6,4971,0.8
8473994,2013,Jamie Benn,DAL,L,6,7617,6.86
8467331,2013,Brad Stuart,S.J,D,7,8314,-0.85
8471326,2013,Patrick Bordeleau,COL,L,7,2404,0.16
8476874,2013,Olli Maatta,PIT,D,13,14099,6.82
8474535,2013,Chris Mueller,DAL,C,4,1553,-0.18
8473604,2013,Jonathan Toews,CHI,C,19,24750,17.31
8467344,2013,Robyn Regehr,L.A,D,8,8253,2.32
8471283,2013,Brandon Prust,MTL,L,13,9532,0.84
8474873,2013,Brian Lashoff,DET,D,5,4195,-0.22
8474100,2013,Dwight King,L.A,L,26,23306,13.6
8470654,2013,Maxim Lapierre,STL,C,6,5922,2.18
8476463,2013,Jonas Brodin,MIN,D,13,18432,5.93
8475747,2013,Patrik Nemeth,DAL,D,5,4582,0.87
8465951,2013,Matt Cooke,MIN,L,6,5758,3.45
8470852,2013,Matt Moulson,MIN,L,10,8998,6.44
8470169,2013,Gregory Campbell,BOS,C,12,8141,-0.72
8474162,2013,Jake Muzzin,L.A,D,26,36496,19.15
8470775,2013,Nate Thompson,T.B,C,4,2783,0.37
8473544,2013,Derick Brassard,NYR,C,23,21779,14.23
8474157,2013,Max Pacioretty,MTL,L,17,19701,11.45
8473914,2013,Mark Letestu,CBJ,C,6,6067,2.34
8468483,2013,Marian Gaborik,L.A,R,26,27715,25.15
8475246,2013,Kevin Connauton,DAL,D,4,2576,-0.25
8473573,2013,Artem Anisimov,CBJ,C,6,6288,2.02
8469638,2013,Jussi Jokinen,PIT,L,13,12260,13.78
8475770,2013,Emerson Etem,ANA,R,4,2486,0.83
8471958,2013,Dan Girardi,NYR,D,25,36470,3.23
8465185,2013,Willie Mitchell,L.A,D,18,24114,6.63
8467400,2013,Francois Beauchemin,ANA,D,13,18691,1.92
8465978,2013,Shawn Thornton,BOS,L,12,5303,0.82
8475167,2013,Victor Hedman,T.B,D,4,5877,3.03
8473446,2013,Erik Johnson,COL,D,7,11009,-1.33
8470886,2013,Clayton Stoner,MIN,D,13,9580,3.42
8468083,2013,Henrik Zetterberg,DET,L,2,2343,2.17
8459628,2013,Hal Gill,PHI,D,1,722,-0.28
8476381,2013,Andrew Shaw,CHI,R,12,12317,9.17
8470613,2013,Brent Burns,S.J,D,7,7362,3.85
8470621,2013,Corey Perry,ANA,R,13,15356,10.32
8477492,2013,Nathan MacKinnon,COL,C,7,8636,7.2
8471504,2013,Rene Bourque,MTL,R,17,14964,11.51
8471743,2013,Vladimir Sobotka,STL,L,6,7634,4.98
8468482,2013,Dany Heatley,MIN,L,11,7618,6.41
8470607,2013,Brent Seabrook,CHI,D,16,22434,11.6
8476438,2013,Brandon Saad,CHI,L,19,19968,17.77
8475191,2013,Reilly Smith,BOS,R,12,11353,10.04
8471476,2013,Daniel Winnik,ANA,L,9,7350,0.01
8470041,2013,Rick Nash,NYR,R,25,26126,15.18
8471873,2013,Anton Stralman,NYR,D,25,31579,6.1
8474568,2013,Luke Schenn,PHI,D,7,7292,0.9
8469473,2013,Marcel Goc,PIT,C,9,6252,1.98
8471240,2013,Jeff Schultz,L.A,D,7,7919,1.35
8471976,2013,David Desharnais,MTL,C,17,19044,8.3
8468575,2013,Dominic Moore,NYR,C,25,20193,4.84
8475186,2013,John Moore,NYR,D,21,18314,3.83
8474166,2013,Alec Martinez,L.A,D,26,25929,16.35
8475726,2013,Tyler Toffoli,L.A,C,26,20749,20.32
8474685,2013,Matt Calvert,CBJ,L,6,6332,4.25
8470666,2013,Daniel Carcillo,NYR,L,8,4208,2.28
8475650,2013,Brandon Bollig,CHI,L,15,5766,-1.8
8471254,2013,Bryan Bickell,CHI,L,19,18554,12.85
8475764,2013,Cam Fowler,ANA,D,13,18615,3.55
8476483,2013,Rickard Rakell,ANA,C,4,2632,1.03
8473473,2013,Milan Lucic,BOS,L,12,13282,8.02
8474497,2013,Michael Kostka,T.B,D,3,3047,1.77
8476470,2013,Nathan Beaulieu,MTL,D,7,4522,2.45
8475855,2013,Jesper Fast,NYR,R,3,1739,0.75
8470151,2013,Jay Bouwmeester,STL,D,6,9309,2.02
8467329,2013,Vincent Lecavalier,PHI,C,7,4488,0.15
8473512,2013,Claude Giroux,PHI,C,7,8146,6.49
8468478,2013,Mike Weaver,MTL,D,17,15876,2.65
8464975,2013,Daniel Briere,MTL,C,16,9686,4.95
8468526,2013,Jarret Stoll,L.A,C,26,26607,10.09
8467332,2013,Bryan Allen,ANA,D,13,14312,-1.27
8470638,2013,Patrice Bergeron,BOS,C,12,14179,13.6
8465058,2013,Michal Rozsival,CHI,D,17,17963,6.88
8475168,2013,Matt Duchene,COL,C,2,2429,0.84
8474141,2013,Patrick Kane,CHI,R,19,24357,21.93
8470626,2013,Loui Eriksson,BOS,L,12,12703,7.86
8462042,2013,Jarome Iginla,BOS,R,12,13292,7.14
8470699,2013,Jan Hejda,COL,D,7,9087,-2.65
8469665,2013,Johnny Oduya,CHI,D,19,24957,5.28
8467514,2013,Pavel Datsyuk,DET,C,5,6365,5.89
8473933,2013,Ben Lovejoy,ANA,D,13,15318,3.77
8476850,2013,Ryan Murray,CBJ,D,5,6818,0.22
8474818,2013,Jordie Benn,DAL,D,6,7899,3.48
8470601,2013,Braydon Coburn,PHI,D,7,8899,1.65
8471371,2013,Mike Brown,S.J,R,6,2502,1.2
8473700,2013,Ryan Wilson,COL,D,4,3709,1.02
8476854,2013,Hampus Lindholm,ANA,D,11,11988,0.65
8475193,2013,Tomas Tatar,DET,L,5,4534,1.83
8469485,2013,Derek Roy,STL,C,4,2917,0.99
8471260,2013,Blake Comeau,CBJ,L,6,4264,-0.33
8474564,2013,Steven Stamkos,T.B,C,4,5240,4.01
8471766,2013,Jared Boll,CBJ,R,2,789,-0.15
8475745,2013,Charlie Coyle,MIN,C,13,13910,8.16
8466160,2013,Brenden Morrow,STL,L,2,1510,0.32
8473492,2013,Matt Beleskey,ANA,L,5,4369,3.48
8470778,2013,Drew Miller,DET,L,5,4366,0.05
8471276,2013,David Krejci,BOS,C,12,15022,4.42
8474048,2013,Keith Aulie,T.B,D,1,742,-0.5
8471716,2013,Justin Abdelkader,DET,L,5,4741,3.01
8471718,2013,Marc-Andre Cliche,COL,C,7,6017,-2.59
8471956,2013,Andrew Desjardins,S.J,L,7,4298,0.52
8471817,2013,Ryan Reaves,STL,R,6,2208,-0.88
8467407,2013,Brian Gionta,MTL,R,17,18181,6.86
8467096,2013,Dan Boyle,S.J,D,7,9183,4.52
8475160,2013,Kyle Clifford,L.A,L,24,14088,5.34
8471339,2013,Ryan Callahan,T.B,R,4,4967,0.12
8475150,2013,Jordan Caron,BOS,R,7,3321,0.97
8471236,2013,Andrej Meszaros,BOS,D,4,4217,1.13
8474008,2013,Paul Carey,COL,C,3,678,-0.26
8471686,2013,Marc Staal,NYR,D,25,32730,6.38
8470324,2013,Josh Gorges,MTL,D,17,23913,1.85
8474849,2013,Antoine Roussel,DAL,L,6,4837,3.31
8475323,2013,Marcus Kruger,CHI,C,19,17846,3.56
8475287,2013,Erik Haula,MIN,L,13,11079,9.65
8475739,2013,Michael Bournival,MTL,L,14,8618,0.63
8473536,2013,James Sheppard,S.J,C,7,5171,5.28
8459442,2013,Saku Koivu,ANA,C,13,9932,-1.5
8474749,2013,Matt Bartkowski,BOS,D,8,9769,3.85
8476442,2013,Matt Nieto,S.J,L,7,6023,5.7
8474189,2013,Lars Eller,MTL,C,17,16787,10.61
8471299,2013,Peter Regin,CHI,C,5,3465,-0.77
8476792,2013,Torey Krug,BOS,D,12,14123,9.65
8474613,2013,Derek Stepan,NYR,C,24,28482,15
8470281,2013,Duncan Keith,CHI,D,19,31713,10.42
8476244,2013,Raphael Diaz,NYR,D,4,3485,1.2
8471241,2013,Mark Fistric,ANA,D,5,4027,0
8471269,2013,Nicklas Grossmann,PHI,D,4,3934,0.68
8471769,2013,Niklas Hjalmarsson,CHI,D,19,26178,2.13
8475640,2013,Erik Gustafsson,PHI,D,2,2059,1.17
8471490,2013,Adam Cracknell,STL,R,5,3816,0.6
8470543,2013,Chris Kunitz,PIT,L,13,14833,10.91
8470378,2013,Andre Benoit,COL,D,7,8941,0.65
8477215,2013,Danny DeKeyser,DET,D,5,6956,1.25
8462196,2013,Stephane Robidas,ANA,D,3,2855,-0.25
8475799,2013,Nino Niederreiter,MIN,R,13,11438,6.34
8469759,2013,Vernon Fiddler,DAL,C,6,5195,3.71
8467496,2013,Andrei Markov,MTL,D,17,26519,6.88
8475163,2013,Alex Chiasson,DAL,R,6,5644,2.43
8465202,2013,Sami Salo,T.B,D,2,1800,-0.8
8474090,2013,Brendan Smith,DET,D,5,5884,1.48
8469459,2013,Mikko Koivu,MIN,C,13,16010,9.99
8474089,2013,Brad Malone,COL,C,6,2119,-0.14
8471724,2013,Kris Letang,PIT,D,13,18855,10.43
8465914,2013,Francis Bouillon,MTL,D,9,7674,1.88
8477290,2013,Michael Raffl,PHI,L,7,5287,0.95
8469542,2013,Stephane Veilleux,MIN,L,4,1750,0.25
8474130,2013,Corey Tropp,CBJ,R,2,741,-0.33
8473534,2013,Patrik Berglund,STL,C,4,3622,0.3
8470230,2013,Daniel Paille,BOS,L,7,4835,1.08
8473432,2013,Derek Dorsett,NYR,R,23,13076,2.16
8471215,2013,Evgeni Malkin,PIT,C,13,16382,17.97
8470187,2013,Johnny Boychuk,BOS,D,12,16046,7.47
8469492,2013,Fedor Tyutin,CBJ,D,4,3583,0.27
8476851,2013,Alex Galchenyuk,MTL,C,5,4503,2.15
8470222,2013,James Wisniewski,CBJ,D,6,8912,2.05
8466378,2013,Martin St. Louis,NYR,R,25,28895,13.03
8474034,2013,Patrick Maroon,ANA,L,13,10190,4.3
8471677,2013,Jack Johnson,CBJ,D,6,10563,4.6
8470606,2013,Dustin Brown,L.A,R,26,26454,18.27
8470604,2013,Jeff Carter,L.A,C,26,28485,28.36
8471262,2013,Carl Soderberg,BOS,C,12,11293,9.38
8468635,2013,Travis Moen,MTL,L,4,2512,-0.21
8475462,2013,Radko Gudas,T.B,D,3,3442,0
8474563,2013,Drew Doughty,L.A,D,26,44853,23.2
8474679,2013,Gustav Nyquist,DET,R,5,4614,2.23
8471698,2013,T.J. Oshie,STL,R,5,7309,2.14
8474579,2013,Luca Sbisa,ANA,D,2,1720,0.43
8471657,2013,Cody McLeod,COL,L,7,4552,-0.68
8476822,2013,Luke Glendening,DET,C,5,4255,0.31
8469506,2013,Jason Pominville,MIN,R,13,14244,12.33
8475794,2013,Tyler Seguin,DAL,C,6,7182,6.54
8474098,2013,Colton Sceviour,DAL,C,6,5410,4.51
8475761,2013,Beau Bennett,PIT,R,12,8925,4.94
8470655,2013,David Backes,STL,R,4,5625,0.29
8470871,2013,Chris Porter,STL,L,6,4401,2.71
8469992,2013,Sheldon Brookbank,CHI,D,7,6231,1.9
8476207,2013,Brian Gibbons,PIT,L,8,5094,4.21
8467899,2013,Martin Havlat,S.J,R,1,709,-0.47
8474091,2013,Brandon Sutter,PIT,C,13,12389,8.05
8475222,2013,Sami Vatanen,ANA,D,5,6072,0.54
8474727,2013,Ben Smith,CHI,R,19,17361,6.45
8476975,2013,Cedric Paquette,T.B,C,4,2534,1.4
8473584,2013,Andrew MacDonald,PHI,D,7,9497,0.25
8467330,2013,David Legwand,DET,C,5,4195,-0.28
8474009,2013,Nick Bonino,ANA,C,13,13834,7.32
8471685,2013,Anze Kopitar,L.A,C,26,33104,27.15
8476453,2013,Nikita Kucherov,T.B,R,2,1393,1.32
8471699,2013,Andrew Cogliano,ANA,L,13,11621,4.93
8468513,2013,Nick Schultz,CBJ,D,2,1168,0.45
8475455,2013,Brenden Dillon,DAL,D,2,2186,0.17
8468309,2013,Mark Streit,PHI,D,7,8395,3.1
8475807,2013,Joakim Nordstrom,CHI,L,7,3573,-1.31
8475214,2013,Jeremy Morin,CHI,L,2,771,-0.07
8467917,2013,Jordan Leopold,STL,D,6,6002,0.73
8468509,2013,Niklas Kronwall,DET,D,5,7790,3.88
8475164,2013,Jakob Silfverberg,ANA,R,13,11643,1.02
8475692,2013,Mats Zuccarello,NYR,R,25,26513,15.49
8476432,2013,Boone Jenner,CBJ,C,6,6209,3.55
8474618,2013,Marco Scandella,MIN,D,13,16748,7.8
8468486,2013,Scott Hartnell,PHI,L,7,7082,4.27
8475170,2013,Brayden Schenn,PHI,C,7,5966,2.06
8474668,2013,Dale Weise,MTL,R,16,9827,5.49
8476191,2013,Kevan Miller,BOS,D,11,12821,1.5
8475793,2013,Ryan Johansen,CBJ,C,6,6856,5.01
8477501,2013,Valeri Nichushkin,DAL,R,6,4845,3.33
8470794,2013,Joe Pavelski,S.J,C,7,8629,6.39
8471309,2013,Johan Franzen,DET,R,5,5665,2.16
8474715,2013,Cam Atkinson,CBJ,R,6,6031,2.88
8468542,2013,Paul Martin,PIT,D,13,21319,12.98
8474151,2013,Ryan McDonagh,NYR,D,25,40216,14.6
8476461,2013,Sean Couturier,PHI,C,7,8226,-0.4
8466138,2013,Joe Thornton,S.J,C,7,8115,3.47
8475233,2013,David Savard,CBJ,D,6,8399,1.75
8475181,2013,Nick Leddy,CHI,D,18,17091,5.5
8473422,2013,Nick Foligno,CBJ,L,4,3585,0.63
8475209,2013,Richard Panik,T.B,R,2,1806,-0.7
8462129,2013,Michal Handzus,CHI,C,19,15100,-2.21
8476443,2013,Xavier Ouellet,DET,D,1,560,-0.33
8471669,2013,Paul Stastny,COL,C,7,9333,6.58
8469707,2013,PA Parenteau,COL,R,7,7513,2.52
8471856,2013,Joe Vitale,PIT,C,13,7249,0.9
8467423,2013,Shawn Horcoff,DAL,C,6,5120,5.99
8471346,2013,Kris Versteeg,CHI,R,15,10739,0.54
8458951,2013,Sergei Gonchar,DAL,D,6,4825,-1.18
8457981,2013,Teemu Selanne,ANA,R,12,8849,4.32
8471675,2013,Sidney Crosby,PIT,C,13,16626,13.54
8475613,2013,Nate Prosser,MIN,D,10,7514,2.07
8473419,2013,Brad Marchand,BOS,L,12,12695,8.18
8470854,2013,Tanner Glass,PIT,L,8,4723,-0.35
8471274,2013,Alex Goligoski,DAL,D,6,10262,6
8475917,2013,Jason Akeson,PHI,R,7,5457,3.13
8473465,2013,Jamie McGinn,COL,L,7,7268,3.77
8470171,2013,Max Talbot,COL,C,7,7196,-2.19
8475845,2013,Justin Florek,BOS,L,6,4258,2.3
8467925,2013,Adam Hall,PHI,R,7,4209,0.07
8470640,2013,Matt Carle,T.B,D,4,6043,-0.03
8470121,2013,Matt Greene,L.A,D,20,17353,7.67
8459670,2013,Kimmo Timonen,PHI,D,7,8407,1.4
8473618,2013,Mathieu Perreault,ANA,C,11,8318,3.73
8470630,2013,Kevin Klein,NYR,D,25,19928,7.35
8474739,2013,Tommy Wingels,S.J,C,7,7048,2.62
8467452,2013,Rob Scuderi,PIT,D,13,13843,0.37
8476455,2013,Gabriel Landeskog,COL,L,7,8901,3.44
8475325,2013,Jordan Nolan,L.A,C,3,1468,-0.6
8470740,2013,Lee Stempniak,PIT,R,13,11735,5.02
8459444,2013,Todd Bertuzzi,DET,R,1,770,-0.5
8474027,2013,Justin Braun,S.J,D,7,8571,1.43
8473986,2013,Alex Killorn,T.B,L,4,4482,1.81
8474056,2013,P.K. Subban,MTL,D,17,27983,13.95
8475671,2013,Matt Fraser,BOS,R,4,2722,2.85
8474218,2013,Jason Demers,S.J,D,7,8385,0.55
8467389,2013,Brad Richards,NYR,C,25,25521,11.04
8466158,2013,Scott Hannan,S.J,D,7,7417,2.43
