playerId,season,name,team,position,games_played,icetime,gameScore
8471702,2014,Matt Niskanen,WSH,D,14,19984,4.95
8471703,2014,Steve Downie,PIT,R,5,3198,2.1
8473563,2014,Nicklas Backstrom,WSH,C,14,18141,10.08
8468498,2014,Brooks Orpik,WSH,D,14,18723,4.4
8473565,2014,Brian Strait,NYI,D,7,7909,-1.55
8473673,2014,David Schlemko,CGY,D,11,9303,3.73
8475164,2014,Jakob Silfverberg,ANA,R,16,18271,16.98
8470144,2014,Frans Nielsen,NYI,C,7,6796,1.52
8475163,2014,Alex Chiasson,OTT,R,4,2216,-0.85
8477845,2014,Trevor van Riemsdyk,CHI,D,4,1689,-0.28
8470724,2014,Kyle Quincey,DET,D,7,8252,2.95
8468700,2014,Paul Gaustad,NSH,C,6,5737,-1.94
8476289,2014,Alexey Marchenko,DET,D,3,3036,-0.68
8470257,2014,Alexander Steen,STL,L,6,7048,6.19
8465058,2014,Michal Rozsival,CHI,D,10,10462,2.42
8470803,2014,Kyle Brodziak,MIN,C,10,7504,0.26
8477215,2014,Danny DeKeyser,DET,D,7,8976,-0.77
8474009,2014,Nick Bonino,VAN,C,6,5971,2.19
8475151,2014,Kyle Palmieri,ANA,R,16,12670,6.52
8474141,2014,Patrick Kane,CHI,R,23,28142,22.69
8473986,2014,Alex Killorn,T.B,L,26,31463,19.83
8471707,2014,James Neal,NSH,L,6,7424,6.56
8475765,2014,Vladimir Tarasenko,STL,R,6,6255,7.15
8474189,2014,Lars Eller,MTL,C,12,11510,6.25
8470755,2014,Brad Richardson,VAN,C,5,3783,0.25
8476392,2014,Adam Lowry,WPG,C,4,3545,2.32
8474102,2014,David Perron,PIT,L,5,5187,1.2
8476852,2014,Griffin Reinhart,NYI,D,1,762,-0.17
8471675,2014,Sidney Crosby,PIT,C,5,5924,4.76
8476436,2014,Dmitrij Jaskin,STL,R,6,4653,0.6
8469760,2014,Zbynek Michalek,STL,D,6,5887,0.46
8474056,2014,P.K. Subban,MTL,D,12,19264,10.25
8470041,2014,Rick Nash,NYR,R,19,21095,17.53
8475314,2014,Anders Lee,NYI,L,5,4425,0.2
8471873,2014,Anton Stralman,T.B,D,26,35122,13.7
8474134,2014,Yannick Weber,VAN,D,6,6902,2.88
8474574,2014,Tyler Myers,WPG,D,4,5851,1.35
8474573,2014,Josh Bailey,NYI,R,7,7319,3.93
8471887,2014,Patric Hornqvist,PIT,R,5,5503,4.53
8475692,2014,Mats Zuccarello,NYR,R,5,4376,3.31
8476822,2014,Luke Glendening,DET,C,7,6517,1.12
8477591,2014,Josh Jooris,CGY,R,9,6121,0.88
8475177,2014,Calvin de Haan,NYI,D,5,5204,-0.42
8467890,2014,Barret Jackman,STL,D,6,4677,0.28
8475181,2014,Nick Leddy,NYI,D,7,10358,5.43
8474150,2014,Mikael Backlund,CGY,C,11,12453,2.3
8477205,2014,Andrej Sustr,T.B,D,26,23772,2.3
8476887,2014,Filip Forsberg,NSH,L,6,7413,7.14
8471339,2014,Ryan Callahan,T.B,R,25,25324,11.23
8470640,2014,Matt Carle,T.B,D,25,24753,1.17
8476235,2014,Justin Fontaine,MIN,R,6,3871,1.65
8474870,2014,Tyler Johnson,T.B,C,26,28881,23.83
8468083,2014,Henrik Zetterberg,DET,L,7,7576,3
8474125,2014,Carl Gunnarsson,STL,D,6,6425,1.35
8473507,2014,Jeff Petry,MTL,D,12,16040,6.97
8474250,2014,Zack Smith,OTT,L,3,1779,0.01
8476459,2014,Mika Zibanejad,OTT,C,6,5656,3.49
8476453,2014,Nikita Kucherov,T.B,R,26,26504,22.98
8477494,2014,Jonathan Drouin,T.B,C,6,3614,-0.87
8473537,2014,Viktor Stalberg,NSH,L,6,5090,2.9
8474717,2014,Mark Barberio,T.B,D,1,524,-0.07
8471664,2014,Mason Raymond,CGY,L,8,4645,1.43
8468509,2014,Niklas Kronwall,DET,D,6,8490,0.25
8476244,2014,Raphael Diaz,CGY,D,3,1419,0.63
8474613,2014,Derek Stepan,NYR,C,19,22249,10.26
8476430,2014,Tomas Jurco,DET,L,7,3583,1.6
8469473,2014,Marcel Goc,STL,C,4,2025,0.6
8475745,2014,Charlie Coyle,MIN,C,10,8624,0.72
8466160,2014,Brenden Morrow,T.B,L,24,12480,-1.28
8474168,2014,Joakim Andersson,DET,C,7,4096,1.14
8475184,2014,Chris Kreider,NYR,L,19,19661,7.94
8470162,2014,Matt Stajan,CGY,C,11,10640,2.54
8474679,2014,Gustav Nyquist,DET,R,7,6576,2.92
8474578,2014,Erik Karlsson,OTT,D,6,10430,5.28
8469506,2014,Jason Pominville,MIN,R,10,10488,6.29
8470667,2014,Clarke MacArthur,OTT,L,6,5753,2.52
8473468,2014,Eric Gryba,OTT,D,6,5801,0.02
8470176,2014,Sean Bergenheim,MIN,L,3,1828,-0.38
8464989,2014,Matt Cullen,NSH,C,6,6236,2.56
8477508,2014,Curtis Lazar,OTT,C,6,4991,1.53
8474094,2014,Matt Halischuk,WPG,R,1,558,-0.72
8477942,2014,Kevin Fiala,NSH,L,1,665,0.05
8470151,2014,Jay Bouwmeester,STL,D,6,7369,1.28
8474068,2014,Kyle Turris,OTT,C,6,7138,3.29
8473618,2014,Mathieu Perreault,WPG,C,3,3069,2.26
8475167,2014,Victor Hedman,T.B,D,26,37378,22.75
8470358,2014,Alexandre Burrows,VAN,R,3,2586,3.17
8476885,2014,Jacob Trouba,WPG,D,4,4583,1.5
8475155,2014,Simon Despres,ANA,D,16,19937,8.47
8475157,2014,Landon Ferraro,DET,C,7,4260,-0.84
8474520,2014,Jason Garrison,T.B,D,23,26893,3.23
8470886,2014,Clayton Stoner,ANA,D,16,17502,2.77
8468085,2014,Radim Vrbata,VAN,R,6,5819,4.47
8475147,2014,Jordan Schroeder,MIN,L,3,2021,0.63
8459670,2014,Kimmo Timonen,CHI,D,18,9353,0.15
8475225,2014,Craig Smith,NSH,R,6,7401,6.13
8467452,2014,Rob Scuderi,PIT,D,5,6598,1.25
8474031,2014,Kevin Shattenkirk,STL,D,6,8250,8.88
8477495,2014,Seth Jones,NSH,D,6,10093,1.1
8474627,2014,Jori Lehtera,STL,C,5,4466,1.79
8470619,2014,Brian Boyle,T.B,C,25,20493,2.36
8476854,2014,Hampus Lindholm,ANA,D,16,22320,12.28
8466378,2014,Martin St. Louis,NYR,R,19,18810,6.14
8474034,2014,Patrick Maroon,ANA,L,16,17209,13.78
8471676,2014,Bobby Ryan,OTT,R,6,5507,2.02
8470607,2014,Brent Seabrook,CHI,D,23,36274,16.7
8468535,2014,Antoine Vermette,CHI,C,20,15759,7.6
8473482,2014,Jiri Tlusty,WPG,L,4,2448,-0.6
8474605,2014,Patrick Wiercioch,OTT,D,6,6945,3.6
8471976,2014,David Desharnais,MTL,C,11,10722,3.82
8475182,2014,David Rundblad,CHI,D,5,2245,0.85
8473546,2014,Michael Grabner,NYI,R,2,1409,0
8475247,2014,Michael Latta,WSH,C,4,1662,-1.24
8475176,2014,Ryan Ellis,NSH,D,6,9504,4.02
8471956,2014,Andrew Desjardins,CHI,L,21,17548,4.07
8475798,2014,Mikael Granlund,MIN,R,10,10701,5.33
8471426,2014,Troy Brouwer,WSH,R,14,15103,3.36
8476293,2014,Scott Wilson,PIT,C,3,1211,0.88
8469623,2014,Marek Zidlicky,DET,D,6,5499,1.9
8475764,2014,Cam Fowler,ANA,D,16,22201,11.3
8470655,2014,David Backes,STL,R,6,6876,3.48
8467496,2014,Andrei Markov,MTL,D,12,17332,4.67
8474716,2014,Jared Spurgeon,MIN,D,10,12795,4.17
8474091,2014,Brandon Sutter,PIT,C,5,4787,2.46
8468542,2014,Paul Martin,PIT,D,5,7256,1.32
8469521,2014,Tomas Plekanec,MTL,C,12,14679,7.37
8476882,2014,Teuvo Teravainen,CHI,L,18,14546,9.42
8475223,2014,Linden Vey,VAN,R,1,599,0.41
8470642,2014,Shea Weber,NSH,D,2,3098,0.55
8471729,2014,Kris Russell,CGY,D,11,17652,1.93
8476468,2014,J.T. Miller,NYR,L,19,16697,9.65
8467875,2014,Daniel Sedin,VAN,L,6,6610,7.61
8470047,2014,Valtteri Filppula,T.B,C,26,29984,11.97
8471686,2014,Marc Staal,NYR,D,19,23570,-1.35
8470039,2014,Tomas Fleischmann,ANA,L,6,3831,1.43
8470834,2014,Dustin Byfuglien,WPG,D,4,5521,1.15
8469544,2014,Patrick Sharp,CHI,L,23,21498,16.82
8476452,2014,Tyler Wotherspoon,CGY,D,6,2391,0.3
8475323,2014,Marcus Kruger,CHI,C,23,20828,6.27
8471283,2014,Brandon Prust,MTL,L,12,9923,5.62
8470621,2014,Corey Perry,ANA,R,16,19110,20.93
8470616,2014,Ryan Kesler,ANA,C,16,19659,14.35
8475807,2014,Joakim Nordstrom,CHI,L,3,2383,-0.51
8470187,2014,Johnny Boychuk,NYI,D,7,10923,4.75
8476851,2014,Alex Galchenyuk,MTL,L,12,11528,5.3
8476806,2014,J.T. Brown,T.B,R,24,17775,4
8473646,2014,Ryan Carter,MIN,L,1,378,-0.1
8476438,2014,Brandon Saad,CHI,L,23,27968,17.55
8478137,2014,Jiri Sekac,ANA,L,7,4781,-0.45
8473485,2014,Chris Stewart,MIN,R,8,7669,-0.08
8475193,2014,Tomas Tatar,DET,L,7,6616,5.14
8471260,2014,Blake Comeau,PIT,L,5,4263,1.06
8467370,2014,Mike Fisher,NSH,C,3,2077,1.07
8469476,2014,Tim Gleason,WSH,D,14,11030,-0.48
8474590,2014,John Carlson,WSH,D,14,20123,11.78
8469770,2014,Dennis Wideman,CGY,D,11,17475,4
8473544,2014,Derick Brassard,NYR,C,19,20304,17.5
8477455,2014,Jacob de la Rose,MTL,L,12,9121,-0.36
8471498,2014,Jannik Hansen,VAN,R,6,5922,4.7
8476419,2014,Jean-Gabriel Pageau,OTT,C,6,5602,2.41
8473579,2014,Nikolay Kulemin,NYI,L,7,6597,1.51
8475772,2014,Riley Sheahan,DET,C,7,5937,3.02
8473412,2014,Bryan Little,WPG,C,4,4623,3.12
8474176,2014,Carl Hagelin,NYR,L,19,18957,7.6
8467096,2014,Dan Boyle,NYR,D,19,22578,12.3
8475166,2014,John Tavares,NYI,C,7,8111,6.43
8470871,2014,Chris Porter,STL,L,3,1472,1.29
8476470,2014,Nathan Beaulieu,MTL,D,5,3877,1.22
8474096,2014,Nick Spaling,PIT,C,5,4100,1.41
8475913,2014,Mark Stone,OTT,R,6,6900,4.3
8475855,2014,Jesper Fast,NYR,R,19,16907,4.55
8474157,2014,Max Pacioretty,MTL,L,11,13100,11.09
8474013,2014,Ian Cole,PIT,D,5,6901,1.97
8468674,2014,Deryk Engelland,CGY,D,11,13240,0.32
8476879,2014,Cody Ceci,OTT,D,6,6478,1.18
8476346,2014,Johnny Gaudreau,CGY,L,11,12650,5.8
8471698,2014,T.J. Oshie,STL,R,6,6887,3.29
8470740,2014,Lee Stempniak,WPG,R,4,3059,1.14
8470714,2014,Corey Potter,CGY,D,2,570,0.28
8471185,2014,Curtis Glencross,WSH,L,10,6248,0.5
8467514,2014,Pavel Datsyuk,DET,C,7,8033,5.82
8471217,2014,Andrew Ladd,WPG,L,4,4917,1.67
8471214,2014,Alex Ovechkin,WSH,L,14,16760,13.24
8471296,2014,Alexei Emelin,MTL,D,12,15470,3.37
8473933,2014,Ben Lovejoy,PIT,D,5,6877,2.85
8468505,2014,Steve Ott,STL,C,6,4049,1.24
8474600,2014,Roman Josi,NSH,D,6,11380,2.03
8473534,2014,Patrik Berglund,STL,C,6,5026,5.15
8469598,2014,Kevin Bieksa,VAN,D,6,6594,0.27
8475690,2014,Christopher Tanev,VAN,D,6,7920,3.6
8470760,2014,Marc Methot,OTT,D,6,8568,1.15
8467876,2014,Henrik Sedin,VAN,C,6,6779,7.23
8477935,2014,Sam Bennett,CGY,C,11,9254,2.9
8474569,2014,Colin Wilson,NSH,C,6,7105,3.76
8469501,2014,Chris Thorburn,WPG,R,4,1796,-0.62
8471362,2014,Mikhail Grabovski,NYI,C,3,2600,-0.2
8470289,2014,Jim Slater,WPG,C,4,2293,-0.89
8470778,2014,Drew Miller,DET,L,7,7027,0.09
8470854,2014,Tanner Glass,NYR,L,19,10653,0.13
8477913,2014,David Wolf,CGY,L,1,625,-0.2
8474668,2014,Dale Weise,MTL,R,12,9008,5.28
8471958,2014,Dan Girardi,NYR,D,19,24656,5.92
8474709,2014,Matt Martin,NYI,L,7,5004,3.33
8477589,2014,Ronalds Kenins,VAN,L,5,3260,1.61
8473564,2014,Michael Frolik,WPG,R,4,4169,1.5
8475763,2014,Kevin Hayes,NYR,C,19,16200,7.61
8475761,2014,Beau Bennett,PIT,R,2,963,0.25
8470630,2014,Kevin Klein,NYR,D,14,16032,3.58
8476483,2014,Rickard Rakell,ANA,C,16,11075,3.38
8476480,2014,Vladislav Namestnikov,T.B,C,12,5658,-0.34
8476808,2014,Brian Flynn,MTL,C,6,3959,2.84
8475758,2014,Devante Smith-Pelly,MTL,R,12,8865,3.3
8476975,2014,Cedric Paquette,T.B,C,24,18430,0.09
8475613,2014,Nate Prosser,MIN,D,1,242,-0.35
8471218,2014,Blake Wheeler,WPG,R,4,4618,0.86
8471699,2014,Andrew Cogliano,ANA,L,16,15615,12.33
8475208,2014,Brian Dumoulin,PIT,D,5,4231,1.1
8470610,2014,Zach Parise,MIN,L,10,11330,8.69
8471669,2014,Paul Stastny,STL,C,6,6288,2.94
8470104,2014,Tom Gilbert,MTL,D,12,14089,6.53
8476856,2014,Matt Dumba,MIN,D,10,9652,3.83
8470281,2014,Duncan Keith,CHI,D,23,42937,26.48
8475754,2014,Brock Nelson,NYI,C,6,5161,1.63
8476463,2014,Jonas Brodin,MIN,D,10,13125,-1.02
8475192,2014,Taylor Beck,NSH,L,5,3877,-0.45
8471476,2014,Daniel Winnik,PIT,L,5,4164,-1.69
8476440,2014,Markus Granlund,CGY,C,3,1392,1.11
8474564,2014,Steven Stamkos,T.B,C,26,28944,18.37
8476466,2014,Sven Baertschi,VAN,L,2,1159,-0.45
8475744,2014,Evgeny Kuznetsov,WSH,C,14,13957,8.39
8473658,2014,Victor Bartley,NSH,D,4,2724,0.63
8475279,2014,Ben Chiarot,WPG,D,2,1644,-0.55
8474579,2014,Luca Sbisa,VAN,D,6,6280,1.3
8471710,2014,Taylor Chorney,PIT,D,5,4977,1.02
8471311,2014,Tyler Kennedy,NYI,C,3,1899,0.23
8471242,2014,Mike Green,WSH,D,14,15449,3.52
8467400,2014,Francois Beauchemin,ANA,D,16,24396,12.82
8466148,2014,Marian Hossa,CHI,R,23,27412,20.3
8475268,2014,Gabriel Bourque,NSH,L,5,4629,-1.65
8476539,2014,Jonathan Marchessault,T.B,C,2,1375,0.13
8477444,2014,Andre Burakovsky,WSH,L,11,8193,4.48
8471735,2014,Keith Yandle,NYR,D,19,20530,12.8
8474151,2014,Ryan McDonagh,NYR,D,19,26807,10.53
8476880,2014,Tom Wilson,WSH,R,13,6031,-0.57
8471817,2014,Ryan Reaves,STL,R,6,3140,2.15
8470318,2014,Jonathan Ericsson,DET,D,7,8335,2.02
8475222,2014,Sami Vatanen,ANA,D,16,20383,10.32
8471338,2014,Torrey Mitchell,MTL,C,12,9011,4.36
8470644,2014,Colin McDonald,NYI,R,2,1410,-0.07
8469665,2014,Johnny Oduya,CHI,D,23,34160,5.8
8468575,2014,Dominic Moore,NYR,C,19,16900,3.25
8473588,2014,Erik Condra,OTT,R,6,6306,2.76
8467330,2014,David Legwand,OTT,C,3,1775,-0.63
8471254,2014,Bryan Bickell,CHI,L,18,15714,3.5
8475768,2014,Jaden Schwartz,STL,L,6,6483,4.93
8476458,2014,Ryan Strome,NYI,C,7,7370,3.75
8473604,2014,Jonathan Toews,CHI,C,23,28844,23.21
8477497,2014,Sean Monahan,CGY,C,11,13061,2.66
8475287,2014,Erik Haula,MIN,L,2,1319,1.3
8471215,2014,Evgeni Malkin,PIT,C,5,5689,0.88
8467917,2014,Jordan Leopold,MIN,D,9,6483,-0.72
8474618,2014,Marco Scandella,MIN,D,10,12436,3.17
8470600,2014,Ryan Suter,MIN,D,10,16188,2.17
8470601,2014,Braydon Coburn,T.B,D,26,26508,0.32
8474565,2014,Alex Pietrangelo,STL,D,6,9646,7.42
8467371,2014,Mike Ribeiro,NSH,C,6,8410,4.69
8475780,2014,Chris Wagner,ANA,R,2,665,0.44
8471769,2014,Niklas Hjalmarsson,CHI,D,23,35934,6.2
8470201,2014,Jiri Hudler,CGY,R,11,10799,4.98
8473492,2014,Matt Beleskey,ANA,L,16,15353,10.77
8474291,2014,Jay Beagle,WSH,C,14,13270,6.22
8474697,2014,Mark Borowiecki,OTT,D,6,5903,0.18
8471716,2014,Justin Abdelkader,DET,L,5,5018,2.65
8469639,2014,Brooks Laich,WSH,C,14,10025,2.54
8474688,2014,Greg Pateryn,MTL,D,7,4604,3.75
8471390,2014,Mike Santorelli,NSH,C,4,3200,1.73
8465951,2014,Matt Cooke,MIN,L,7,4677,1.9
8471794,2014,Darren Helm,DET,C,7,8102,2.89
8469459,2014,Mikko Koivu,MIN,C,10,10931,2.61
8469457,2014,Stephen Weiss,DET,C,2,1256,-0.38
8475770,2014,Emerson Etem,ANA,R,12,8427,3.78
8476292,2014,Ondrej Palat,T.B,L,26,29900,17.49
8475848,2014,Brendan Gallagher,MTL,R,12,12978,12.02
8467493,2014,Chris Neil,OTT,R,2,869,-0.18
8470654,2014,Maxim Lapierre,PIT,C,5,4193,0.88
8471303,2014,Alexander Edler,VAN,D,6,8525,3.85
8474066,2014,Thomas Hickey,NYI,D,7,8995,3.5
8470877,2014,David Jones,CGY,R,11,9252,4.66
8474090,2014,Brendan Smith,DET,D,5,4827,1.15
8475799,2014,Nino Niederreiter,MIN,R,10,9057,3
8473449,2014,Kyle Okposo,NYI,R,7,7775,3.31
8475650,2014,Brandon Bollig,CGY,L,11,4543,2.52
8476460,2014,Mark Scheifele,WPG,C,4,4240,0.14
8473504,2014,Cal Clutterbuck,NYI,R,7,5387,3.89
8475231,2014,Casey Cizikas,NYI,C,7,5751,3.42
8469707,2014,PA Parenteau,MTL,R,8,6895,2.98
8475714,2014,Calle Jarnkrok,NSH,C,6,5933,1.91
8471385,2014,Adam Pardy,WPG,D,2,2192,0.98
8470828,2014,Toby Enstrom,WPG,D,4,4985,0.38
8473432,2014,Derek Dorsett,VAN,R,6,4541,0.73
8470612,2014,Ryan Getzlaf,ANA,C,16,21520,20.13
8471742,2014,Cody Franson,NSH,D,5,4380,2.3
8469490,2014,Tim Jackman,ANA,R,9,3533,0.03
8470598,2014,Thomas Vanek,MIN,L,10,8517,3.21
8475213,2014,Drew Shore,CGY,C,1,857,0.21
8471346,2014,Kris Versteeg,CHI,R,12,9617,3.72
8475907,2014,Micheal Ferland,CGY,L,9,6784,3.45
8471879,2014,Kyle Cumiskey,CHI,D,9,5113,0.23
8476429,2014,Scott Mayfield,NYI,D,2,1490,-0.57
8468208,2014,Joel Ward,WSH,R,14,16000,13.38
8474646,2014,Brandon McMillan,VAN,L,2,1062,1.18
8470775,2014,Nate Thompson,ANA,C,12,11141,4.67
8474673,2014,TJ Brodie,CGY,D,11,17897,5.3
8473536,2014,James Sheppard,NYR,C,13,6953,1.96
8469465,2014,Dan Hamhuis,VAN,D,6,7078,3.82
8470543,2014,Chris Kunitz,PIT,L,5,5335,2.75
8473574,2014,Shawn Matthias,VAN,L,6,4394,1.18
8477500,2014,Bo Horvat,VAN,C,6,4562,3.74
8475722,2014,Jason Zucker,MIN,L,10,8505,2.57
8471436,2014,Matt Hunwick,NYR,D,6,4242,0.85
8471226,2014,Drew Stafford,WPG,R,4,4156,0.73
8473991,2014,Karl Alzner,WSH,D,14,16992,5.48
8475149,2014,Marcus Johansson,WSH,L,14,14816,3.31
8474659,2014,Matt Donovan,NYI,D,2,1361,-0.23
8470614,2014,Mark Stuart,WPG,D,4,4263,1.13
8476300,2014,Nikita Nesterov,T.B,D,17,10989,7.33
8476381,2014,Andrew Shaw,CHI,R,23,21460,12.53
8474642,2014,Lance Bouma,CGY,L,2,1712,-0.5
8471693,2014,Jakub Kindl,DET,D,1,997,0.78
8468598,2014,Lubomir Visnovsky,NYI,D,4,3919,3.67
8470611,2014,Eric Fehr,WSH,C,4,2373,0.3
8470599,2014,Milan Michalek,OTT,L,6,6026,1.01
8468501,2014,Anton Volchenkov,NSH,D,1,831,0
8475218,2014,Mattias Ekholm,NSH,D,6,9507,0.95
8474577,2014,Joe Colborne,CGY,C,11,11365,0.03
8467389,2014,Brad Richards,CHI,C,23,23088,13.18
8470274,2014,Chris Higgins,VAN,L,6,5973,2.88
8474884,2014,Mike Hoffman,OTT,L,6,4688,3.39
8466251,2014,Jason Chimera,WSH,L,14,13103,7.18
