playerId,season,name,team,position,games_played,icetime,gameScore
8473962,2015,Teddy Purcell,FLA,L,6,5595,0.75
8471958,2015,Dan Girardi,NYR,D,2,2116,0.95
8476406,2015,Nick Shore,L.A,C,1,556,-0.1
8471702,2015,Matt Niskanen,WSH,D,12,19105,5.33
8471707,2015,James Neal,NSH,L,14,18050,10.7
8471709,2015,Marc-Edouard Vlasic,S.J,D,24,33929,15.6
8476979,2015,Erik Gustafsson,CHI,D,5,3403,1.57
8474145,2015,Robert Bortuzzo,STL,D,5,3415,2.83
8473563,2015,Nicklas Backstrom,WSH,C,12,14426,11.79
8474098,2015,Colton Sceviour,DAL,C,11,8391,6.47
8468498,2015,Brooks Orpik,WSH,D,6,7591,-0.5
8470144,2015,Frans Nielsen,NYI,C,11,14322,5.37
8470724,2015,Kyle Quincey,DET,D,4,4531,0.43
8476886,2015,Slater Koekkoek,T.B,D,10,6036,1.38
8470803,2015,Kyle Brodziak,STL,C,20,10366,1.47
8466138,2015,Joe Thornton,S.J,C,24,28308,20.07
8468001,2015,Derek MacKenzie,FLA,C,6,5278,1.22
8475231,2015,Casey Cizikas,NYI,C,11,9799,0.52
8475222,2015,Sami Vatanen,ANA,D,7,9681,4.95
8474849,2015,Antoine Roussel,DAL,L,13,11128,4.43
8475714,2015,Calle Jarnkrok,NSH,C,14,12533,0.05
8467423,2015,Shawn Horcoff,ANA,C,5,2343,0.51
8475726,2015,Tyler Toffoli,L.A,C,5,5014,0.78
8468508,2015,Justin Williams,WSH,R,12,11131,6.41
8476436,2015,Dmitrij Jaskin,STL,R,6,2929,2.8
8467370,2015,Mike Fisher,NSH,C,14,15668,10.54
8476483,2015,Rickard Rakell,ANA,C,7,6318,2.17
8477447,2015,Shea Theodore,ANA,D,6,5146,0.8
8474168,2015,Joakim Andersson,DET,C,5,1977,0.96
8471887,2015,Patric Hornqvist,PIT,R,24,25020,18.99
8471710,2015,Taylor Chorney,WSH,D,7,5280,1.9
8467389,2015,Brad Richards,DET,C,5,4490,0.93
8477845,2015,Trevor van Riemsdyk,CHI,D,7,10034,2.18
8476887,2015,Filip Forsberg,NSH,L,14,16778,6.54
8471392,2015,Roman Polak,S.J,D,24,22693,-0.7
8475177,2015,Calvin de Haan,NYI,D,11,13671,1.05
8477946,2015,Dylan Larkin,DET,C,5,4338,1.75
8475795,2015,Dylan McIlrath,NYR,D,1,547,0.38
8476404,2015,Andy Andreoff,L.A,L,1,592,0.28
8476400,2015,Logan Shaw,FLA,C,3,2092,0.45
8466148,2015,Marian Hossa,CHI,R,7,7553,8.19
8475768,2015,Jaden Schwartz,STL,L,20,21761,13.19
8474066,2015,Thomas Hickey,NYI,D,11,13139,4.9
8474090,2015,Brendan Smith,DET,D,3,2922,2.45
8475799,2015,Nino Niederreiter,MIN,R,6,5556,5.26
8476806,2015,J.T. Brown,T.B,R,9,5713,0.81
8475906,2015,John Klingberg,DAL,D,13,19349,8.63
8448208,2015,Jaromir Jagr,FLA,R,6,7863,5.1
8473994,2015,Jamie Benn,DAL,L,13,16665,13.14
8475149,2015,Marcus Johansson,WSH,L,12,12007,6.24
8473504,2015,Cal Clutterbuck,NYI,R,11,8963,2.17
8474125,2015,Carl Gunnarsson,STL,D,19,18939,1.85
8470039,2015,Tomas Fleischmann,CHI,L,4,2552,-0.14
8469544,2015,Patrick Sharp,DAL,L,13,14452,9.46
8475200,2015,Dmitry Orlov,WSH,D,11,8775,2.43
8476869,2015,Brady Skjei,NYR,D,5,5539,2.45
8475730,2015,Stephen Johns,DAL,D,13,11549,1.85
8476442,2015,Matt Nieto,S.J,L,16,11853,1.33
8476393,2015,Nick Cousins,PHI,C,6,3954,1.07
8476856,2015,Matt Dumba,MIN,D,6,5225,1.23
8474612,2015,Travis Hamonic,NYI,D,11,17250,1.05
8473646,2015,Ryan Carter,MIN,L,2,1208,-0.98
8475810,2015,Bryan Rust,PIT,R,23,15887,13.06
8475613,2015,Nate Prosser,MIN,D,6,4283,-0.95
8477932,2015,Aaron Ekblad,FLA,D,6,9223,3.8
8474850,2015,Brandon Mashinter,CHI,L,2,1025,0.43
8474818,2015,Jordie Benn,DAL,D,1,741,0.2
8476428,2015,Rocco Grimaldi,FLA,C,2,1260,-0.2
8473548,2015,Phil Kessel,PIT,R,24,25607,25
8475184,2015,Chris Kreider,NYR,L,5,4785,3.29
8475060,2015,Matt Taormina,T.B,D,3,653,-0.02
8477406,2015,Mattias Janmark,DAL,C,12,10571,6.63
8474573,2015,Josh Bailey,NYI,R,9,8730,-0.41
8471699,2015,Andrew Cogliano,ANA,L,7,6047,2.11
8476822,2015,Luke Glendening,DET,R,5,4978,0.38
8473571,2015,Jamie McBain,L.A,D,4,2606,0.8
8466251,2015,Jason Chimera,WSH,L,12,9354,1.23
8471242,2015,Mike Green,DET,D,5,5028,2.45
8474176,2015,Carl Hagelin,PIT,L,24,23591,16.99
8477501,2015,Valeri Nichushkin,DAL,R,10,8105,1.93
8476409,2015,Alan Quine,NYI,C,10,9226,3.78
8474141,2015,Patrick Kane,CHI,R,7,10112,6.95
8469623,2015,Marek Zidlicky,NYI,D,5,5461,0.5
8475765,2015,Vladimir Tarasenko,STL,R,20,21612,16.2
8476892,2015,Colton Parayko,STL,D,20,24147,6.9
8475310,2015,Curtis McKenzie,DAL,L,1,438,0.25
8476925,2015,Colton Sissons,NSH,C,10,6340,-0.58
8475225,2015,Craig Smith,NSH,R,11,10092,4.91
8476884,2015,Derrick Pouliot,PIT,D,2,1762,0.53
8470640,2015,Matt Carle,T.B,D,14,12649,2.72
8474722,2015,Luke Witkowski,T.B,R,2,391,0.2
8476468,2015,J.T. Miller,NYR,C,5,4851,2.68
8473588,2015,Erik Condra,T.B,R,3,906,-0.4
8468083,2015,Henrik Zetterberg,DET,C,5,5880,3.1
8475868,2015,Anthony Bitetto,NSH,D,14,9653,1.9
8474739,2015,Tommy Wingels,S.J,C,22,12881,2.78
8476874,2015,Olli Maatta,PIT,D,18,19160,4.72
8474166,2015,Alec Martinez,L.A,D,1,703,-0.4
8475323,2015,Marcus Kruger,CHI,C,7,6336,1.58
8473426,2015,Mike Weber,WSH,D,2,1181,-0.05
8475208,2015,Brian Dumoulin,PIT,D,24,30995,12.35
8474565,2015,Alex Pietrangelo,STL,D,20,34566,10.55
8471663,2015,Mike Blunden,T.B,R,7,2440,-0.13
8469759,2015,Vernon Fiddler,DAL,C,13,6963,1.53
8470617,2015,Mike Richards,WSH,C,12,8103,0.67
8471215,2015,Evgeni Malkin,PIT,C,23,24162,22.98
8470187,2015,Johnny Boychuk,NYI,D,11,14477,0.82
8474613,2015,Derek Stepan,NYR,C,5,5155,4.04
8468509,2015,Niklas Kronwall,DET,D,5,6508,2.13
8470281,2015,Duncan Keith,CHI,D,6,11327,6.75
8476439,2015,Brett Ritchie,DAL,R,2,812,-0.53
8471873,2015,Anton Stralman,T.B,D,6,7282,0.67
8474563,2015,Drew Doughty,L.A,D,5,9247,3.13
8477444,2015,Andre Burakovsky,WSH,L,12,9023,4.95
8475780,2015,Chris Wagner,ANA,R,2,918,0.11
8475744,2015,Evgeny Kuznetsov,WSH,C,12,12562,6.06
8470201,2015,Jiri Hudler,FLA,R,6,5376,-0.09
8470775,2015,Nate Thompson,ANA,C,7,5514,1.64
8469506,2015,Jason Pominville,MIN,R,6,5734,6.15
8475179,2015,Dmitry Kulikov,FLA,D,6,9056,5.05
8467890,2015,Barret Jackman,NSH,D,14,10711,1.6
8474709,2015,Matt Martin,NYI,L,11,8242,-0.17
8476116,2015,Ryan Garbutt,ANA,C,7,4120,2.77
8476480,2015,Vladislav Namestnikov,T.B,C,17,10460,3.05
8474053,2015,Logan Couture,S.J,C,24,27868,27.32
8474151,2015,Ryan McDonagh,NYR,D,3,3723,0.78
8473512,2015,Claude Giroux,PHI,C,6,7487,0.22
8470886,2015,Clayton Stoner,ANA,D,1,452,-0.25
8475236,2015,Cody Eakin,DAL,C,13,14676,8.07
8467514,2015,Pavel Datsyuk,DET,C,5,5509,2.32
8477493,2015,Aleksander Barkov,FLA,C,6,9325,6.94
8471716,2015,Justin Abdelkader,DET,L,5,5744,0.57
8470611,2015,Eric Fehr,PIT,C,23,16075,3.9
8474027,2015,Justin Braun,S.J,D,24,30785,9.55
8470612,2015,Ryan Getzlaf,ANA,C,7,9281,7.52
8474102,2015,David Perron,ANA,L,7,6632,5.71
8470180,2015,Eric Nystrom,NSH,L,1,562,-0.6
8474610,2015,Zac Dalpe,MIN,C,3,1468,-0.3
8474520,2015,Jason Garrison,T.B,D,17,19875,6.25
8468505,2015,Steve Ott,STL,C,9,3713,-0.07
8470601,2015,Braydon Coburn,T.B,D,17,18999,4.05
8475755,2015,Alex Petrovic,FLA,D,6,7172,5.97
8470110,2015,Trevor Daley,PIT,D,15,19921,6.48
8475191,2015,Reilly Smith,FLA,R,6,8940,10.76
8474564,2015,Steven Stamkos,T.B,C,1,715,-0.17
8471769,2015,Niklas Hjalmarsson,CHI,D,7,10156,2.65
8474218,2015,Jason Demers,DAL,D,13,14982,4.55
8474162,2015,Jake Muzzin,L.A,D,5,7665,5.63
8474161,2015,Jakub Voracek,PHI,R,6,6440,1.95
8473579,2015,Nikolay Kulemin,NYI,L,11,11841,-0.04
8473584,2015,Andrew MacDonald,PHI,D,6,6587,1.4
8473466,2015,Ryan White,PHI,C,6,4552,0.46
8474668,2015,Dale Weise,CHI,R,4,2016,0.82
8477506,2015,Ryan Pulock,NYI,D,6,5243,1.42
8464989,2015,Matt Cullen,PIT,C,24,19915,2.65
8465978,2015,Shawn Thornton,FLA,L,4,1721,0.05
8475182,2015,David Rundblad,CHI,D,3,1680,0.08
8475761,2015,Beau Bennett,PIT,R,1,678,-0.15
8475167,2015,Victor Hedman,T.B,D,17,27985,14.65
8469598,2015,Kevin Bieksa,ANA,D,6,7097,1.63
8468542,2015,Paul Martin,S.J,D,24,31787,6.98
8473544,2015,Derick Brassard,NYR,C,5,5036,4.87
8475715,2015,Oscar Lindberg,NYR,C,2,1645,0.43
8476539,2015,Jonathan Marchessault,T.B,C,5,2131,1.16
8477215,2015,Danny DeKeyser,DET,D,5,6543,0.38
8477290,2015,Michael Raffl,PHI,L,6,4527,1.6
8467452,2015,Rob Scuderi,L.A,D,5,5799,0.93
8476300,2015,Nikita Nesterov,T.B,D,9,6468,2.08
8474031,2015,Kevin Shattenkirk,STL,D,20,25272,10.25
8473986,2015,Alex Killorn,T.B,L,17,18685,13.79
8475798,2015,Mikael Granlund,MIN,R,6,8054,3.55
8470105,2015,Scottie Upshall,STL,R,17,8965,1.05
8471214,2015,Alex Ovechkin,WSH,L,12,15353,16.55
8470595,2015,Eric Staal,NYR,C,5,4824,0.46
8470606,2015,Dustin Brown,L.A,R,5,4843,1.47
8470604,2015,Jeff Carter,L.A,C,5,5596,1.91
8476854,2015,Hampus Lindholm,ANA,D,7,9899,4.85
8476857,2015,Pontus Aberg,NSH,L,2,806,-0.4
8471762,2015,Chris VandeVelde,PHI,C,6,5474,-0.06
8474602,2015,Justin Schultz,PIT,D,15,11712,7.48
8474600,2015,Roman Josi,NSH,D,14,23481,7.85
8467371,2015,Mike Ribeiro,NSH,C,12,11068,0.39
8476545,2015,Kurtis Gabriel,MIN,R,4,1301,-0.45
8468635,2015,Travis Moen,DAL,L,6,2417,-0.31
8477922,2015,Melker Karlsson,S.J,C,24,20066,4.27
8474291,2015,Jay Beagle,WSH,C,12,9499,3.04
8470854,2015,Tanner Glass,NYR,L,4,2271,-0.05
8468208,2015,Joel Ward,S.J,R,24,22851,10.43
8471794,2015,Darren Helm,DET,L,5,3911,1.19
8471956,2015,Andrew Desjardins,CHI,L,6,3173,-0.03
8471817,2015,Ryan Reaves,STL,R,5,1850,0.16
8469459,2015,Mikko Koivu,MIN,C,6,7731,5.14
8469455,2015,Jason Spezza,DAL,C,13,13719,13.61
8475793,2015,Ryan Johansen,NSH,C,14,15708,9.43
8467096,2015,Dan Boyle,NYR,D,4,4702,1.33
8470871,2015,Chris Porter,MIN,L,6,3683,0.04
8468700,2015,Paul Gaustad,NSH,C,14,9809,0.72
8475855,2015,Jesper Fast,NYR,R,5,4209,1.35
8470151,2015,Jay Bouwmeester,STL,D,20,29557,1
8468483,2015,Marian Gaborik,L.A,R,4,3656,1.85
8476880,2015,Tom Wilson,WSH,R,12,8652,0.68
8470644,2015,Colin McDonald,PHI,R,3,1595,-0.33
8473604,2015,Jonathan Toews,CHI,C,7,9529,6.98
8475155,2015,Simon Despres,ANA,D,7,7315,-0.5
8476235,2015,Justin Fontaine,MIN,R,4,3202,-1.06
8475430,2015,Brandon Manning,PHI,D,6,6623,1.63
8471729,2015,Kris Russell,DAL,D,12,14361,4.3
8465058,2015,Michal Rozsival,CHI,D,4,3893,-0.02
8476906,2015,Shayne Gostisbehere,PHI,D,6,7395,2.25
8475287,2015,Erik Haula,MIN,L,5,5477,3.11
8471698,2015,T.J. Oshie,WSH,R,12,13680,12.51
8470621,2015,Corey Perry,ANA,R,7,7483,3.11
8468513,2015,Nick Schultz,PHI,D,6,6050,-0.2
8473453,2015,Trevor Lewis,L.A,C,5,3183,2.11
8476447,2015,Miikka Salomaki,NSH,R,14,10936,1.47
8470616,2015,Ryan Kesler,ANA,C,7,8455,4.39
8473933,2015,Ben Lovejoy,PIT,D,24,25572,7.28
8471675,2015,Sidney Crosby,PIT,C,24,29432,22.7
8476244,2015,Raphael Diaz,NYR,D,1,836,0.65
8475820,2015,Joonas Donskoi,S.J,R,24,22375,14.08
8471760,2015,Cody Bass,NSH,C,6,2237,-0.14
8476177,2015,Matt Read,PHI,R,6,4432,0.43
8474590,2015,John Carlson,WSH,D,12,19364,14.77
8475181,2015,Nick Leddy,NYI,D,11,17861,2.73
8475462,2015,Radko Gudas,PHI,D,6,7061,0.17
8477300,2015,Viktor Svedberg,CHI,D,3,1447,-0.05
8470543,2015,Chris Kunitz,PIT,L,24,20616,16.95
8476897,2015,Oskar Sundqvist,PIT,C,2,1115,-0.08
8473465,2015,Jamie McGinn,ANA,L,7,4244,1.83
8475170,2015,Brayden Schenn,PHI,C,6,6830,0.81
8475760,2015,Nick Bjugstad,FLA,C,5,5742,6.66
8471735,2015,Keith Yandle,NYR,D,5,6217,2.8
8473449,2015,Kyle Okposo,NYI,R,11,14554,10.24
8476881,2015,Tomas Hertl,S.J,C,20,21348,17.88
8476882,2015,Teuvo Teravainen,CHI,L,7,5077,1.46
8471685,2015,Anze Kopitar,L.A,C,5,6732,5.44
8471686,2015,Marc Staal,NYR,D,5,5746,1.78
8476875,2015,Michael Matheson,FLA,D,5,6505,2.35
8471426,2015,Troy Brouwer,STL,R,20,22779,9.56
8476453,2015,Nikita Kucherov,T.B,R,17,20547,20.97
8476381,2015,Andrew Shaw,CHI,C,6,5007,5.61
8477220,2015,Nate Schmidt,WSH,D,10,7502,1.67
8471217,2015,Andrew Ladd,CHI,L,7,7478,4.04
8474870,2015,Tyler Johnson,T.B,C,17,18127,14.12
8471669,2015,Paul Stastny,STL,C,20,24107,10.21
8470619,2015,Brian Boyle,T.B,C,17,15770,5.26
8475218,2015,Mattias Ekholm,NSH,D,14,19995,9.48
8470600,2015,Ryan Suter,MIN,D,6,10541,2.85
8470609,2015,Steve Bernier,NYI,R,6,4592,-0.29
8473485,2015,Chris Stewart,ANA,R,7,4013,3.93
8471339,2015,Ryan Callahan,T.B,R,16,16839,3.4
8474569,2015,Colin Wilson,NSH,C,14,14273,14.59
8464977,2015,Dainius Zubrus,S.J,C,14,8234,0.91
8473534,2015,Patrik Berglund,STL,C,20,17722,7.62
8468526,2015,Jarret Stoll,MIN,C,4,2189,-1.09
8478042,2015,Viktor Arvidsson,NSH,L,14,11338,4.91
8475253,2015,Garrett Wilson,FLA,L,6,3208,1.05
8470630,2015,Kevin Klein,NYR,D,5,5708,2.8
8470257,2015,Alexander Steen,STL,L,20,25610,8.38
8466139,2015,Patrick Marleau,S.J,C,24,24170,10.4
8470794,2015,Joe Pavelski,S.J,C,24,29919,26.7
8476889,2015,Radek Faksa,DAL,C,13,12579,8.97
8478550,2015,Artemi Panarin,CHI,L,7,8470,8.08
8466285,2015,Brian Campbell,FLA,D,6,9233,3
8476463,2015,Jonas Brodin,MIN,D,6,7414,1.12
8476441,2015,Joel Edmundson,STL,D,16,10502,1.28
8474009,2015,Nick Bonino,PIT,C,24,24769,19.15
8476872,2015,Scott Laughton,PHI,C,3,1650,1.06
8475722,2015,Jason Zucker,MIN,L,6,5017,0.18
8475832,2015,Tom Kuhnhackl,PIT,R,24,15809,1.73
8476389,2015,Vincent Trocheck,FLA,C,2,3785,1.02
8473537,2015,Viktor Stalberg,NYR,L,5,3274,0.17
8475209,2015,Richard Panik,CHI,R,6,4613,2.6
8471693,2015,Jakub Kindl,FLA,D,1,750,0.3
8477839,2015,Conor Sheary,PIT,L,23,19270,14.39
8475455,2015,Brenden Dillon,S.J,D,24,21824,-1.02
8474100,2015,Dwight King,L.A,L,5,4334,1.85
8470655,2015,David Backes,STL,R,20,22405,10.86
8474618,2015,Marco Scandella,MIN,D,6,7044,-0.75
8470607,2015,Brent Seabrook,CHI,D,7,11404,4.08
8475754,2015,Brock Nelson,NYI,C,11,11096,2.34
8470041,2015,Rick Nash,NYR,L,5,5447,5.4
8475188,2015,Brayden McNabb,L.A,D,5,5068,0.55
8474568,2015,Luke Schenn,L.A,D,5,5433,2.38
8474040,2015,Sam Gagner,PHI,C,6,5624,3.15
8474679,2015,Gustav Nyquist,DET,R,5,5056,2.63
8475764,2015,Cam Fowler,ANA,D,7,10654,1.77
8470642,2015,Shea Weber,NSH,D,14,22818,4.6
8477952,2015,Robby Fabbri,STL,C,20,17231,10.61
8475790,2015,Erik Gudbranson,FLA,D,6,9684,0.57
8476292,2015,Ondrej Palat,T.B,L,17,19864,9.38
8475164,2015,Jakob Silfverberg,ANA,R,7,7109,3.37
8475166,2015,John Tavares,NYI,C,11,15110,12.04
8474096,2015,Nick Spaling,S.J,C,24,18333,-2.01
8467329,2015,Vincent Lecavalier,L.A,C,5,4300,2.5
8470318,2015,Jonathan Ericsson,DET,D,5,5187,1.03
8474013,2015,Ian Cole,PIT,D,24,23346,6.85
8471724,2015,Kris Letang,PIT,D,23,39815,22.25
8475147,2015,Jordan Schroeder,MIN,L,2,1385,0.4
8473991,2015,Karl Alzner,WSH,D,12,15396,4.35
8476975,2015,Cedric Paquette,T.B,C,17,10688,0.88
8476871,2015,Tanner Pearson,L.A,L,5,3983,4.3
8476458,2015,Ryan Strome,NYI,C,8,6629,4.5
8476456,2015,Jonathan Huberdeau,FLA,L,6,8463,7.48
8477494,2015,Jonathan Drouin,T.B,C,17,17374,10.89
8475763,2015,Kevin Hayes,NYR,C,3,1947,0
8470613,2015,Brent Burns,S.J,D,24,36179,26.22
8476919,2015,Chris Tierney,S.J,C,24,21253,4.82
8471346,2015,Kris Versteeg,L.A,R,5,2936,1.93
8474190,2015,Wayne Simmonds,PHI,R,6,6407,1.07
8470877,2015,David Jones,MIN,R,6,4643,-0.02
8475692,2015,Mats Zuccarello,NYR,R,5,5506,3.75
8475193,2015,Tomas Tatar,DET,L,5,4511,3.47
8471476,2015,Daniel Winnik,WSH,L,12,8189,1
8470047,2015,Valtteri Filppula,T.B,C,17,21170,8.08
8475745,2015,Charlie Coyle,MIN,C,6,6778,1.28
8475794,2015,Tyler Seguin,DAL,C,1,940,-0.01
8471274,2015,Alex Goligoski,DAL,D,13,18127,10.5
8469466,2015,Ales Hemsky,DAL,R,13,12009,8.37
8475176,2015,Ryan Ellis,NSH,D,14,20326,8.75
8470622,2015,Patrick Eaves,DAL,R,9,8246,8.4
8473573,2015,Artem Anisimov,CHI,C,7,7448,3.6
8469638,2015,Jussi Jokinen,FLA,L,6,8820,4.84
8475160,2015,Kyle Clifford,L.A,L,4,2042,1.4
8473473,2015,Milan Lucic,L.A,L,5,5107,1.99
8474716,2015,Jared Spurgeon,MIN,D,6,9361,4.15
8476289,2015,Alexey Marchenko,DET,D,3,2883,0.7
8477205,2015,Andrej Sustr,T.B,D,17,17642,2.97
8476960,2015,Andreas Athanasiou,DET,L,5,2602,2.4
8476461,2015,Sean Couturier,PHI,C,1,544,-0.28
8468575,2015,Dominic Moore,NYR,C,5,3806,1.25
8476386,2015,Shane Prince,NYI,L,11,9063,3.78
8475735,2015,Greg McKegg,FLA,C,1,362,-0.28
8474627,2015,Jori Lehtera,STL,C,20,18800,8.98
8476312,2015,Josh Manson,ANA,D,1,284,0.17
8469665,2015,Johnny Oduya,DAL,D,13,14548,5.25
8468309,2015,Mark Streit,PHI,D,6,7428,-0.22
8477930,2015,Pierre-Edouard Bellemare,PHI,L,5,4257,0.68
8475772,2015,Riley Sheahan,DET,C,5,4905,1.46
8475175,2015,Magnus Paajarvi,STL,L,3,1475,0.75
