playerId,season,name,team,position,games_played,icetime,gameScore
8475098,2016,Tyler Bozak,TOR,C,6,6752,2.42
8478042,2016,Viktor Arvidsson,NSH,L,22,24628,17.36
8476191,2016,Kevan Miller,BOS,D,6,9087,0.27
8471702,2016,Matt Niskanen,WSH,D,13,17660,7.35
8471707,2016,James Neal,NSH,L,22,23646,11.88
8473563,2016,Nicklas Backstrom,WSH,C,13,16177,14.22
8468498,2016,Brooks Orpik,WSH,D,13,12426,4.22
8468493,2016,Ron Hainsey,PIT,D,25,31673,4.58
8474068,2016,Kyle Turris,OTT,C,19,24300,9.91
8469598,2016,Kevin Bieksa,ANA,D,8,8131,2.8
8470724,2016,Kyle Quincey,CBJ,D,2,2283,1.13
8477433,2016,Ben Harpur,OTT,D,9,9973,2.25
8474150,2016,Mikael Backlund,CGY,C,4,4755,2.66
8474151,2016,Ryan McDonagh,NYR,D,12,19686,6.55
8471709,2016,Marc-Edouard Vlasic,S.J,D,6,8378,2.12
8474019,2016,Tommy Cross,BOS,D,1,788,0.5
8478550,2016,Artemi Panarin,CHI,L,4,5007,1.98
8479318,2016,Auston Matthews,TOR,C,6,7310,6.9
8477401,2016,John Hayden,CHI,R,1,339,-0.15
8474008,2016,Paul Carey,WSH,C,1,340,0.25
8475768,2016,Jaden Schwartz,STL,L,11,14218,9.34
8471338,2016,Torrey Mitchell,MTL,C,3,2078,1.2
8475714,2016,Calle Jarnkrok,NSH,C,21,21399,8.65
8473534,2016,Patrik Berglund,STL,C,11,11073,1.4
8473537,2016,Viktor Stalberg,OTT,L,17,14035,2.63
8474627,2016,Jori Lehtera,STL,C,8,5800,2.67
8474628,2016,Michael Stone,CGY,D,4,4505,2.43
8476988,2016,Matt Benning,EDM,D,12,12342,2.38
8470619,2016,Brian Boyle,TOR,C,6,4479,1.49
8478483,2016,Mitchell Marner,TOR,C,6,6407,2.06
8476852,2016,Griffin Reinhart,EDM,D,1,803,0.42
8471346,2016,Kris Versteeg,CGY,R,4,3679,3.66
8476925,2016,Colton Sissons,NSH,C,22,19879,12.19
8474581,2016,Jake Gardiner,TOR,D,6,10308,3.38
8474056,2016,P.K. Subban,NSH,D,22,33711,17.13
8474053,2016,Logan Couture,S.J,C,6,6591,2.64
8477447,2016,Shea Theodore,ANA,D,14,14636,7.8
8473560,2016,Korbinian Holzer,ANA,D,5,3555,0.1
8477929,2016,Dennis Rasmussen,CHI,C,3,2448,0.53
8470775,2016,Nate Thompson,ANA,C,17,11697,4.89
8474697,2016,Mark Borowiecki,OTT,D,2,1249,-0.17
8470162,2016,Matt Stajan,CGY,C,3,1847,-0.32
8475834,2016,Marcus Sorensen,S.J,L,6,3946,1.49
8477953,2016,Kasperi Kapanen,TOR,R,6,3887,1.96
8477956,2016,David Pastrnak,BOS,R,6,7585,4.08
8474884,2016,Mike Hoffman,OTT,L,19,20950,11.71
8475172,2016,Nazem Kadri,TOR,C,6,6970,1.64
8465009,2016,Zdeno Chara,BOS,D,6,10355,1.35
8477505,2016,Alexander Wennberg,CBJ,C,5,5834,2.38
8471958,2016,Dan Girardi,NYR,D,12,15916,2.55
8474102,2016,David Perron,STL,L,11,9537,-0.36
8475848,2016,Brendan Gallagher,MTL,R,6,6249,3.45
8475715,2016,Oscar Lindberg,NYR,C,12,7129,6.46
8473473,2016,Milan Lucic,EDM,L,13,13290,3.63
8475233,2016,David Savard,CBJ,D,5,7465,2
8475455,2016,Brenden Dillon,S.J,D,6,5935,1.07
8476470,2016,Nathan Beaulieu,MTL,D,5,5264,0.82
8471276,2016,David Krejci,BOS,C,3,2414,-0.32
8476288,2016,Ryan Dzingel,OTT,L,15,10925,3.44
8466138,2016,Joe Thornton,S.J,C,4,4519,2.24
8476880,2016,Tom Wilson,WSH,R,13,10810,5.47
8477850,2016,Christian Folin,MIN,D,2,1367,0.02
8470803,2016,Kyle Brodziak,STL,C,10,7383,0.62
8479314,2016,Matthew Tkachuk,CGY,L,4,3727,0.1
8475149,2016,Marcus Johansson,WSH,L,13,15209,8.96
8476881,2016,Tomas Hertl,S.J,C,6,6946,2.64
8471686,2016,Marc Staal,NYR,D,12,13865,0.9
8477416,2016,Oliver Bjorkstrand,CBJ,R,5,3857,2.6
8473468,2016,Eric Gryba,EDM,D,3,2545,-0.65
8476994,2016,Vinnie Hinostroza,CHI,L,1,408,-0.5
8478528,2016,Tanner Kero,CHI,C,4,3273,0.87
8476381,2016,Andrew Shaw,MTL,R,5,4509,0.99
8474642,2016,Lance Bouma,CGY,L,3,1799,0.08
8467967,2016,Chris Kelly,OTT,C,2,651,-0.23
8475765,2016,Vladimir Tarasenko,STL,R,11,13745,8.1
8470612,2016,Ryan Getzlaf,ANA,C,17,24652,22.69
8471215,2016,Evgeni Malkin,PIT,C,25,27097,22.95
8476853,2016,Morgan Rielly,TOR,D,6,9678,6.54
8474602,2016,Justin Schultz,PIT,D,21,24869,9
8476432,2016,Boone Jenner,CBJ,C,5,5343,3.79
8475907,2016,Micheal Ferland,CGY,L,4,2992,1.53
8468639,2016,John-Michael Liles,BOS,D,6,5931,2.52
8475744,2016,Evgeny Kuznetsov,WSH,C,13,15457,11.7
8474590,2016,John Carlson,WSH,D,13,17473,9.95
8477451,2016,Ryan Hartman,CHI,R,4,2774,-0.29
8478561,2016,Andreas Martinsen,MTL,L,2,1225,-0.32
8471392,2016,Roman Polak,TOR,D,2,2113,0.07
8473466,2016,Ryan White,MIN,C,3,1273,0.65
8475175,2016,Magnus Paajarvi,STL,L,8,6051,2.13
8473463,2016,Leo Komarov,TOR,C,6,7059,-0.18
8474176,2016,Carl Hagelin,PIT,L,15,10934,2.68
8464989,2016,Matt Cullen,PIT,C,25,21483,3.86
8474749,2016,Matt Bartkowski,CGY,D,4,3058,-0.8
8473492,2016,Matt Beleskey,BOS,L,3,1438,-0.38
8477947,2016,Sonny Milano,CBJ,L,1,407,-0.1
8477845,2016,Trevor van Riemsdyk,CHI,D,4,4569,1.13
8473914,2016,Mark Letestu,EDM,C,13,13722,7.83
8476472,2016,Oscar Klefbom,EDM,D,12,16684,6.46
8474600,2016,Roman Josi,NSH,D,22,34005,16.15
8470257,2016,Alexander Steen,STL,L,10,11522,5.41
8473604,2016,Jonathan Toews,CHI,C,4,4935,2.3
8470600,2016,Ryan Suter,MIN,D,5,8730,4.92
8470760,2016,Marc Methot,OTT,D,18,24002,4.5
8477213,2016,Tim Schaller,BOS,C,6,4853,1.62
8474125,2016,Carl Gunnarsson,STL,D,11,7836,0.28
8477220,2016,Nate Schmidt,WSH,D,11,10987,9.03
8471284,2016,Andrej Sekera,EDM,D,11,13975,2.95
8471498,2016,Jannik Hansen,S.J,R,6,5647,0.5
8476448,2016,William Karlsson,CBJ,C,5,4828,3.21
8475764,2016,Cam Fowler,ANA,D,13,20672,8
8470616,2016,Ryan Kesler,ANA,C,17,21782,7.78
8470543,2016,Chris Kunitz,PIT,L,20,17839,9.96
8476854,2016,Hampus Lindholm,ANA,D,17,22445,10.05
8468505,2016,Steve Ott,MTL,C,6,4454,0.19
8477240,2016,Carter Rowney,PIT,R,20,14748,3.21
8478506,2016,Gabriel Carlsson,CBJ,D,5,3288,0.35
8477498,2016,Darnell Nurse,EDM,D,13,13579,2.75
8471476,2016,Daniel Winnik,WSH,L,13,8564,1.14
8474565,2016,Alex Pietrangelo,STL,D,11,18659,3.17
8467370,2016,Mike Fisher,NSH,C,20,20741,5.4
8474291,2016,Jay Beagle,WSH,C,13,9120,-1.16
8475184,2016,Chris Kreider,NYR,L,12,12144,4.86
8471766,2016,Jared Boll,ANA,R,8,2161,-0.08
8471657,2016,Cody McLeod,NSH,L,15,6148,1.01
8468208,2016,Joel Ward,S.J,R,6,5298,3.17
8475178,2016,Zack Kassian,EDM,R,13,10524,1.18
8475798,2016,Mikael Granlund,MIN,R,5,6160,3.85
8476326,2016,Josh Archibald,PIT,R,4,1884,0.15
8466148,2016,Marian Hossa,CHI,R,4,4563,0.43
8467496,2016,Andrei Markov,MTL,D,6,9414,2.25
8474062,2016,Riley Nash,BOS,C,6,6287,1.47
8476877,2016,Jordan Schmaltz,STL,D,1,558,-0.15
8474157,2016,Max Pacioretty,MTL,L,6,7464,5.1
8471729,2016,Kris Russell,EDM,D,13,17180,3.95
8476468,2016,J.T. Miller,NYR,C,12,11910,2.63
8468674,2016,Deryk Engelland,CGY,D,4,3666,-0.7
8474250,2016,Zack Smith,OTT,L,19,18446,4.27
8474739,2016,Tommy Wingels,OTT,C,9,5341,1.78
8476459,2016,Mika Zibanejad,NYR,C,12,12870,8.16
8478400,2016,Colin White,OTT,C,1,159,0.02
8479465,2016,Drake Caggiula,EDM,L,13,11994,1.99
8475832,2016,Tom Kuhnhackl,PIT,R,11,7659,0.23
8474031,2016,Kevin Shattenkirk,WSH,D,13,14395,9.3
8477495,2016,Seth Jones,CBJ,D,5,7819,3.15
8475222,2016,Sami Vatanen,ANA,D,12,15934,4.8
8474134,2016,Yannick Weber,NSH,D,22,14728,3.45
8476919,2016,Chris Tierney,S.J,C,6,4983,1.14
8471691,2016,Martin Hanzal,MIN,C,5,5623,3.68
8475727,2016,Ryan Spooner,BOS,C,4,3130,0.77
8474100,2016,Dwight King,MTL,L,6,4517,0.65
8471296,2016,Alexei Emelin,MTL,D,2,2149,1
8475692,2016,Mats Zuccarello,NYR,R,12,14794,7.46
8470110,2016,Trevor Daley,PIT,D,21,24084,4.4
8474027,2016,Justin Braun,S.J,D,6,7964,0.6
8474613,2016,Derek Stepan,NYR,C,12,15113,5.42
8473419,2016,Brad Marchand,BOS,L,6,8464,5.05
8473544,2016,Derick Brassard,OTT,C,19,20736,11.61
8471273,2016,Brandon Dubinsky,CBJ,C,5,5384,2.92
8474571,2016,Mikkel Boedker,S.J,L,4,3376,2.02
8471887,2016,Patric Hornqvist,PIT,R,19,16279,6.97
8478569,2016,Noel Acciari,BOS,C,4,4572,0.27
8473573,2016,Artem Anisimov,CHI,C,4,4166,0.09
8471226,2016,Drew Stafford,BOS,R,6,4945,1.84
8476941,2016,Connor Carrick,TOR,D,6,4418,0.22
8475792,2016,Brett Connolly,WSH,R,7,3598,1.45
8478366,2016,Frank Vatrano,BOS,C,6,4085,1.43
8473564,2016,Michael Frolik,CGY,R,4,4515,1.32
8473422,2016,Nick Foligno,CBJ,L,4,4898,2.49
8470655,2016,David Backes,BOS,R,6,6368,4.44
8474040,2016,Sam Gagner,CBJ,C,5,3798,2.14
8476479,2016,Phillip Danault,MTL,C,6,5993,4.57
8476808,2016,Brian Flynn,MTL,C,1,933,0.45
8476436,2016,Dmitrij Jaskin,STL,R,2,1684,1.73
8466285,2016,Brian Campbell,CHI,D,4,3881,0.3
8477402,2016,Pavel Buchnevich,NYR,R,5,3686,1.15
8474009,2016,Nick Bonino,PIT,C,21,21249,5.03
8470630,2016,Kevin Klein,NYR,D,1,1095,0.45
8468309,2016,Mark Streit,PIT,D,3,2709,2.35
8476457,2016,Adam Larsson,EDM,D,13,18502,4.38
8474037,2016,James van Riemsdyk,TOR,L,6,6346,4.38
8475878,2016,Freddie Hamilton,CGY,C,1,400,0.03
8478493,2016,Joel Eriksson Ek,MIN,C,3,1364,0.66
8476869,2016,Brady Skjei,NYR,D,12,13855,5.78
8477839,2016,Conor Sheary,PIT,L,22,18664,5.7
8469665,2016,Johnny Oduya,CHI,D,4,4643,-0.38
8474189,2016,Lars Eller,WSH,C,13,11148,8.18
8476525,2016,Colin Miller,BOS,D,4,3733,2.08
8471743,2016,Vladimir Sobotka,STL,L,11,11514,4.13
8474685,2016,Matt Calvert,CBJ,L,4,3414,2.83
8471675,2016,Sidney Crosby,PIT,C,24,27932,23.29
8471676,2016,Bobby Ryan,OTT,R,19,19631,14.12
8478131,2016,Ondrej Kase,ANA,R,9,5696,3.33
8474586,2016,Jordan Eberle,EDM,C,13,11339,4.22
8477934,2016,Leon Draisaitl,EDM,C,13,15170,12.98
8470966,2016,Mark Giordano,CGY,D,4,6122,1.5
8471769,2016,Niklas Hjalmarsson,CHI,D,4,5398,-0.78
8471976,2016,David Desharnais,EDM,C,13,7431,3.76
8478906,2016,Markus Nutivaara,CBJ,D,2,1431,3.17
8473546,2016,Michael Grabner,NYR,R,12,10098,5.9
8476368,2016,Fredrik Claesson,OTT,D,14,12447,2.57
8474673,2016,TJ Brodie,CGY,D,4,5359,4.25
8476476,2016,Joe Morrow,BOS,D,5,6664,0.5
8477244,2016,Chad Ruhwedel,PIT,D,6,5081,0.88
8475799,2016,Nino Niederreiter,MIN,R,5,4790,2.42
8477508,2016,Curtis Lazar,CGY,C,1,436,0.15
8471436,2016,Matt Hunwick,TOR,D,6,9233,2.05
8470151,2016,Jay Bouwmeester,STL,D,11,16008,-2.6
8476887,2016,Filip Forsberg,NSH,L,22,26394,24.97
8474013,2016,Ian Cole,PIT,D,25,28259,8.18
8473991,2016,Karl Alzner,WSH,D,7,6616,0.72
8470638,2016,Patrice Bergeron,BOS,C,6,8230,6.01
8476879,2016,Cody Ceci,OTT,D,19,26905,0.53
8470041,2016,Rick Nash,NYR,L,12,13256,6.55
8476300,2016,Nikita Nesterov,MTL,D,2,1736,-0.47
8469707,2016,PA Parenteau,NSH,R,5,2814,-0.51
8475218,2016,Mattias Ekholm,NSH,D,22,33447,14.47
8477919,2016,Frederick Gaudreau,NSH,C,8,5513,2.85
8476312,2016,Josh Manson,ANA,D,17,20954,6.03
8476454,2016,Ryan Nugent-Hopkins,EDM,C,13,14368,5.63
8476441,2016,Joel Edmundson,STL,D,11,13930,5.92
8476447,2016,Miikka Salomaki,NSH,R,6,2953,0.01
8470610,2016,Zach Parise,MIN,L,5,5839,3.72
8470613,2016,Brent Burns,S.J,D,6,9023,4.65
8470105,2016,Scottie Upshall,STL,R,11,7644,-1.86
8476851,2016,Alex Galchenyuk,MTL,L,6,5973,3.24
8470595,2016,Eric Staal,MIN,C,5,5670,2.58
8470607,2016,Brent Seabrook,CHI,D,4,5379,0.57
8473485,2016,Chris Stewart,MIN,R,5,2350,0.65
8476856,2016,Matt Dumba,MIN,D,5,7169,1.73
8477446,2016,Michael McCarron,MTL,R,1,414,-0.15
8475820,2016,Joonas Donskoi,S.J,R,5,3931,1.68
8477404,2016,Jake Guentzel,PIT,C,25,26249,17.1
8468508,2016,Justin Williams,WSH,R,13,14535,10.86
8470854,2016,Tanner Glass,NYR,L,7,4147,3.48
8471817,2016,Ryan Reaves,STL,R,11,6319,-0.6
8471426,2016,Troy Brouwer,CGY,R,4,3375,2.01
8475163,2016,Alex Chiasson,CGY,R,4,3075,-0.2
8475786,2016,Zach Hyman,TOR,C,6,6653,5.21
8475625,2016,Matt Irwin,NSH,D,22,15713,3.8
8474090,2016,Brendan Smith,NYR,D,12,14175,4.33
8469521,2016,Tomas Plekanec,MTL,C,6,6669,2.69
8475716,2016,Martin Marincin,TOR,D,6,6077,0.68
8476463,2016,Jonas Brodin,MIN,D,5,5704,2.92
8477482,2016,Zach Sanford,STL,L,4,2620,-0.44
8473507,2016,Jeff Petry,MTL,D,6,8906,3.65
8477497,2016,Sean Monahan,CGY,C,4,4440,5.08
8477986,2016,Brandon Montour,ANA,D,17,19571,12.08
8475253,2016,Garrett Wilson,PIT,L,1,370,-0.15
8471669,2016,Paul Stastny,STL,C,7,8988,3.76
8478402,2016,Connor McDavid,EDM,C,13,17480,8.87
8476158,2016,Harry Zolnierczyk,NSH,L,11,5822,2.15
8479325,2016,Charlie McAvoy,BOS,D,6,9429,2.63
8474618,2016,Marco Scandella,MIN,D,5,6877,2.3
8470281,2016,Duncan Keith,CHI,D,4,6133,0.55
8471677,2016,Jack Johnson,CBJ,D,5,7760,3.27
8476438,2016,Brandon Saad,CBJ,L,5,4790,3.6
8473548,2016,Phil Kessel,PIT,R,25,26314,22.95
8474578,2016,Erik Karlsson,OTT,D,19,32067,21.57
8471717,2016,Adam McQuaid,BOS,D,2,1417,0.75
8476419,2016,Jean-Gabriel Pageau,OTT,C,19,20867,12.09
8477951,2016,Nick Schmaltz,CHI,C,4,3688,-1.13
8475164,2016,Jakob Silfverberg,ANA,R,17,20293,15.72
8470794,2016,Joe Pavelski,S.J,C,6,7632,4.5
8476400,2016,Logan Shaw,ANA,R,9,5141,0.38
8469759,2016,Vernon Fiddler,NSH,C,9,4338,0.84
8477942,2016,Kevin Fiala,NSH,L,5,4171,3.5
8475763,2016,Kevin Hayes,NYR,C,12,12765,1.4
8474716,2016,Jared Spurgeon,MIN,D,5,7600,3.88
8475913,2016,Mark Stone,OTT,R,19,23583,10.91
8475855,2016,Jesper Fast,NYR,R,12,10784,4.87
8466139,2016,Patrick Marleau,S.J,C,6,6885,4.3
8477415,2016,Anton Slepyshev,EDM,L,12,8170,1.55
8469547,2016,Jordin Tootoo,CHI,R,2,746,0.05
8474034,2016,Patrick Maroon,EDM,L,13,13538,6.92
8475200,2016,Dmitry Orlov,WSH,D,13,16700,6.43
8471698,2016,T.J. Oshie,WSH,R,13,16295,15.61
8471699,2016,Andrew Cogliano,ANA,L,17,14096,6.75
8475209,2016,Richard Panik,CHI,R,4,3783,0.45
8475208,2016,Brian Dumoulin,PIT,D,25,32985,5.08
8476310,2016,Lukas Sedlak,CBJ,C,2,992,0.07
8476857,2016,Pontus Aberg,NSH,L,16,12398,8.58
8477939,2016,William Nylander,TOR,C,6,6724,6.61
8477935,2016,Sam Bennett,CGY,C,4,3279,1.73
8479458,2016,Nikita Zaitsev,TOR,D,4,5219,-0.57
8471768,2016,Tom Pyatt,OTT,L,14,11133,-0.21
8476346,2016,Johnny Gaudreau,CGY,L,4,4764,2.4
8470621,2016,Corey Perry,ANA,R,17,18230,13.87
8474207,2016,Nick Holden,NYR,D,11,12762,4.35
8470667,2016,Clarke MacArthur,OTT,L,19,17290,9.63
8475793,2016,Ryan Johansen,NSH,C,14,17443,13.73
8474709,2016,Matt Martin,TOR,L,6,3582,1.25
8477964,2016,Ivan Barbashev,STL,C,6,4609,-0.99
8467493,2016,Chris Neil,OTT,R,2,255,-0.2
8475227,2016,Chris Wideman,OTT,D,15,11708,4.45
8470642,2016,Shea Weber,MTL,D,6,10073,4.88
8475613,2016,Nate Prosser,MIN,D,3,1761,1.7
8475869,2016,Brandon Davidson,MTL,D,3,2298,0.7
8475323,2016,Marcus Kruger,CHI,C,4,3679,0.79
8476866,2016,Nicolas Kerdiles,ANA,L,4,2249,1.21
8470358,2016,Alexandre Burrows,OTT,R,15,12954,5.29
8469459,2016,Mikko Koivu,MIN,C,5,6047,3.84
8476449,2016,Scott Harrington,CBJ,D,3,2241,0.57
8475722,2016,Jason Zucker,MIN,L,5,5176,5
8476892,2016,Colton Parayko,STL,D,11,15663,5.63
8474569,2016,Colin Wilson,NSH,C,14,12830,4.36
8471678,2016,Benoit Pouliot,EDM,L,13,9869,1.93
8475810,2016,Bryan Rust,PIT,R,23,22010,9.98
8476462,2016,Dougie Hamilton,CGY,D,4,5345,0.7
8476374,2016,Sean Kuraly,BOS,C,4,2979,2.6
8476336,2016,Iiro Pakarinen,EDM,R,1,506,-0.45
8474818,2016,Jordie Benn,MTL,D,6,7321,2.08
8477015,2016,Connor Brown,TOR,R,6,6562,1.3
8469506,2016,Jason Pominville,MIN,R,5,4226,3.69
8470602,2016,Dion Phaneuf,OTT,D,19,26567,4.77
8474145,2016,Robert Bortuzzo,STL,D,10,6911,0.12
8477941,2016,Nick Ritchie,ANA,L,15,12094,4.01
8474141,2016,Patrick Kane,CHI,R,4,5741,3.42
8476293,2016,Scott Wilson,PIT,C,19,13995,5.59
8473673,2016,David Schlemko,S.J,D,6,6057,4.93
8468542,2016,Paul Martin,S.J,D,6,6984,0.92
8476483,2016,Rickard Rakell,ANA,C,15,17147,17.23
8474715,2016,Cam Atkinson,CBJ,R,5,5873,3.95
8478460,2016,Zach Werenski,CBJ,D,3,4228,2.5
8479482,2016,Michal Kempny,CHI,D,1,531,0.07
8471228,2016,Alexander Radulov,MTL,R,6,7168,5.71
8475225,2016,Craig Smith,NSH,R,10,7702,5.07
8476981,2016,Josh Anderson,CBJ,R,5,4116,2.02
8468575,2016,Dominic Moore,BOS,C,6,5812,0.51
8478414,2016,Timo Meier,S.J,R,5,3620,1.46
8476874,2016,Olli Maatta,PIT,D,25,30922,6.48
8474038,2016,Paul Byron,MTL,L,6,6045,1.49
8475287,2016,Erik Haula,MIN,L,4,3697,2.92
8470622,2016,Patrick Eaves,ANA,R,7,7092,4.27
8475766,2016,Austin Watson,NSH,L,22,18044,5.69
8476918,2016,Jimmy Vesey,NYR,L,12,10395,5.17
8471214,2016,Alex Ovechkin,WSH,L,13,15208,12.27
8477476,2016,Artturi Lehkonen,MTL,L,6,5595,5.46
8468535,2016,Antoine Vermette,ANA,C,17,14263,6.85
8477444,2016,Andre Burakovsky,WSH,L,13,11178,12.27
8475780,2016,Chris Wagner,ANA,R,17,11212,3.3
8477922,2016,Melker Karlsson,S.J,C,6,5136,0.18
8475745,2016,Charlie Coyle,MIN,C,5,5155,3.73
8468486,2016,Scott Hartnell,CBJ,L,4,2556,0.2
8475176,2016,Ryan Ellis,NSH,D,22,30927,13.85
