playerId,season,name,team,position,games_played,icetime,gameScore
8474668,2017,Dale Weise,PHI,R,2,885,-0.45
8471702,2017,Matt Niskanen,WSH,D,24,36547,11.75
8471707,2017,James Neal,VGK,L,20,20463,13.35
8468498,2017,Brooks Orpik,WSH,D,24,24215,5.78
8468493,2017,Ron Hainsey,TOR,D,7,9005,-1
8475167,2017,Victor Hedman,T.B,D,17,26587,10.98
8476207,2017,Brian Gibbons,N.J,L,2,1251,-0.59
8475857,2017,Kevin Gravel,L.A,D,1,1205,-0.05
8466139,2017,Patrick Marleau,TOR,C,7,6918,4.05
8477046,2017,Joakim Ryan,S.J,D,3,2380,0.48
8477846,2017,Ryan Carpenter,VGK,C,17,14296,7.29
8474009,2017,Nick Bonino,NSH,C,13,13098,4.46
8477290,2017,Michael Raffl,PHI,L,6,4566,-0.39
8467407,2017,Brian Gionta,BOS,R,1,678,-0.05
8477987,2017,Ryan Donato,BOS,C,3,2130,-0.58
8474739,2017,Tommy Wingels,BOS,C,4,2621,0.09
8474034,2017,Patrick Maroon,N.J,L,5,4978,1.05
8473563,2017,Nicklas Backstrom,WSH,C,20,24748,18.16
8477495,2017,Seth Jones,CBJ,D,6,11019,4.67
8478099,2017,Kevin Labanc,S.J,R,10,8566,4.38
8475738,2017,Jordan Weal,PHI,C,1,653,0.23
8477462,2017,Robert Hagg,PHI,D,2,1419,0.15
8476312,2017,Josh Manson,ANA,D,4,5047,2.35
8474102,2017,David Perron,VGK,L,15,14869,6.11
8474190,2017,Wayne Simmonds,PHI,R,6,5256,2.26
8477244,2017,Chad Ruhwedel,PIT,D,12,10518,1.68
8475810,2017,Bryan Rust,PIT,R,12,10461,3.97
8475197,2017,Tyson Barrie,COL,D,6,8525,3.3
8476448,2017,William Karlsson,VGK,C,20,26007,19.65
8477931,2017,Tomas Nosek,VGK,L,17,11811,6.27
8475744,2017,Evgeny Kuznetsov,WSH,C,24,29594,30.8
8473548,2017,Phil Kessel,PIT,R,12,12760,5.9
8474291,2017,Jay Beagle,WSH,C,23,17540,1.42
8475462,2017,Radko Gudas,PHI,D,6,6949,-0.27
8474627,2017,Jori Lehtera,PHI,C,6,3876,0.9
8475098,2017,Tyler Bozak,TOR,C,7,6116,4.44
8477504,2017,Josh Morrissey,WPG,D,15,18404,6.78
8477509,2017,Mirco Mueller,N.J,D,3,3088,-0.27
8476292,2017,Ondrej Palat,T.B,L,17,16144,12.35
8475750,2017,Jon Merrill,VGK,D,8,7552,1.6
8479482,2017,Michal Kempny,WSH,D,24,25483,7.83
8477043,2017,Christian Djoos,WSH,D,22,14325,0.5
8478866,2017,Dominik Simon,PIT,C,8,5757,2.38
8476871,2017,Tanner Pearson,L.A,L,4,4627,0.76
8475430,2017,Brandon Manning,PHI,D,6,6347,0.15
8477355,2017,Will Butcher,N.J,D,5,5443,2.97
8471233,2017,Travis Zajac,N.J,C,5,6299,2.55
8477850,2017,Christian Folin,L.A,D,4,4180,0.03
8477413,2017,Sven Andrighetto,COL,R,6,4553,1.8
8477341,2017,Andreas Johnsson,TOR,L,6,4080,1.58
8475200,2017,Dmitry Orlov,WSH,D,24,34844,12.9
8476525,2017,Colin Miller,VGK,D,20,22954,11.1
8474189,2017,Lars Eller,WSH,C,24,24472,17.84
8476392,2017,Adam Lowry,WPG,C,16,12705,3.34
8476983,2017,Paul LaDue,L.A,D,2,2174,0.65
8473933,2017,Ben Lovejoy,N.J,D,5,4525,1.35
8470595,2017,Eric Staal,MIN,C,4,4521,1.79
8470606,2017,Dustin Brown,L.A,R,4,5801,1.8
8476925,2017,Colton Sissons,NSH,C,13,12690,5.94
8476923,2017,Damon Severson,N.J,D,4,4640,0.45
8475613,2017,Nate Prosser,MIN,D,4,3372,-0.73
8475193,2017,Tomas Tatar,VGK,L,8,5960,3.08
8477930,2017,Pierre-Edouard Bellemare,VGK,L,20,14130,5.38
8474564,2017,Steven Stamkos,T.B,C,17,17973,15.1
8477015,2017,Connor Brown,TOR,R,7,6656,2.78
8473412,2017,Bryan Little,WPG,C,16,14565,6.5
8473546,2017,Michael Grabner,N.J,R,2,1270,0.28
8477969,2017,Marcus Pettersson,ANA,D,4,3025,-0.9
8475208,2017,Brian Dumoulin,PIT,D,12,15163,9.67
8476792,2017,Torey Krug,BOS,D,11,13377,12.43
8468486,2017,Scott Hartnell,NSH,L,4,2287,-0.55
8476415,2017,Kyle Rau,MIN,C,1,605,-0.25
8478042,2017,Viktor Arvidsson,NSH,L,13,14113,11.53
8475792,2017,Brett Connolly,WSH,R,24,16985,12.02
8478046,2017,Danton Heinen,BOS,C,9,6667,0.75
8471817,2017,Ryan Reaves,VGK,R,10,4933,3.35
8477425,2017,Miles Wood,N.J,L,5,2926,-0.7
8475160,2017,Kyle Clifford,L.A,L,4,2100,0.5
8479400,2017,Pierre-Luc Dubois,CBJ,C,6,8333,4.32
8479370,2017,Tyson Jost,COL,C,6,5205,0.55
8478460,2017,Zach Werenski,CBJ,D,6,8707,5.2
8471226,2017,Drew Stafford,N.J,R,2,1299,0.15
8469521,2017,Tomas Plekanec,TOR,C,7,5972,0.82
8476881,2017,Tomas Hertl,S.J,C,10,12051,10.38
8471338,2017,Torrey Mitchell,L.A,C,4,2115,0.44
8478063,2017,Shane Gersich,WSH,L,2,690,-0.61
8476468,2017,J.T. Miller,T.B,C,17,16795,8.11
8477922,2017,Melker Karlsson,S.J,C,10,7382,3.92
8476919,2017,Chris Tierney,S.J,C,10,9750,2.55
8477213,2017,Tim Schaller,BOS,C,11,7233,0.13
8477986,2017,Brandon Montour,ANA,D,4,6207,2.55
8471218,2017,Blake Wheeler,WPG,R,16,19649,19.84
8476906,2017,Shayne Gostisbehere,PHI,D,6,7452,0.5
8473986,2017,Alex Killorn,T.B,L,17,16105,10.5
8477220,2017,Nate Schmidt,VGK,D,20,29309,10.55
8478439,2017,Travis Konecny,PHI,C,6,4986,0.45
8475455,2017,Brenden Dillon,S.J,D,10,10552,3.65
8470616,2017,Ryan Kesler,ANA,C,4,4415,3.03
8476399,2017,Blake Coleman,N.J,C,5,4619,2.86
8476853,2017,Morgan Rielly,TOR,D,7,8742,1.13
8476856,2017,Matt Dumba,MIN,D,4,6474,1.35
8478420,2017,Mikko Rantanen,COL,R,6,7063,3.53
8476826,2017,Yanni Gourde,T.B,C,17,15088,9.14
8475191,2017,Reilly Smith,VGK,R,20,24455,22.85
8468535,2017,Antoine Vermette,ANA,C,2,742,0.02
8477444,2017,Andre Burakovsky,WSH,L,13,8350,6.02
8475766,2017,Austin Watson,NSH,L,13,11242,6.58
8479458,2017,Nikita Zaitsev,TOR,D,7,8736,2.33
8475772,2017,Riley Sheahan,PIT,C,12,11217,2.47
8471699,2017,Andrew Cogliano,ANA,L,4,3601,3.1
8471709,2017,Marc-Edouard Vlasic,S.J,D,10,15208,2.77
8475179,2017,Dmitry Kulikov,WPG,D,1,568,-0.17
8475176,2017,Ryan Ellis,NSH,D,13,19412,6.85
8477507,2017,Nikita Zadorov,COL,D,6,7506,0.32
8475799,2017,Nino Niederreiter,MIN,R,4,3776,0.31
8470794,2017,Joe Pavelski,S.J,C,10,12848,7.4
8477429,2017,Andrew Copp,WPG,C,15,10578,2.45
8477940,2017,Nikolaj Ehlers,WPG,L,14,13484,8.96
8477944,2017,Jakub Vrana,WSH,L,23,16479,10.27
8474134,2017,Yannick Weber,NSH,D,4,2404,0.78
8474062,2017,Riley Nash,BOS,C,12,10431,-0.21
8474716,2017,Jared Spurgeon,MIN,D,4,5178,0.12
8464989,2017,Matt Cullen,MIN,C,4,2686,0.42
8473914,2017,Mark Letestu,CBJ,C,6,3252,-0.22
8474166,2017,Alec Martinez,L.A,D,4,6686,-0.9
8475220,2017,Marcus Foligno,MIN,L,4,2512,0.17
8474013,2017,Ian Cole,CBJ,D,6,6976,4.4
8479410,2017,Mikhail Sergachev,T.B,D,17,12518,10.25
8478413,2017,Jordan Greenway,MIN,L,4,3430,1.96
8477404,2017,Jake Guentzel,PIT,C,12,13086,18.89
8478408,2017,Travis Dermott,TOR,D,7,5687,2.35
8471339,2017,Ryan Callahan,T.B,R,15,11364,4.73
8478398,2017,Kyle Connor,WPG,L,16,17191,9.91
8476455,2017,Gabriel Landeskog,COL,L,6,7378,5.78
8476624,2017,Barclay Goodrow,S.J,R,2,1790,-0.27
8477492,2017,Nathan MacKinnon,COL,C,6,7788,5.29
8471698,2017,T.J. Oshie,WSH,R,24,29180,19.45
8471675,2017,Sidney Crosby,PIT,C,12,14615,19.66
8477573,2017,Nathan Walker,WSH,L,1,509,1.13
8480147,2017,Oscar Fantenberg,L.A,D,4,6112,0.5
8480143,2017,Jakub Jerabek,WSH,D,2,1547,0.48
8475268,2017,Gabriel Bourque,COL,L,6,3647,1.66
8471262,2017,Carl Soderberg,COL,C,6,5414,0.29
8476372,2017,Nick Seeler,MIN,D,4,4211,1.98
8476374,2017,Sean Kuraly,BOS,C,12,8591,4.18
8475745,2017,Charlie Coyle,MIN,C,4,3361,-1.04
8471276,2017,David Krejci,BOS,C,12,12553,8.22
8470775,2017,Nate Thompson,L.A,C,4,2775,0.12
8471887,2017,Patric Hornqvist,PIT,R,10,11022,11.66
8478498,2017,Jake DeBrusk,BOS,L,12,10695,6.93
8473463,2017,Leo Komarov,TOR,C,2,1353,-0.37
8476356,2017,Tobias Rieder,L.A,C,4,3762,-1.08
8475149,2017,Marcus Johansson,N.J,L,3,3154,-0.05
8477947,2017,Sonny Milano,CBJ,L,3,1216,0.15
8474068,2017,Kyle Turris,NSH,C,13,12460,5.58
8479974,2017,Nolan Patrick,PHI,C,6,5985,1.32
8469598,2017,Kevin Bieksa,ANA,D,1,791,-0.38
8475786,2017,Zach Hyman,TOR,C,7,7204,2.81
8479407,2017,Jesper Bratt,N.J,L,1,960,0.6
8476474,2017,Stefan Noesen,N.J,R,4,3437,1.66
8474151,2017,Ryan McDonagh,T.B,D,17,22964,5.8
8480113,2017,Alex Iafallo,L.A,C,3,2439,0.43
8476981,2017,Josh Anderson,CBJ,R,6,5675,3.02
8476465,2017,Ryan Murphy,MIN,D,1,997,0.35
8478414,2017,Timo Meier,S.J,R,10,9083,5.64
8476975,2017,Cedric Paquette,T.B,C,17,12085,3.94
8476874,2017,Olli Maatta,PIT,D,12,14262,4.03
8476872,2017,Scott Laughton,PHI,C,6,3848,1.53
8478010,2017,Brayden Point,T.B,C,17,19280,14.08
8473422,2017,Nick Foligno,CBJ,L,6,7496,2.84
8474569,2017,Colin Wilson,COL,C,6,3843,0.64
8472382,2017,Andy Greene,N.J,D,5,6427,0.4
8478401,2017,Pavel Zacha,N.J,C,5,4605,-0.45
8474870,2017,Tyler Johnson,T.B,C,17,16787,8.66
8471215,2017,Evgeni Malkin,PIT,C,9,10230,8.17
8475726,2017,Tyler Toffoli,L.A,C,4,4343,1.72
8470598,2017,Thomas Vanek,CBJ,L,6,5439,2.57
8475218,2017,Mattias Ekholm,NSH,D,13,18250,10.25
8477240,2017,Carter Rowney,PIT,R,3,1635,-0.52
8476539,2017,Jonathan Marchessault,VGK,C,20,23300,25.27
8475832,2017,Tom Kuhnhackl,PIT,R,12,7682,0.97
8477939,2017,William Nylander,TOR,C,7,6604,4.03
8474056,2017,P.K. Subban,NSH,D,13,20737,12.75
8476463,2017,Jonas Brodin,MIN,D,4,5989,0.88
8470047,2017,Valtteri Filppula,PHI,C,6,5806,1.76
8474602,2017,Justin Schultz,PIT,D,12,15779,8.42
8474590,2017,John Carlson,WSH,D,24,36914,21.25
8475188,2017,Brayden McNabb,VGK,D,20,25665,4.47
8475834,2017,Marcus Sorensen,S.J,L,10,6235,6.22
8470543,2017,Chris Kunitz,T.B,L,17,10677,2.68
8471392,2017,Roman Polak,TOR,D,7,7292,2.2
8474162,2017,Jake Muzzin,L.A,D,2,2434,0.23
8468674,2017,Deryk Engelland,VGK,D,20,25943,7.55
8474176,2017,Carl Hagelin,PIT,L,9,7483,4.97
8475791,2017,Taylor Hall,N.J,L,5,6192,5.38
8475798,2017,Mikael Granlund,MIN,R,4,4507,2.81
8477942,2017,Kevin Fiala,NSH,L,12,10511,7.85
8470655,2017,David Backes,BOS,R,12,9406,2.12
8475164,2017,Jakob Silfverberg,ANA,R,4,4033,3.94
8471685,2017,Anze Kopitar,L.A,C,4,6484,1.99
8476483,2017,Rickard Rakell,ANA,C,4,4577,2.04
8473512,2017,Claude Giroux,PHI,C,6,6923,1.88
8476329,2017,Travis Boyd,WSH,C,1,732,-0.07
8477369,2017,Carson Soucy,MIN,D,3,2438,-1.6
8468542,2017,Paul Martin,S.J,D,7,5739,0.45
8475222,2017,Sami Vatanen,N.J,D,4,4615,1.73
8476467,2017,Jamie Oleksiak,PIT,D,12,9876,2.15
8475236,2017,Cody Eakin,VGK,C,20,17377,4.36
8470638,2017,Patrice Bergeron,BOS,C,11,13393,18.8
8477416,2017,Oliver Bjorkstrand,CBJ,R,6,3975,2.28
8474027,2017,Justin Braun,S.J,D,10,13551,-0.17
8474641,2017,Adam Henrique,ANA,C,4,4276,-0.48
8476447,2017,Miikka Salomaki,NSH,R,8,5011,1.86
8470613,2017,Brent Burns,S.J,D,10,15544,7.65
8468611,2017,Matt Hendricks,WPG,C,5,2646,-0.57
8470619,2017,Brian Boyle,N.J,C,5,2634,-0.36
8478569,2017,Noel Acciari,BOS,C,12,7983,-1.51
8478483,2017,Mitchell Marner,TOR,C,7,7164,6.82
8471296,2017,Alexei Emelin,NSH,D,10,6791,-0.05
8476850,2017,Ryan Murray,CBJ,D,6,7749,1.08
8479325,2017,Charlie McAvoy,BOS,D,12,17277,4.3
8477478,2017,William Carrier,VGK,L,10,4749,-0.22
8474683,2017,Derek Grant,ANA,C,4,2164,0.64
8474589,2017,Tyler Ennis,MIN,L,1,434,-0.38
8474581,2017,Jake Gardiner,TOR,D,7,9515,2.67
8476432,2017,Boone Jenner,CBJ,C,6,7109,3.72
8474053,2017,Logan Couture,S.J,C,10,12079,10.1
8476464,2017,Duncan Siemens,COL,D,5,2204,-1.33
8476469,2017,Joel Armia,WPG,R,12,7503,5.58
8473419,2017,Brad Marchand,BOS,L,12,14791,17.41
8476177,2017,Matt Read,PHI,R,6,4546,1.54
8475186,2017,John Moore,N.J,D,5,5525,1
8474571,2017,Mikkel Boedker,S.J,L,10,8444,4.2
8474579,2017,Luca Sbisa,VGK,D,12,11602,3.23
8466251,2017,Jason Chimera,ANA,L,2,825,-0.74
8475172,2017,Nazem Kadri,TOR,C,4,3577,1.78
8465009,2017,Zdeno Chara,BOS,D,12,16986,4.05
8476191,2017,Kevan Miller,BOS,D,12,14862,5.17
8476195,2017,Cory Conacher,T.B,C,2,609,0.08
8471958,2017,Dan Girardi,T.B,D,17,18365,5.5
8477505,2017,Alexander Wennberg,CBJ,C,3,3129,2.65
8474717,2017,Mark Barberio,COL,D,6,8025,0.88
8475225,2017,Craig Smith,NSH,R,13,12262,7.45
8479318,2017,Auston Matthews,TOR,C,7,7366,3.36
8468575,2017,Dominic Moore,TOR,C,2,904,0.18
8470834,2017,Dustin Byfuglien,WPG,D,16,25593,15.65
8477021,2017,Alexander Kerfoot,COL,C,6,4405,2.4
8476453,2017,Nikita Kucherov,T.B,R,17,18272,16.75
8476905,2017,Chandler Stephenson,WSH,C,24,21748,5.5
8480002,2017,Nico Hischier,N.J,C,5,4964,0.49
8475287,2017,Erik Haula,VGK,L,20,19933,9.42
8477839,2017,Conor Sheary,PIT,L,12,8522,4.72
8471669,2017,Paul Stastny,WPG,C,16,16830,12.21
8475722,2017,Jason Zucker,MIN,L,4,3997,-0.09
8478131,2017,Ondrej Kase,ANA,R,4,3365,0.32
8467370,2017,Mike Fisher,NSH,C,12,8093,3.73
8471476,2017,Daniel Winnik,MIN,L,4,3232,1.11
8474563,2017,Drew Doughty,L.A,D,3,5086,2.2
8474600,2017,Roman Josi,NSH,D,13,19756,9.67
8478458,2017,Jack Roslovic,WPG,C,9,5607,0.7
8475747,2017,Patrik Nemeth,COL,D,6,8534,0.4
8475279,2017,Ben Chiarot,WPG,D,15,13284,3.68
8474161,2017,Jakub Voracek,PHI,R,6,6482,2.01
8478906,2017,Markus Nutivaara,CBJ,D,6,6369,0.42
8473544,2017,Derick Brassard,PIT,C,12,9709,4.86
8471273,2017,Brandon Dubinsky,CBJ,C,6,4458,-0.49
8474685,2017,Matt Calvert,CBJ,L,6,6213,6.38
8473584,2017,Andrew MacDonald,PHI,D,6,6775,1.15
8476407,2017,Andy Welinski,ANA,D,3,2133,-0.6
8467400,2017,Francois Beauchemin,ANA,D,4,5083,0.63
8475793,2017,Ryan Johansen,NSH,C,13,14820,12.92
8477948,2017,Travis Sanheim,PHI,D,4,3718,0.93
8476476,2017,Joe Morrow,WPG,D,5,5080,2
8476891,2017,Matt Grzelcyk,BOS,D,11,10514,0.15
8475625,2017,Matt Irwin,NSH,D,12,7690,0.35
8470601,2017,Braydon Coburn,T.B,D,17,14388,6.3
8476880,2017,Tom Wilson,WSH,R,21,22366,13.95
8476887,2017,Filip Forsberg,NSH,L,13,13845,18
8469459,2017,Mikko Koivu,MIN,C,4,4435,2.18
8478550,2017,Artemi Panarin,CBJ,L,6,9353,6.35
8476460,2017,Mark Scheifele,WPG,C,16,20628,20.83
8476461,2017,Sean Couturier,PHI,C,5,6646,7.58
8477359,2017,Tucker Poolman,WPG,D,2,1236,1.1
8476331,2017,Dylan DeMelo,S.J,D,10,9363,3.17
8471724,2017,Kris Letang,PIT,D,12,18182,10.57
8473453,2017,Trevor Lewis,L.A,C,4,4135,-1.7
8477941,2017,Nick Ritchie,ANA,L,4,2831,-1.13
8470610,2017,Zach Parise,MIN,L,2,2062,1.05
8478493,2017,Joel Eriksson Ek,MIN,C,4,3028,0.68
8470621,2017,Corey Perry,ANA,R,4,4377,0.2
8476442,2017,Matt Nieto,COL,L,6,5524,0.67
8471260,2017,Blake Comeau,COL,L,6,5518,0.43
8470612,2017,Ryan Getzlaf,ANA,C,4,5141,1.54
8478067,2017,Oskar Lindblom,PHI,L,4,2551,-0.28
8470604,2017,Jeff Carter,L.A,C,4,5424,-0.19
8475758,2017,Devante Smith-Pelly,WSH,R,24,17325,4.01
8470041,2017,Rick Nash,BOS,L,9,8511,5.5
8476854,2017,Hampus Lindholm,ANA,D,4,5803,2.95
8478020,2017,Michael Amadio,L.A,C,1,765,0.29
8479293,2017,Brandon Tanev,WPG,L,16,12807,7.08
8477447,2017,Shea Theodore,VGK,D,20,26138,15.03
8475820,2017,Joonas Donskoi,S.J,R,9,8050,2.53
8477456,2017,J.T. Compher,COL,L,6,4346,2.03
8477953,2017,Kasperi Kapanen,TOR,R,7,4730,0.77
8474207,2017,Nick Holden,BOS,D,2,1491,0.7
8477960,2017,Adrian Kempe,L.A,L,4,3542,0.42
8474660,2017,David Warsofsky,COL,D,4,2189,0.4
8477949,2017,Alex Tuch,VGK,R,20,18910,10.04
8475169,2017,Evander Kane,S.J,L,9,9823,3.6
8475163,2017,Alex Chiasson,WSH,R,16,8627,0.83
8474715,2017,Cam Atkinson,CBJ,R,6,9577,4.27
8476806,2017,J.T. Brown,ANA,R,4,1741,0
8476885,2017,Jacob Trouba,WPG,D,16,20876,9.53
8475151,2017,Kyle Palmieri,N.J,R,5,5357,2.27
8475715,2017,Oscar Lindberg,VGK,C,3,2031,0.68
8475714,2017,Calle Jarnkrok,NSH,C,7,5222,2.06
8479398,2017,Samuel Girard,COL,D,3,3956,0.65
8473618,2017,Mathieu Perreault,WPG,C,9,7011,3.5
8475233,2017,David Savard,CBJ,D,6,7127,2.27
8470611,2017,Eric Fehr,S.J,C,10,6672,3.32
8479944,2017,Zach Aston-Reese,PIT,C,9,5207,0.82
8479339,2017,Patrik Laine,WPG,R,16,17221,12.33
8471214,2017,Alex Ovechkin,WSH,L,24,29846,29.63
8474037,2017,James van Riemsdyk,TOR,L,7,6016,3.33
8478500,2017,Ivan Provorov,PHI,D,6,8949,3.15
8470602,2017,Dion Phaneuf,L.A,D,4,5227,0.9
8470828,2017,Toby Enstrom,WPG,D,11,10896,-0.7
8471873,2017,Anton Stralman,T.B,D,17,22512,4.93
8478519,2017,Anthony Cirelli,T.B,C,17,13450,6.83
8474574,2017,Tyler Myers,WPG,D,15,17571,8.1
8477451,2017,Ryan Hartman,NSH,R,9,6452,3.84
8471717,2017,Adam McQuaid,BOS,D,12,9588,1.48
8477956,2017,David Pastrnak,BOS,R,12,13878,20.65
