playerId,season,name,team,position,games_played,icetime,gameScore
8475792,2018,Brett Connolly,WSH,R,7,5807,0.1
8471702,2018,Matt Niskanen,WSH,D,7,10388,-0.57
8471707,2018,James Neal,CGY,L,4,3315,0.47
8471709,2018,Marc-Edouard Vlasic,S.J,D,18,25385,9.6
8473563,2018,Nicklas Backstrom,WSH,C,7,8802,5.09
8468498,2018,Brooks Orpik,WSH,D,7,7645,0.28
8479976,2018,Juuso Valimaki,CGY,D,2,2040,1.63
8474157,2018,Max Pacioretty,VGK,L,7,8215,10.48
8470151,2018,Jay Bouwmeester,STL,D,26,36596,5.67
8477969,2018,Marcus Pettersson,PIT,D,4,4319,2.55
8477488,2018,Brett Pesce,CAR,D,15,20781,7.95
8475149,2018,Marcus Johansson,BOS,L,22,18364,11.21
8478541,2018,Markus Hannikainen,CBJ,L,1,240,0.1
8477220,2018,Nate Schmidt,VGK,D,7,9508,5.13
8477492,2018,Nathan MacKinnon,COL,C,12,17088,14.04
8478099,2018,Kevin Labanc,S.J,R,20,17818,7.64
8475807,2018,Joakim Nordstrom,BOS,C,23,18933,5.21
8471215,2018,Evgeni Malkin,PIT,C,4,4490,3.4
8475750,2018,Jon Merrill,VGK,D,7,7735,2.03
8476927,2018,Teddy Blueger,PIT,C,1,701,0.32
8477931,2018,Tomas Nosek,VGK,L,7,6158,-0.02
8470047,2018,Valtteri Filppula,NYI,C,8,7058,2.53
8477015,2018,Connor Brown,TOR,R,7,5460,1.25
8476346,2018,Johnny Gaudreau,CGY,L,5,5833,2.6
8477482,2018,Zach Sanford,STL,L,8,4800,3.45
8475170,2018,Brayden Schenn,STL,C,26,29098,14.96
8475794,2018,Tyler Seguin,DAL,C,13,16322,12.73
8476329,2018,Travis Boyd,WSH,C,1,604,0.03
8474709,2018,Matt Martin,NYI,L,8,5631,1.11
8476891,2018,Matt Grzelcyk,BOS,D,20,19768,9.6
8479400,2018,Pierre-Luc Dubois,CBJ,C,10,10488,3.65
8476166,2018,Taylor Fedun,DAL,D,7,4348,-1.37
8466138,2018,Joe Thornton,S.J,C,19,18162,9.48
8475158,2018,Ryan O'Reilly,STL,C,26,32663,22.14
8476880,2018,Tom Wilson,WSH,R,7,8839,3.71
8476889,2018,Radek Faksa,DAL,C,13,13114,-0.14
8476981,2018,Josh Anderson,CBJ,R,10,10190,0.94
8477478,2018,William Carrier,VGK,L,7,3691,0.05
8476462,2018,Dougie Hamilton,CAR,D,15,18234,13.65
8475907,2018,Micheal Ferland,CAR,L,7,4309,1.7
8473994,2018,Jamie Benn,DAL,L,13,15397,10.72
8474125,2018,Carl Gunnarsson,STL,D,19,16959,4.15
8476449,2018,Scott Harrington,CBJ,D,10,8156,3.68
8470613,2018,Brent Burns,S.J,D,20,33991,19.18
8475758,2018,Devante Smith-Pelly,WSH,R,3,1762,-0.14
8477939,2018,William Nylander,TOR,R,7,6579,4.1
8474053,2018,Logan Couture,S.J,C,20,24132,23.51
8476374,2018,Sean Kuraly,BOS,C,20,18659,7.87
8468508,2018,Justin Williams,CAR,R,15,16288,12.46
8474162,2018,Jake Muzzin,TOR,D,7,8533,1.78
8475188,2018,Brayden McNabb,VGK,D,7,9782,2.93
8478906,2018,Markus Nutivaara,CBJ,D,2,2592,0.17
8474578,2018,Erik Karlsson,S.J,D,19,28206,15.22
8477454,2018,Adam Erne,T.B,L,3,1605,0.61
8478569,2018,Noel Acciari,BOS,C,19,15010,1.79
8475176,2018,Ryan Ellis,NSH,D,6,8726,2.75
8475098,2018,Tyler Bozak,STL,C,26,22047,9.49
8478046,2018,Danton Heinen,BOS,C,24,19030,10.55
8477940,2018,Nikolaj Ehlers,WPG,L,6,4610,1.45
8475763,2018,Kevin Hayes,WPG,R,6,4314,3.06
8476897,2018,Oskar Sundqvist,STL,C,25,24188,11.58
8474066,2018,Thomas Hickey,NYI,D,4,4401,-0.15
8478460,2018,Zach Werenski,CBJ,D,10,15968,3.43
8480944,2018,Par Lindholm,WPG,C,2,1458,0.4
8476887,2018,Filip Forsberg,NSH,L,6,7147,3.8
8480147,2018,Oscar Fantenberg,CGY,D,3,2348,0.3
8477404,2018,Jake Guentzel,PIT,L,4,4939,2.12
8473504,2018,Cal Clutterbuck,NYI,R,7,6294,0.33
8474000,2018,Steven Kampfer,BOS,D,3,2090,1.38
8478408,2018,Travis Dermott,TOR,D,7,6465,3.1
8478398,2018,Kyle Connor,WPG,L,6,7697,4.45
8473422,2018,Nick Foligno,CBJ,L,10,11163,2.04
8477495,2018,Seth Jones,CBJ,D,10,17123,7.37
8475200,2018,Dmitry Orlov,WSH,D,7,9821,1.1
8473533,2018,Jordan Staal,CAR,C,15,17425,14.24
8478498,2018,Jake DeBrusk,BOS,L,24,21525,14.65
8471669,2018,Paul Stastny,VGK,C,7,8461,6.93
8477471,2018,Dillon Heatherington,DAL,D,1,476,0.1
8478427,2018,Sebastian Aho,CAR,C,15,18803,16.58
8478038,2018,Devon Toews,NYI,D,8,9194,5.28
8476460,2018,Mark Scheifele,WPG,C,6,7480,4.78
8470966,2018,Mark Giordano,CGY,D,5,7909,2.13
8475181,2018,Nick Leddy,NYI,D,8,9697,1.2
8474574,2018,Tyler Myers,WPG,D,6,6648,1.45
8478056,2018,Clark Bishop,CAR,C,2,942,0.04
8478567,2018,Dean Kukan,CBJ,D,10,9101,1.38
8477953,2018,Kasperi Kapanen,TOR,R,7,7213,2.9
8477952,2018,Robby Fabbri,STL,C,10,5194,-0.69
8465009,2018,Zdeno Chara,BOS,D,23,29582,4.92
8477505,2018,Alexander Wennberg,CBJ,C,4,2517,-0.7
8475790,2018,Erik Gudbranson,PIT,D,4,3896,2.05
8479371,2018,Dante Fabbro,NSH,D,6,4347,1.67
8478472,2018,Mathieu Joseph,T.B,R,4,2534,0.75
8477429,2018,Andrew Copp,WPG,C,6,4988,4.67
8475168,2018,Matt Duchene,CBJ,C,10,10075,9.64
8477365,2018,Connor Clifton,BOS,D,18,14315,4.58
8476288,2018,Ryan Dzingel,CBJ,C,9,6127,0.64
8476882,2018,Teuvo Teravainen,CAR,L,15,17929,14.13
8476525,2018,Colin Miller,VGK,D,6,6711,4.23
8476467,2018,Jamie Oleksiak,DAL,D,4,2771,-0.42
8476453,2018,Nikita Kucherov,T.B,R,3,3933,2.38
8478407,2018,Vince Dunn,STL,D,20,18055,11.87
8474034,2018,Pat Maroon,STL,L,26,19196,7.83
8476442,2018,Matt Nieto,COL,L,12,10290,6.91
8470619,2018,Brian Boyle,NSH,C,3,2279,3.13
8470187,2018,Johnny Boychuk,NYI,D,4,3903,0.47
8476539,2018,Jonathan Marchessault,VGK,C,7,7715,8.22
8478104,2018,Sammy Blais,STL,L,15,10774,4.28
8475745,2018,Charlie Coyle,BOS,C,24,22047,14.35
8474590,2018,John Carlson,WSH,D,7,11000,3.87
8477512,2018,Frederik Gauthier,TOR,C,7,3112,0.57
8475177,2018,Calvin de Haan,CAR,D,12,12307,5.05
8477506,2018,Ryan Pulock,NYI,D,8,11179,-0.23
8476958,2018,Jaccob Slavin,CAR,D,15,23549,14.55
8475225,2018,Craig Smith,NSH,R,6,5074,2.2
8479410,2018,Mikhail Sergachev,T.B,D,4,4461,1.53
8478550,2018,Artemi Panarin,CBJ,L,10,13043,10.28
8480172,2018,Jan Rutta,T.B,D,4,3924,2.88
8480780,2018,Lukas Radil,S.J,C,6,3497,0.76
8475324,2018,Nick Jensen,WSH,D,7,7883,-0.7
8476925,2018,Colton Sissons,NSH,C,6,5736,-0.76
8476921,2018,Jordan Martinook,CAR,L,10,6970,3.58
8471260,2018,Blake Comeau,DAL,L,13,12761,0.99
8478512,2018,Austin Czarnik,CGY,C,1,327,-0.3
8473548,2018,Phil Kessel,PIT,R,4,4433,2.85
8475279,2018,Ben Chiarot,WPG,D,6,7120,1.5
8478449,2018,Roope Hintz,DAL,L,13,12536,7.62
8474207,2018,Nick Holden,VGK,D,1,814,-0.25
8473463,2018,Leo Komarov,NYI,R,8,6617,1.27
8474176,2018,Carl Hagelin,WSH,L,7,6948,-0.62
8464989,2018,Matt Cullen,PIT,C,4,2688,0.21
8470655,2018,David Backes,BOS,R,15,8706,5.44
8475169,2018,Evander Kane,S.J,L,20,23799,7.68
8475167,2018,Victor Hedman,T.B,D,2,2788,0.35
8474062,2018,Riley Nash,CBJ,C,7,5687,1.82
8477043,2018,Christian Djoos,WSH,D,3,1332,-0.9
8477998,2018,Warren Foegele,CAR,L,15,13000,9.84
8478416,2018,Erik Cernak,T.B,D,4,5155,3.02
8476873,2018,Mark Jankowski,CGY,C,5,3816,-0.5
8477416,2018,Oliver Bjorkstrand,CBJ,R,10,9066,5.33
8473986,2018,Alex Killorn,T.B,L,4,2856,1.13
8475735,2018,Greg McKegg,CAR,C,14,9011,3.24
8479339,2018,Patrik Laine,WPG,R,6,6469,4.29
8471214,2018,Alex Ovechkin,WSH,L,7,9161,6.7
8473933,2018,Ben Lovejoy,DAL,D,13,14065,-3
8471675,2018,Sidney Crosby,PIT,C,4,5374,1.85
8476431,2018,Adam Clendening,CBJ,D,7,3681,1.22
8479293,2018,Brandon Tanev,WPG,L,5,4125,2.55
8475744,2018,Evgeny Kuznetsov,WSH,C,7,8381,3.46
8475186,2018,John Moore,BOS,D,10,8425,-0.43
8475832,2018,Tom Kuhnhackl,NYI,R,8,6286,0.95
8478443,2018,Brandon Carlo,BOS,D,24,30981,8.2
8475179,2018,Dmitry Kulikov,WPG,D,6,4973,0.17
8477501,2018,Valeri Nichushkin,DAL,R,1,477,0
8475799,2018,Nino Niederreiter,CAR,R,15,16734,9.44
8476892,2018,Colton Parayko,STL,D,26,39109,15.07
8475786,2018,Zach Hyman,TOR,L,7,7606,1.89
8477845,2018,Trevor van Riemsdyk,CAR,D,9,7463,1.97
8475714,2018,Calle Jarnkrok,NSH,C,6,5610,3.53
8470257,2018,Alexander Steen,STL,L,26,20738,4.59
8471724,2018,Kris Letang,PIT,D,4,6493,3.85
8474673,2018,TJ Brodie,CGY,D,5,6716,0.85
8477413,2018,Sven Andrighetto,COL,R,5,2387,0.52
8477887,2018,Patrick Brown,CAR,C,8,4093,0.44
8477341,2018,Andreas Johnsson,TOR,L,7,6780,3.5
8477903,2018,Garnet Hathaway,CGY,R,5,3551,-0.19
8479325,2018,Charlie McAvoy,BOS,D,23,33757,8.78
8470601,2018,Braydon Coburn,T.B,D,2,2073,3.47
8474589,2018,Tyler Ennis,TOR,L,5,2585,2.63
8475754,2018,Brock Nelson,NYI,C,8,8781,1.63
8480901,2018,Karson Kuhlman,BOS,C,8,5570,4.04
8477496,2018,Elias Lindholm,CGY,C,5,5760,2.33
8478027,2018,Lucas Wallmark,CAR,C,15,12647,2.1
8477444,2018,Andre Burakovsky,WSH,L,7,4577,1.08
8478458,2018,Jack Roslovic,WPG,C,6,3056,0.35
8476428,2018,Rocco Grimaldi,NSH,C,5,3895,4.9
8479675,2018,Trevor Moore,TOR,L,7,3264,1.7
8477956,2018,David Pastrnak,BOS,R,24,25360,22.5
8479944,2018,Zach Aston-Reese,PIT,C,4,2514,-0.08
8474145,2018,Robert Bortuzzo,STL,D,17,12564,1.85
8476292,2018,Ondrej Palat,T.B,L,4,4146,1.45
8468493,2018,Ron Hainsey,TOR,D,7,8575,1.65
8478463,2018,Anthony Beauvillier,NYI,L,8,5470,2.5
8474150,2018,Mikael Backlund,CGY,C,5,6007,1.82
8471339,2018,Ryan Callahan,T.B,R,2,1198,0.15
8479314,2018,Matthew Tkachuk,CGY,L,5,5262,2.46
8478397,2018,Rasmus Andersson,CGY,D,5,5615,3.47
8473564,2018,Michael Frolik,CGY,R,5,4119,-0.84
8471262,2018,Carl Soderberg,COL,C,12,11545,3.42
8478585,2018,Derek Ryan,CGY,C,5,4257,0.16
8471677,2018,Jack Johnson,PIT,D,3,2763,-0.85
8475753,2018,Justin Faulk,CAR,D,15,22902,13.35
8474581,2018,Jake Gardiner,TOR,D,7,6805,3.32
8475191,2018,Reilly Smith,VGK,R,7,8065,8.24
8477922,2018,Melker Karlsson,S.J,C,20,13971,2.25
8476792,2018,Torey Krug,BOS,D,24,32137,20.97
8478042,2018,Viktor Arvidsson,NSH,R,6,7224,2.9
8476934,2018,Brock McGinn,CAR,L,15,14497,6.36
8477949,2018,Alex Tuch,VGK,R,7,7189,3.52
8480069,2018,Cale Makar,COL,D,10,10437,7.7
8466139,2018,Patrick Marleau,TOR,C,7,6151,2.84
8478866,2018,Dominik Simon,PIT,C,4,3113,2.44
8476885,2018,Jacob Trouba,WPG,D,6,7903,0.5
8475906,2018,John Klingberg,DAL,D,13,19072,13.6
8477357,2018,Saku Maenalanen,CAR,R,9,5482,1.06
8477964,2018,Ivan Barbashev,STL,C,25,18687,3.82
8474009,2018,Nick Bonino,NSH,C,6,5574,0.94
8470834,2018,Dustin Byfuglien,WPG,D,6,9247,7.35
8476902,2018,Esa Lindell,DAL,D,13,21023,4.47
8476905,2018,Chandler Stephenson,WSH,C,6,3602,-0.38
8476448,2018,William Karlsson,VGK,C,7,8579,7.45
8474230,2018,Micheal Haley,S.J,C,11,4566,0.21
8474027,2018,Justin Braun,S.J,D,20,25768,1.37
8476853,2018,Morgan Rielly,TOR,D,7,10517,6.45
8475752,2018,Tyler Pitlick,DAL,C,6,2985,-1.78
8475810,2018,Bryan Rust,PIT,R,4,3338,-1.42
8474586,2018,Jordan Eberle,NYI,R,8,7951,9.29
8474565,2018,Alex Pietrangelo,STL,D,26,39890,24.13
8476429,2018,Scott Mayfield,NYI,D,8,8815,2.68
8473412,2018,Bryan Little,WPG,C,6,5812,2.31
8477450,2018,Jason Dickinson,DAL,C,13,12435,3.55
8475834,2018,Marcus Sorensen,S.J,L,18,14090,4.27
8477955,2018,Jared McCann,PIT,C,3,2928,3.24
8477504,2018,Josh Morrissey,WPG,D,6,6890,0.7
8475413,2018,Justin Dowling,DAL,C,13,8356,-0.24
8475760,2018,Nick Bjugstad,PIT,C,4,3407,1.29
8475766,2018,Austin Watson,NSH,L,6,4475,1.05
8475166,2018,John Tavares,TOR,C,7,8262,4.1
8474715,2018,Cam Atkinson,CBJ,R,10,11096,8.02
8475913,2018,Mark Stone,VGK,R,7,9041,10.52
8480074,2018,Alexandre Texier,CBJ,C,8,5481,1.71
8478839,2018,Aleksi Saarela,CAR,C,1,550,0
8470638,2018,Patrice Bergeron,BOS,C,24,27023,22.48
8477935,2018,Sam Bennett,CGY,C,5,3998,3.26
8471698,2018,T.J. Oshie,WSH,R,4,4358,-0.83
8476917,2018,Adam Pelech,NYI,D,8,9855,0.92
8474190,2018,Wayne Simmonds,NSH,R,2,897,0.38
8478233,2018,Andrew Mangiapane,CGY,L,5,3284,0.78
8476432,2018,Boone Jenner,CBJ,C,10,10338,3.68
8477938,2018,Haydn Fleury,CAR,D,9,4152,0.35
8475197,2018,Tyson Barrie,COL,D,12,17394,9.55
8475343,2018,Nic Dowd,WSH,C,7,4269,0.49
8474564,2018,Steven Stamkos,T.B,C,4,4553,1.92
8477447,2018,Shea Theodore,VGK,D,7,9632,7.3
8474569,2018,Colin Wilson,COL,C,12,11616,7.54
8478519,2018,Anthony Cirelli,T.B,C,4,4292,3.08
8473419,2018,Brad Marchand,BOS,L,24,29229,24.69
8475747,2018,Patrik Nemeth,COL,D,7,6003,1.9
8471276,2018,David Krejci,BOS,C,24,24264,15.54
8471887,2018,Patric Hornqvist,PIT,R,4,3441,2.28
8477456,2018,J.T. Compher,COL,L,12,11422,7.87
8469465,2018,Dan Hamhuis,NSH,D,6,4864,1.63
8471392,2018,Roman Polak,DAL,D,13,15199,-2.88
8471958,2018,Dan Girardi,T.B,D,4,4135,-0.22
8475798,2018,Mikael Granlund,NSH,C,6,5463,2.85
8470794,2018,Joe Pavelski,S.J,C,13,15332,8.35
8477944,2018,Jakub Vrana,WSH,L,7,6038,-0.65
8475314,2018,Anders Lee,NYI,L,8,8089,4.29
8475780,2018,Chris Wagner,BOS,R,12,9054,2.16
8474151,2018,Ryan McDonagh,T.B,D,4,5507,0.77
8476439,2018,Brett Ritchie,DAL,R,1,472,-0.4
8479318,2018,Auston Matthews,TOR,C,7,8314,7.08
8476975,2018,Cedric Paquette,T.B,C,4,2947,1.42
8476874,2018,Olli Maatta,PIT,D,1,1124,-0.5
8478399,2018,Jonas Siegenthaler,WSH,D,4,3840,-0.07
8476455,2018,Gabriel Landeskog,COL,L,12,16746,10.38
8474189,2018,Lars Eller,WSH,C,7,7980,1.2
8478483,2018,Mitchell Marner,TOR,R,7,8641,3.94
8475218,2018,Mattias Ekholm,NSH,D,6,8619,3.45
8474612,2018,Travis Hamonic,CGY,D,5,6665,-0.65
8474056,2018,P.K. Subban,NSH,D,6,9174,6.35
8477930,2018,Pierre-Edouard Bellemare,VGK,C,6,4224,0.86
8477936,2018,Michael Dal Colle,NYI,L,1,547,0.13
8474602,2018,Justin Schultz,PIT,D,4,4891,2.3
8474685,2018,Matt Calvert,COL,L,8,6631,4.01
8478414,2018,Timo Meier,S.J,R,20,20506,17.11
8477507,2018,Nikita Zadorov,COL,D,12,13551,-0.12
8479370,2018,Tyson Jost,COL,C,12,7081,5.63
8471817,2018,Ryan Reaves,VGK,R,7,3676,0.68
8469455,2018,Jason Spezza,DAL,C,11,6628,3.3
8475768,2018,Jaden Schwartz,STL,L,26,27138,26.2
8475765,2018,Vladimir Tarasenko,STL,R,26,28567,22.74
8474068,2018,Kyle Turris,NSH,C,6,5201,2.75
8471228,2018,Alexander Radulov,DAL,R,13,15063,11.87
8476881,2018,Tomas Hertl,S.J,C,19,24919,16.18
8474013,2018,Ian Cole,COL,D,12,13657,4.07
8476468,2018,J.T. Miller,T.B,C,4,3454,2.04
8477021,2018,Alexander Kerfoot,COL,C,12,11398,4.66
8475204,2018,Brandon Pirri,VGK,C,1,1035,0.82
8471699,2018,Andrew Cogliano,DAL,C,13,11124,1.44
8475208,2018,Brian Dumoulin,PIT,D,4,5034,2.5
8473446,2018,Erik Johnson,COL,D,12,13853,3.78
8478882,2018,Vladislav Gavrikov,CBJ,D,2,1869,-0.07
8476441,2018,Joel Edmundson,STL,D,22,21827,9.65
8471218,2018,Blake Wheeler,WPG,R,6,7265,4.03
8476392,2018,Adam Lowry,WPG,C,6,5160,1.34
8475692,2018,Mats Zuccarello,DAL,C,13,13288,8.25
8474600,2018,Roman Josi,NSH,D,6,9320,3.75
8479458,2018,Nikita Zaitsev,TOR,D,7,7974,0.55
8475820,2018,Joonas Donskoi,S.J,R,12,8956,3.88
8473544,2018,Derick Brassard,COL,C,9,5582,1.15
8471273,2018,Brandon Dubinsky,CBJ,C,10,7868,-0.21
8478445,2018,Mathew Barzal,NYI,C,8,8065,8.13
8476826,2018,Yanni Gourde,T.B,C,4,3038,0.86
8477810,2018,Joel Hanley,DAL,D,1,775,-0.2
8475253,2018,Garrett Wilson,PIT,L,4,1931,0.46
8475841,2018,Tim Heed,S.J,D,3,2556,0.8
8477046,2018,Joakim Ryan,S.J,D,20,10443,2.35
8477406,2018,Mattias Janmark,DAL,C,7,5028,0.69
8480830,2018,Andrei Svechnikov,CAR,R,9,7372,6.24
8479398,2018,Samuel Girard,COL,D,9,10102,4.5
8475236,2018,Cody Eakin,VGK,C,7,7149,3.67
8475268,2018,Gabriel Bourque,COL,L,12,5795,1.11
8473618,2018,Mathieu Perreault,WPG,L,5,3011,1.06
8475231,2018,Casey Cizikas,NYI,C,8,7023,0.45
8475233,2018,David Savard,CBJ,D,10,14223,1.37
8478010,2018,Brayden Point,T.B,C,4,4625,1.66
8477497,2018,Sean Monahan,CGY,C,5,5478,3.04
8476624,2018,Barclay Goodrow,S.J,R,20,14059,0.29
8479580,2018,Dylan Gambrell,S.J,C,2,1170,1
8475455,2018,Brenden Dillon,S.J,D,20,19738,0.75
8474870,2018,Tyler Johnson,T.B,C,4,3768,1.2
8476447,2018,Miikka Salomaki,NSH,R,2,1241,1.02
8474102,2018,David Perron,STL,L,26,28381,19.09
8478420,2018,Mikko Rantanen,COL,R,12,15589,12.97
8480023,2018,Robert Thomas,STL,C,21,16509,6.36
8480036,2018,Miro Heiskanen,DAL,D,13,19764,4.67
8474679,2018,Gustav Nyquist,S.J,C,20,18652,10.46
8474573,2018,Josh Bailey,NYI,R,8,8602,3.08
8475172,2018,Nazem Kadri,TOR,C,2,1749,1.76
8468674,2018,Deryk Engelland,VGK,D,7,9795,1.78
8475793,2018,Ryan Johansen,NSH,C,6,7502,4.17
8478396,2018,Noah Hanifin,CGY,D,5,6174,-1.23
