playerId,season,name,team,position,games_played,icetime,gameScore
8471702,2019,Matt Niskanen,PHI,D,15,20753,2.33
8471707,2019,James Neal,EDM,L,4,3071,3.88
8473563,2019,Nicklas Backstrom,WSH,C,5,4950,1.06
8477846,2019,Ryan Carpenter,CHI,C,9,7149,-0.56
8475906,2019,John Klingberg,DAL,D,26,36281,15.9
8475907,2019,Micheal Ferland,VAN,L,2,857,-0.2
8480074,2019,Alexandre Texier,CBJ,C,10,13122,4.46
8478396,2019,Noah Hanifin,CGY,D,10,11301,4.2
8475324,2019,Nick Jensen,WSH,D,8,8088,1.7
8480849,2019,Barrett Hayton,ARI,C,3,1913,-0.5
8470626,2019,Loui Eriksson,VAN,L,10,9563,-0.05
8479323,2019,Adam Fox,NYR,D,3,3815,1
8478131,2019,Ondrej Kase,BOS,R,11,10225,6.73
8479343,2019,Clayton Keller,ARI,R,9,9312,6.04
8474573,2019,Josh Bailey,NYI,R,22,25359,14.11
8479346,2019,Dillon Dube,CGY,C,10,9053,6.81
8478567,2019,Dean Kukan,CBJ,D,9,7120,2.38
8475796,2019,Mark Pysyk,FLA,D,4,3174,0.5
8474102,2019,David Perron,STL,L,9,10824,12.7
8476292,2019,Ondrej Palat,T.B,L,25,31365,33.91
8474068,2019,Kyle Turris,NSH,C,4,3606,0.06
8474090,2019,Brendan Smith,NYR,D,3,3143,0.03
8476882,2019,Teuvo Teravainen,CAR,L,8,9583,5.55
8475225,2019,Craig Smith,NSH,R,4,3075,0.41
8479410,2019,Mikhail Sergachev,T.B,D,25,33917,16.8
8478550,2019,Artemi Panarin,NYR,L,3,3898,1.8
8477989,2019,Christian Dvorak,ARI,C,9,8756,1.82
8478398,2019,Kyle Connor,WPG,L,4,5523,1.85
8474027,2019,Justin Braun,PHI,D,16,16031,2.8
8475287,2019,Erik Haula,FLA,L,4,3989,0.2
8470621,2019,Corey Perry,DAL,R,27,22470,7.22
8475735,2019,Greg McKegg,NYR,C,3,1608,-1.29
8474189,2019,Lars Eller,WSH,C,5,5485,1.87
8470610,2019,Zach Parise,MIN,L,4,4256,2.34
8476393,2019,Nick Cousins,VGK,C,17,13556,9.32
8470595,2019,Eric Staal,MIN,C,4,4274,3.82
8480853,2019,Liam Foudy,CBJ,C,10,10027,2.23
8477941,2019,Nick Ritchie,BOS,L,8,6084,0.11
8474581,2019,Jake Gardiner,CAR,D,6,4741,1.9
8475268,2019,Gabriel Bourque,WPG,L,3,857,0.33
8475191,2019,Reilly Smith,VGK,R,20,21106,18.55
8470966,2019,Mark Giordano,CGY,D,10,13621,3.15
8474162,2019,Jake Muzzin,TOR,D,2,2235,0.33
8478906,2019,Markus Nutivaara,CBJ,D,2,1177,0.13
8471887,2019,Patric Hornqvist,PIT,R,4,3628,1.36
8478440,2019,Dylan Strome,CHI,C,9,7789,1.15
8475176,2019,Ryan Ellis,NSH,D,4,6395,6.63
8475791,2019,Taylor Hall,ARI,L,9,10239,2.75
8479371,2019,Dante Fabbro,NSH,D,4,4938,0.75
8475314,2019,Anders Lee,NYI,L,22,24010,16.85
8474157,2019,Max Pacioretty,VGK,L,16,15929,13.31
8473512,2019,Claude Giroux,PHI,C,16,17735,12.21
8480797,2019,Joel Farabee,PHI,L,12,10427,3.9
8476907,2019,Mackenzie MacEachern,STL,L,5,2032,-0.36
8474749,2019,Matt Bartkowski,MIN,D,1,599,0.2
8480205,2019,Emil Bemstrom,CBJ,C,5,2745,-0.4
8476856,2019,Matt Dumba,MIN,D,4,6013,2.4
8478038,2019,Devon Toews,NYI,D,22,27051,8.25
8476539,2019,Jonathan Marchessault,VGK,C,20,19780,16.16
8475750,2019,Jon Merrill,VGK,D,1,848,1.15
8479355,2019,Olli Juolevi,VAN,D,1,376,0.15
8474715,2019,Cam Atkinson,CBJ,R,8,10938,4.4
8474600,2019,Roman Josi,NSH,D,4,6463,7.07
8479987,2019,Morgan Geekie,CAR,C,8,5261,2
8476428,2019,Rocco Grimaldi,NSH,R,4,3008,0.95
8476346,2019,Johnny Gaudreau,CGY,L,10,10937,5.78
8478569,2019,Noel Acciari,FLA,C,4,4265,1.17
8478211,2019,Dryden Hunt,FLA,L,2,1062,0.41
8478500,2019,Ivan Provorov,PHI,D,16,24900,7.13
8474207,2019,Nick Holden,VGK,D,19,15189,8.67
8475772,2019,Riley Sheahan,EDM,C,4,2699,0.14
8478468,2019,Jeremy Lauzon,BOS,D,6,5284,-0.73
8475798,2019,Mikael Granlund,NSH,C,4,4490,0.72
8481554,2019,Kaapo Kakko,NYR,R,3,2858,1.15
8476892,2019,Colton Parayko,STL,D,9,12190,5.85
8475167,2019,Victor Hedman,T.B,D,25,39694,32.17
8477845,2019,Trevor van Riemsdyk,CAR,D,2,1317,1.2
8475913,2019,Mark Stone,VGK,R,20,22251,22.35
8477402,2019,Pavel Buchnevich,NYR,R,3,3259,-0.03
8473994,2019,Jamie Benn,DAL,L,27,27733,19.27
8480830,2019,Andrei Svechnikov,CAR,R,6,6063,7.1
8475231,2019,Casey Cizikas,NYI,C,18,15197,0.77
8476389,2019,Vincent Trocheck,CAR,C,8,8404,2.64
8481186,2019,Logan O'Connor,COL,R,5,3239,0.78
8477493,2019,Aleksander Barkov,FLA,C,4,5218,4.87
8475730,2019,Stephen Johns,DAL,D,4,3578,-0.55
8474568,2019,Luke Schenn,T.B,D,11,7171,4.13
8476850,2019,Ryan Murray,CBJ,D,9,8870,1.5
8476853,2019,Morgan Rielly,TOR,D,5,8508,2.92
8476166,2019,Taylor Fedun,DAL,D,11,5082,1.02
8475692,2019,Mats Zuccarello,MIN,R,4,3386,-0.14
8475690,2019,Christopher Tanev,VAN,D,17,21719,4.05
8478133,2019,Jake Evans,MTL,C,6,2805,1.15
8477931,2019,Tomas Nosek,VGK,L,8,4825,2.71
8477934,2019,Leon Draisaitl,EDM,C,4,5511,5.65
8480036,2019,Miro Heiskanen,DAL,D,27,42063,23.12
8474884,2019,Mike Hoffman,FLA,L,4,4422,3.75
8474176,2019,Carl Hagelin,WSH,L,8,6082,0.11
8478043,2019,Sam Lafferty,PIT,C,1,460,-0.62
8476406,2019,Nicholas Shore,WPG,C,4,2375,-0.02
8471817,2019,Ryan Reaves,VGK,R,19,10446,4.49
8476400,2019,Logan Shaw,WPG,R,3,1142,0.31
8474145,2019,Robert Bortuzzo,STL,D,3,1842,-0.57
8477942,2019,Kevin Fiala,MIN,L,4,4232,4.28
8479977,2019,Kailer Yamamoto,EDM,R,4,3852,0.1
8481641,2019,Joel Kiviranta,DAL,L,14,10732,5.73
8475810,2019,Bryan Rust,PIT,R,4,4381,2.97
8476967,2019,Brett Kulak,MTL,D,10,11130,6.67
8479314,2019,Matthew Tkachuk,CGY,L,6,6048,2.95
8478146,2019,Matthew Highmore,CHI,C,9,5475,1.95
8473618,2019,Mathieu Perreault,WPG,L,4,2831,0.24
8478839,2019,Aleksi Saarela,FLA,C,1,766,-0.1
8479423,2019,Alex Nylander,CHI,L,8,5185,-0.93
8478397,2019,Rasmus Andersson,CGY,D,10,12867,3.27
8477495,2019,Seth Jones,CBJ,D,10,19602,3.57
8476906,2019,Shayne Gostisbehere,PHI,D,5,4978,2.25
8477937,2019,Jake Virtanen,VAN,R,16,10852,2.9
8475171,2019,Oliver Ekman-Larsson,ARI,D,9,12205,1.4
8475792,2019,Brett Connolly,FLA,R,4,2776,-0.67
8477507,2019,Nikita Zadorov,COL,D,15,13562,6.3
8476409,2019,Alan Quine,CGY,C,3,1520,0.73
8476958,2019,Jaccob Slavin,CAR,D,8,12498,2.08
8476479,2019,Phillip Danault,MTL,C,10,11743,6.33
8476988,2019,Matt Benning,EDM,D,4,2560,2.45
8476461,2019,Sean Couturier,PHI,C,15,17301,11.71
8479316,2019,Luke Kunin,MIN,C,4,3479,1.51
8477969,2019,Marcus Pettersson,PIT,D,4,4370,1.07
8473504,2019,Cal Clutterbuck,NYI,R,21,17136,4.19
8476875,2019,Mike Matheson,FLA,D,2,1586,-0.9
8478831,2019,Kevin Stenlund,CBJ,C,2,1012,1.1
8476455,2019,Gabriel Landeskog,COL,L,14,16570,16.98
8476457,2019,Adam Larsson,EDM,D,2,2309,-0.5
8479385,2019,Jordan Kyrou,STL,C,5,2478,0.42
8476624,2019,Barclay Goodrow,T.B,C,25,27375,11.96
8474038,2019,Paul Byron,MTL,L,10,8820,3.92
8477341,2019,Andreas Johnsson,TOR,L,1,608,0.14
8475807,2019,Joakim Nordstrom,BOS,C,13,9682,-1.26
8479523,2019,Lucas Carlsson,CHI,D,1,633,-0.33
8468508,2019,Justin Williams,CAR,R,7,6417,2.04
8474618,2019,Marco Scandella,STL,D,9,10858,1.48
8480829,2019,Jesperi Kotkaniemi,MTL,C,10,8325,5.94
8478507,2019,John Marino,PIT,D,4,5109,1.8
8478233,2019,Andrew Mangiapane,CGY,L,10,9732,3.99
8477932,2019,Aaron Ekblad,FLA,D,4,6052,1.1
8479353,2019,Brett Howden,NYR,C,3,2808,-1.19
8474602,2019,Justin Schultz,PIT,D,4,4449,0.72
8476429,2019,Scott Mayfield,NYI,D,22,27136,6.35
8475181,2019,Nick Leddy,NYI,D,22,28472,7.35
8474291,2019,Jay Beagle,VAN,C,17,12916,-1.29
8474161,2019,Jakub Voracek,PHI,R,15,16337,12.41
8477810,2019,Joel Hanley,DAL,D,12,8145,2.55
8475797,2019,Jarred Tinordi,NSH,D,4,2552,-0.53
8474709,2019,Matt Martin,NYI,L,22,14373,3.95
8469455,2019,Jason Spezza,TOR,C,5,2522,0.73
8469454,2019,Ilya Kovalchuk,WSH,L,8,6211,0.6
8474141,2019,Patrick Kane,CHI,R,9,12148,6.7
8477949,2019,Alex Tuch,VGK,R,20,18891,20.06
8474062,2019,Riley Nash,CBJ,C,10,9851,1.05
8471735,2019,Keith Yandle,FLA,D,4,4356,2.45
8477369,2019,Carson Soucy,MIN,D,4,3516,-0.02
8477998,2019,Warren Foegele,CAR,L,8,6255,1.47
8477404,2019,Jake Guentzel,PIT,L,4,5218,3.88
8476873,2019,Mark Jankowski,CGY,C,5,2647,0.32
8476994,2019,Vinnie Hinostroza,ARI,R,7,4735,0.63
8477021,2019,Alexander Kerfoot,TOR,C,5,4617,2.12
8475722,2019,Jason Zucker,PIT,L,4,4136,3.4
8477346,2019,MacKenzie Weegar,FLA,D,4,5439,1.57
8478010,2019,Brayden Point,T.B,C,23,28346,40.79
8474034,2019,Pat Maroon,T.B,L,25,18889,6.51
8481582,2019,Nicholas Robertson,TOR,L,4,2898,0.81
8478067,2019,Oskar Lindblom,PHI,L,2,2052,-0.46
8471675,2019,Sidney Crosby,PIT,C,4,4982,4.13
8475752,2019,Tyler Pitlick,PHI,C,16,13032,-0.76
8475754,2019,Brock Nelson,NYI,C,22,25535,13.87
8476927,2019,Teddy Blueger,PIT,C,4,3298,1.04
8475193,2019,Tomas Tatar,MTL,L,10,9616,4.29
8474567,2019,Zach Bogosian,T.B,D,20,21196,12.05
8479982,2019,Conor Timmins,COL,D,2,1339,-0.55
8474673,2019,TJ Brodie,CGY,D,10,12336,2.05
8476826,2019,Yanni Gourde,T.B,C,25,27465,19.81
8478042,2019,Viktor Arvidsson,NSH,R,4,3945,6.16
8477506,2019,Ryan Pulock,NYI,D,22,29965,11.83
8478366,2019,Frank Vatrano,FLA,C,2,1194,-0.32
8470794,2019,Joe Pavelski,DAL,C,27,30201,21.09
8478874,2019,Adam Gaudette,VAN,C,10,6260,-1.18
8478462,2019,Nicolas Roy,VGK,C,20,17313,12.44
8476885,2019,Jacob Trouba,NYR,D,3,4035,1.45
8476960,2019,Andreas Athanasiou,EDM,L,4,2633,0.63
8476889,2019,Radek Faksa,DAL,C,19,18371,6.56
8477527,2019,Ross Johnston,NYI,L,5,2754,0.6
8476331,2019,Dylan DeMelo,WPG,D,4,5073,1.1
8477961,2019,John Quenneville,CHI,C,2,1193,-0.53
8476458,2019,Ryan Strome,NYR,C,3,3253,1.97
8478402,2019,Connor McDavid,EDM,C,4,5373,7.54
8479381,2019,Nick Caamano,DAL,R,4,2978,-1.13
8475455,2019,Brenden Dillon,WSH,D,8,10634,1.28
8470187,2019,Johnny Boychuk,NYI,D,3,1968,0.9
8477903,2019,Garnet Hathaway,WSH,R,8,4876,0.36
8480021,2019,Jack Studnicka,BOS,C,5,3483,1.86
8476925,2019,Colton Sissons,NSH,C,4,3096,1.19
8475186,2019,John Moore,BOS,D,1,939,-0.05
8473419,2019,Brad Marchand,BOS,L,13,16611,13.32
8474218,2019,Jason Demers,ARI,D,9,10220,1.13
8475279,2019,Ben Chiarot,MTL,D,10,13873,1.97
8471276,2019,David Krejci,BOS,C,13,15945,8.5
8474574,2019,Tyler Myers,VAN,D,10,11769,-3
8478445,2019,Mathew Barzal,NYI,C,22,26748,18.55
8474683,2019,Derek Grant,PHI,C,15,11877,1.59
8475098,2019,Tyler Bozak,STL,C,8,8598,2.41
8475799,2019,Nino Niederreiter,CAR,R,7,5549,2.48
8475762,2019,Derek Forbort,CGY,D,10,10489,1.13
8476480,2019,Vladislav Namestnikov,COL,C,12,7668,5.87
8473473,2019,Milan Lucic,CGY,L,10,9120,4.49
8475738,2019,Jordan Weal,MTL,C,2,1287,-0.17
8476470,2019,Nathan Beaulieu,WPG,D,4,3675,0.85
8473604,2019,Jonathan Toews,CHI,C,9,10093,6.18
8476467,2019,Jamie Oleksiak,DAL,D,27,35016,9.65
8477353,2019,Tyler Motte,VAN,C,17,15612,2.72
8479398,2019,Samuel Girard,COL,D,15,19523,11.4
8481477,2019,Nico Sturm,MIN,C,2,1337,0.52
8471284,2019,Andrej Sekera,DAL,D,27,23848,2.58
8479339,2019,Patrik Laine,WPG,R,1,1168,0.17
8476442,2019,Matt Nieto,COL,L,14,10645,4.5
8480018,2019,Nick Suzuki,MTL,C,10,11512,7.97
8470619,2019,Brian Boyle,FLA,C,4,2764,0.48
8475218,2019,Mattias Ekholm,NSH,D,4,5792,1.65
8476851,2019,Alex Galchenyuk,MIN,C,4,3304,-0.49
8471260,2019,Blake Comeau,DAL,L,23,20000,5.49
8474565,2019,Alex Pietrangelo,STL,D,9,13522,7.92
8479293,2019,Brandon Tanev,PIT,L,4,3259,0.65
8480871,2019,Adam Boqvist,CHI,D,8,6479,-0.78
8477451,2019,Ryan Hartman,MIN,R,4,2758,1
8465009,2019,Zdeno Chara,BOS,D,13,15426,0.03
8477500,2019,Bo Horvat,VAN,C,17,21027,10.45
8476891,2019,Matt Grzelcyk,BOS,D,12,14230,2.58
8475166,2019,John Tavares,TOR,C,5,6808,5.15
8475160,2019,Kyle Clifford,TOR,L,5,2465,0.9
8477435,2019,Ryan Graves,COL,D,15,18171,10.77
8478463,2019,Anthony Beauvillier,NYI,L,22,24488,13.21
8477979,2019,Nicolas Aube-Kubel,PHI,R,13,9277,2.98
8475718,2019,Justin Holl,TOR,D,5,6822,1.8
8477409,2019,Carter Verhaeghe,T.B,C,8,5082,0.82
8477482,2019,Zach Sanford,STL,L,9,8216,3.84
8470638,2019,Patrice Bergeron,BOS,C,13,15474,12.54
8474849,2019,Antoine Roussel,VAN,L,17,7615,2.81
8476454,2019,Ryan Nugent-Hopkins,EDM,C,4,5382,7.48
8476869,2019,Brady Skjei,CAR,D,8,10289,3.45
8477839,2019,Conor Sheary,PIT,L,4,3410,3.25
8478432,2019,Christian Fischer,ARI,R,9,6055,-0.8
8477950,2019,Tony DeAngelo,NYR,D,3,3421,-1.13
8470601,2019,Braydon Coburn,T.B,D,3,2675,0.38
8475163,2019,Alex Chiasson,EDM,R,4,3306,2.36
8480865,2019,Noah Dobson,NYI,D,1,775,-0.3
8477936,2019,Michael Dal Colle,NYI,L,3,1798,0.08
8478452,2019,Caleb Jones,EDM,D,2,1425,1.65
8478416,2019,Erik Cernak,T.B,D,25,31069,10.05
8471804,2019,Nathan Gerbe,CBJ,C,2,1507,-0.19
8479376,2019,Victor Mete,MTL,D,10,7501,2.83
8478474,2019,Lawson Crouse,ARI,L,9,7862,0.7
8478477,2019,Mitchell Stephens,T.B,C,7,5155,2.28
8475848,2019,Brendan Gallagher,MTL,R,9,9143,7.23
8476897,2019,Oskar Sundqvist,STL,C,9,7374,0.4
8474091,2019,Brandon Sutter,VAN,C,17,14470,2.42
8476288,2019,Ryan Dzingel,CAR,C,4,3836,-1.06
8471228,2019,Alexander Radulov,DAL,R,27,27026,15.07
8476462,2019,Dougie Hamilton,CAR,D,5,7473,1.65
8477359,2019,Tucker Poolman,WPG,D,4,3395,0.75
8481442,2019,Brady Keeper,FLA,D,1,793,-0.3
8476979,2019,Erik Gustafsson,CGY,D,10,10262,4.2
8475209,2019,Richard Panik,WSH,R,8,5486,1.53
8475208,2019,Brian Dumoulin,PIT,D,4,5234,1.42
8476399,2019,Blake Coleman,T.B,C,25,26828,18.73
8471215,2019,Evgeni Malkin,PIT,C,4,4971,2.47
8477444,2019,Andre Burakovsky,COL,L,15,12101,15.65
8478585,2019,Derek Ryan,CGY,C,10,6404,1.16
8474586,2019,Jordan Eberle,NYI,R,22,24949,15.04
8476921,2019,Jordan Martinook,CAR,L,8,6239,3.6
8475197,2019,Tyson Barrie,TOR,D,5,5841,0.68
8477930,2019,Pierre-Edouard Bellemare,COL,C,15,11625,5.13
8477447,2019,Shea Theodore,VGK,D,20,26823,27.5
8475820,2019,Joonas Donskoi,COL,R,9,7699,5.19
8472382,2019,Andy Greene,NYI,D,21,22268,2
8474590,2019,John Carlson,WSH,D,5,7450,3.02
8479345,2019,Jakob Chychrun,ARI,D,9,9974,0.88
8476948,2019,Charles Hudon,MTL,L,2,588,0.3
8475172,2019,Nazem Kadri,COL,C,15,16719,19.75
8477365,2019,Connor Clifton,BOS,D,8,7523,4.15
8476356,2019,Tobias Rieder,CGY,C,10,8022,3.82
8479370,2019,Tyson Jost,COL,C,12,8146,4.04
8475763,2019,Kevin Hayes,PHI,C,16,17843,12.34
8475766,2019,Austin Watson,NSH,L,4,2541,0.05
8481813,2019,Gaetan Haas,EDM,C,1,637,0.58
8476472,2019,Oscar Klefbom,EDM,D,4,5812,2.13
8478460,2019,Zach Werenski,CBJ,D,10,18027,3.2
8474151,2019,Ryan McDonagh,T.B,D,22,32022,13.88
8470257,2019,Alexander Steen,STL,L,4,2880,-1
8475158,2019,Ryan O'Reilly,STL,C,9,12495,13.89
8476463,2019,Jonas Brodin,MIN,D,4,5712,2.75
8476469,2019,Joel Armia,MTL,R,10,9558,6.98
8480172,2019,Jan Rutta,T.B,D,5,5335,0.7
8480078,2019,Filip Chytil,NYR,C,3,2751,0.04
8477210,2019,Buddy Robinson,CGY,R,1,645,0.25
8474125,2019,Carl Gunnarsson,STL,D,6,6068,1.63
8477987,2019,Ryan Donato,MIN,C,2,1080,0.08
8474736,2019,Zac Rinaldo,CGY,C,5,1877,-1.25
8476456,2019,Jonathan Huberdeau,FLA,L,4,4620,4.41
8474037,2019,James van Riemsdyk,PHI,L,12,10320,1.55
8481581,2019,Thomas Harley,DAL,D,1,658,-0.6
8478498,2019,Jake DeBrusk,BOS,L,13,13315,5.46
8471214,2019,Alex Ovechkin,WSH,L,8,10182,5.6
8476453,2019,Nikita Kucherov,T.B,R,25,32511,45.26
8477938,2019,Haydn Fleury,CAR,D,8,7812,3.05
8474564,2019,Steven Stamkos,T.B,C,1,167,1.01
8476374,2019,Sean Kuraly,BOS,C,10,7752,0.55
8471769,2019,Niklas Hjalmarsson,ARI,D,9,10538,-2.77
8480727,2019,Zach Whitecloud,VGK,D,20,20341,9.55
8475794,2019,Tyler Seguin,DAL,C,26,28890,11.63
8480069,2019,Cale Makar,COL,D,15,21308,21.45
8479482,2019,Michal Kempny,WSH,D,5,5753,-0.18
8475714,2019,Calle Jarnkrok,NSH,C,4,3122,1.7
8473446,2019,Erik Johnson,COL,D,9,9900,5.82
8479318,2019,Auston Matthews,TOR,C,5,7498,7.63
8476975,2019,Cedric Paquette,T.B,C,25,17338,3.86
8475236,2019,Cody Eakin,WPG,C,4,4090,0.22
8473986,2019,Alex Killorn,T.B,L,24,28409,9.74
8477492,2019,Nathan MacKinnon,COL,C,15,19651,29.39
8471698,2019,T.J. Oshie,WSH,R,8,8963,4.71
8480796,2019,Martin Fehervary,WSH,D,2,1605,0.4
8478483,2019,Mitchell Marner,TOR,R,5,7396,5.13
8480023,2019,Robert Thomas,STL,C,8,7604,2.72
8478027,2019,Lucas Wallmark,FLA,C,2,1630,-0.26
8475462,2019,Radko Gudas,WSH,D,5,4762,2.45
8478443,2019,Brandon Carlo,BOS,D,13,15962,1.75
8476792,2019,Torey Krug,BOS,D,13,17817,8.5
8475179,2019,Dmitry Kulikov,WPG,D,4,4849,1.92
8475178,2019,Zack Kassian,EDM,R,4,2549,-0.33
8474668,2019,Dale Weise,MTL,R,5,2590,-0.8
8477501,2019,Valeri Nichushkin,COL,R,15,12676,6.7
8477944,2019,Jakub Vrana,WSH,L,8,6883,1.82
8471303,2019,Alexander Edler,VAN,D,17,23464,6.7
8480186,2019,Alexander Volkov,T.B,R,1,574,0.1
8481523,2019,Kirby Dach,CHI,C,9,10479,4.64
8474098,2019,Colton Sceviour,FLA,C,2,1282,-0.57
8476779,2019,Brad Hunt,MIN,D,4,3264,0.72
8477851,2019,Jordan Oesterle,ARI,D,9,9126,3.87
8478413,2019,Jordan Greenway,MIN,L,4,3240,0.58
8474009,2019,Nick Bonino,NSH,C,4,3930,1.17
8476879,2019,Cody Ceci,TOR,D,5,6213,0.02
8478408,2019,Travis Dermott,TOR,D,5,5626,1.27
8476905,2019,Chandler Stephenson,VGK,C,20,19091,8.84
8477494,2019,Jonathan Drouin,MTL,L,10,9670,7.06
8478493,2019,Joel Eriksson Ek,MIN,C,4,3456,1.82
8476448,2019,William Karlsson,VGK,C,20,23039,18.13
8476449,2019,Scott Harrington,CBJ,D,1,1124,-0.45
8476443,2019,Xavier Ouellet,MTL,D,10,8784,2.48
8476917,2019,Adam Pelech,NYI,D,21,28264,7.77
8478427,2019,Sebastian Aho,CAR,C,8,9908,10.59
8479328,2019,Julien Gauthier,NYR,R,3,1316,-0.1
8480144,2019,David Kampf,CHI,C,9,6917,-0.49
8475343,2019,Nic Dowd,WSH,C,8,6105,0.06
8477314,2019,Brian Pinho,WSH,C,2,693,-0.19
8473548,2019,Phil Kessel,ARI,R,9,9285,2.8
8474679,2019,Gustav Nyquist,CBJ,C,10,12920,2.54
8475832,2019,Tom Kuhnhackl,NYI,R,3,1679,0.97
8478449,2019,Roope Hintz,DAL,L,25,20555,11.52
8480800,2019,Quinn Hughes,VAN,D,17,23251,12
8475170,2019,Brayden Schenn,STL,C,9,10672,5.44
8477940,2019,Nikolaj Ehlers,WPG,L,4,4200,2.96
8470642,2019,Shea Weber,MTL,D,10,15168,7.42
8466139,2019,Patrick Marleau,PIT,C,4,2569,-1.46
8476880,2019,Tom Wilson,WSH,R,8,8891,2.93
8476886,2019,Slater Koekkoek,CHI,D,9,8861,1.33
8471724,2019,Kris Letang,PIT,D,4,6429,1.5
8478407,2019,Vince Dunn,STL,D,9,8837,2.8
8479026,2019,Philippe Myers,PHI,D,16,19227,6.25
8477496,2019,Elias Lindholm,CGY,C,10,12289,5.31
8477497,2019,Sean Monahan,CGY,C,10,10956,5.25
8477462,2019,Robert Hagg,PHI,D,12,10704,2.3
8474870,2019,Tyler Johnson,T.B,C,25,23601,8.19
8471669,2019,Paul Stastny,VGK,C,18,17874,12.54
8475765,2019,Vladimir Tarasenko,STL,R,4,4296,0.42
8477330,2019,Dominik Kubalik,CHI,L,9,8644,6.57
8479324,2019,Ryan Lindgren,NYR,D,3,3642,0.52
8479325,2019,Charlie McAvoy,BOS,D,13,19630,5.08
8478856,2019,Conor Garland,ARI,R,8,5957,2.64
8471677,2019,Jack Johnson,PIT,D,4,3822,-0.75
8476432,2019,Boone Jenner,CBJ,C,10,12867,-1.5
8480039,2019,Martin Necas,CAR,C,8,6536,4.52
8476934,2019,Brock McGinn,CAR,L,8,7270,1.98
8471274,2019,Alex Goligoski,ARI,D,9,11790,-2.47
8473544,2019,Derick Brassard,NYI,C,18,13323,7.46
8477455,2019,Jacob de la Rose,STL,L,5,2875,0.54
8478444,2019,Brock Boeser,VAN,R,17,19313,7.28
8477953,2019,Kasperi Kapanen,TOR,R,5,4890,1.37
8475177,2019,Calvin de Haan,CHI,D,9,11087,-0.75
8477505,2019,Alexander Wennberg,CBJ,C,10,10095,2.31
8479400,2019,Pierre-Luc Dubois,CBJ,C,10,13771,10.23
8476329,2019,Travis Boyd,WSH,C,4,2538,0.73
8475220,2019,Marcus Foligno,MIN,L,4,3267,1.73
8477964,2019,Ivan Barbashev,STL,C,3,2183,-0.69
8476872,2019,Scott Laughton,PHI,C,15,13823,7.32
8476459,2019,Mika Zibanejad,NYR,C,3,4161,1.8
8477498,2019,Darnell Nurse,EDM,D,4,5827,1.77
8473533,2019,Jordan Staal,CAR,C,8,7891,0
8479772,2019,Zack MacEwen,VAN,C,6,2731,0.32
8471699,2019,Andrew Cogliano,DAL,C,23,16988,1.1
8471218,2019,Blake Wheeler,WPG,R,4,5251,1.35
8476913,2019,Devin Shore,CBJ,C,2,784,0.3
8480012,2019,Elias Pettersson,VAN,C,17,19749,16.69
8476858,2019,Phillip Di Giuseppe,NYR,L,3,1486,-0.85
8478424,2019,Jansen Harkins,WPG,C,3,2124,0.38
8477478,2019,William Carrier,VGK,L,20,10611,6.48
8479442,2019,Troy Stecher,VAN,D,17,16660,3.92
8475753,2019,Justin Faulk,STL,D,9,11226,3.03
8470600,2019,Ryan Suter,MIN,D,3,4221,0.23
8479382,2019,Connor Bunnaman,PHI,C,4,2448,-0.88
8480145,2019,Neal Pionk,WPG,D,4,5536,1.55
8477939,2019,William Nylander,TOR,R,5,6066,3.33
8477935,2019,Sam Bennett,CGY,C,10,9180,7.95
8478451,2019,Ethan Bear,EDM,D,4,5427,1.18
8478458,2019,Jack Roslovic,WPG,C,4,4003,2.66
8477476,2019,Artturi Lehkonen,MTL,L,10,10444,6.94
8477887,2019,Patrick Brown,VGK,C,2,962,1.54
8475184,2019,Chris Kreider,NYR,L,3,3212,1.72
8470775,2019,Nate Thompson,PHI,C,16,12611,-1.88
8477956,2019,David Pastrnak,BOS,R,10,12978,12.06
8477504,2019,Josh Morrissey,WPG,D,4,4606,1.28
8475413,2019,Justin Dowling,DAL,C,2,1694,-0.12
8469459,2019,Mikko Koivu,MIN,C,4,2785,-0.26
8477948,2019,Travis Sanheim,PHI,D,16,21711,6.12
8477955,2019,Jared McCann,PIT,C,3,2318,0.08
8475716,2019,Martin Marincin,TOR,D,3,2967,0.93
8477406,2019,Mattias Janmark,DAL,C,26,24052,6.88
8473507,2019,Jeff Petry,MTL,D,10,15266,7.48
8481624,2019,Ilya Mikheyev,TOR,R,5,4641,1.4
8478882,2019,Vladislav Gavrikov,CBJ,D,10,14006,-0.83
8478439,2019,Travis Konecny,PHI,R,16,16743,5.29
8479337,2019,Alex DeBrincat,CHI,L,9,8954,5.17
8470755,2019,Brad Richardson,ARI,C,9,7336,2.16
8474589,2019,Tyler Ennis,EDM,C,3,1950,1.89
8471262,2019,Carl Soderberg,ARI,C,9,8717,0.42
8474818,2019,Jordie Benn,VAN,D,7,6780,-1.48
8479944,2019,Zach Aston-Reese,PIT,C,4,2899,0.81
8473546,2019,Michael Grabner,ARI,L,9,5708,1.23
8477512,2019,Frederik Gauthier,TOR,C,1,254,-0.36
8478115,2019,Pierre Engvall,TOR,L,4,2826,1.29
8479465,2019,Drake Caggiula,CHI,C,8,5628,0.77
8477384,2019,Josh Brown,FLA,D,2,1130,-0.2
8477503,2019,Max Domi,MTL,C,10,8612,2.36
8477429,2019,Andrew Copp,WPG,C,4,5136,2.64
8471426,2019,Troy Brouwer,STL,R,4,1967,0.42
8474149,2019,Evgenii Dadonov,FLA,R,4,4150,2.78
8475786,2019,Zach Hyman,TOR,L,5,6286,3.54
8474150,2019,Mikael Backlund,CGY,C,10,11621,6.07
8476441,2019,Joel Edmundson,CAR,D,4,5683,3.45
8478399,2019,Jonas Siegenthaler,WSH,D,7,5841,-0.17
8474031,2019,Kevin Shattenkirk,T.B,D,25,29252,19.43
8477220,2019,Nate Schmidt,VGK,D,20,27611,19.05
8474134,2019,Yannick Weber,NSH,D,4,2066,-0.27
8478495,2019,Denis Gurianov,DAL,R,27,22495,17.94
8476396,2019,Steven Fogarty,NYR,C,1,427,-0.11
8471217,2019,Andrew Ladd,NYI,L,1,710,-0.45
8474613,2019,Derek Stepan,ARI,C,9,10316,2.19
8480901,2019,Karson Kuhlman,BOS,C,5,3782,-0.76
8478104,2019,Sammy Blais,STL,L,8,5446,2.61
8478519,2019,Anthony Cirelli,T.B,C,25,30209,11.98
8475780,2019,Chris Wagner,BOS,R,12,9128,1.51
8474166,2019,Alec Martinez,VGK,D,20,26499,16.5
8477450,2019,Jason Dickinson,DAL,C,27,25993,0.42
8476419,2019,Jean-Gabriel Pageau,NYI,C,22,22688,12.69
8473463,2019,Leo Komarov,NYI,R,17,12335,2.5
8475793,2019,Ryan Johansen,NSH,C,4,4419,6.58
8475168,2019,Matt Duchene,NSH,C,4,4129,2.35
8478075,2019,Anders Bjork,BOS,L,10,6894,4.07
8480944,2019,Par Lindholm,BOS,C,6,4475,-0.58
8476326,2019,Josh Archibald,EDM,R,4,3284,2.33
8475855,2019,Jesper Fast,NYR,R,1,64,-0.2
8476874,2019,Olli Maatta,CHI,D,9,9876,5.2
8476887,2019,Filip Forsberg,NSH,L,4,4694,7.72
8476460,2019,Mark Scheifele,WPG,C,1,179,0
8471729,2019,Kris Russell,EDM,D,4,3955,0.42
8476468,2019,J.T. Miller,VAN,C,17,20990,12.65
8477962,2019,Brendan Lemieux,NYR,L,1,848,0.47
8477290,2019,Michael Raffl,PHI,L,9,7048,4.84
8476871,2019,Tanner Pearson,VAN,L,17,17664,5.61
8475222,2019,Sami Vatanen,CAR,D,7,7630,2.5
8477416,2019,Oliver Bjorkstrand,CBJ,R,10,11736,3.17
8480762,2019,Eric Robinson,CBJ,L,10,5280,1.15
8473422,2019,Nick Foligno,CBJ,L,10,13796,1.32
8479388,2019,Riley Stillman,FLA,D,3,3116,-0.38
8475726,2019,Tyler Toffoli,VAN,R,7,6621,2.58
8475968,2019,Alex Belzile,MTL,R,6,2462,2
8480147,2019,Oscar Fantenberg,VAN,D,16,14893,-4.63
8471873,2019,Anton Stralman,FLA,D,4,5039,-0.2
8475745,2019,Charlie Coyle,BOS,C,13,14497,7.82
8475188,2019,Brayden McNabb,VGK,D,20,23869,9.93
8480326,2019,Sheldon Dries,COL,C,1,393,0.5
8475744,2019,Evgeny Kuznetsov,WSH,C,8,9577,4.57
8475768,2019,Jaden Schwartz,STL,L,9,10587,7.75
8476952,2019,Dominic Toninato,FLA,C,3,1811,-0.83
8474716,2019,Jared Spurgeon,MIN,D,4,5470,2.23
8475233,2019,David Savard,CBJ,D,10,15235,0
8476473,2019,Connor Murphy,CHI,D,9,11994,1.4
8474013,2019,Ian Cole,COL,D,15,16052,4.53
8471686,2019,Marc Staal,NYR,D,3,2584,-0.38
8478891,2019,Mason Appleton,WPG,C,1,617,0.45
8476902,2019,Esa Lindell,DAL,D,27,39979,5.18
8475200,2019,Dmitry Orlov,WSH,D,8,11521,3.52
8476915,2019,Jujhar Khaira,EDM,L,4,2708,0.27
8476392,2019,Adam Lowry,WPG,C,4,3827,4.75
8478420,2019,Mikko Rantanen,COL,R,15,18063,25.01
8470281,2019,Duncan Keith,CHI,D,9,13747,2.15
8475246,2019,Kevin Connauton,COL,D,4,2428,2.05
8476438,2019,Brandon Saad,CHI,L,9,8916,4.52
8477456,2019,J.T. Compher,COL,L,15,13838,9.02
8474685,2019,Matt Calvert,COL,L,8,6662,5.48
