playerId,season,name,team,position,games_played,icetime,gameScore
8475791,2020,Taylor Hall,BOS,L,11,11961,8.16
8471707,2020,James Neal,EDM,L,2,1245,0.38
8473563,2020,Nicklas Backstrom,WSH,C,5,6264,0.13
8478542,2020,Evan Rodrigues,PIT,C,2,1368,1.35
8474151,2020,Ryan McDonagh,T.B,D,23,31500,7.23
8471724,2020,Kris Letang,PIT,D,6,10332,7.63
8474009,2020,Nick Bonino,MIN,C,7,5415,-0.85
8473507,2020,Jeff Petry,MTL,D,20,28877,8.4
8475208,2020,Brian Dumoulin,PIT,D,6,9340,4.25
8479944,2020,Zach Aston-Reese,PIT,L,6,5099,2.63
8477955,2020,Jared McCann,PIT,L,6,5047,3.91
8475754,2020,Brock Nelson,NYI,C,19,20271,8.36
8475193,2020,Tomas Tatar,MTL,L,5,4184,1.84
8474565,2020,Alex Pietrangelo,VGK,D,19,28637,19.25
8475188,2020,Brayden McNabb,VGK,D,13,13420,6.43
8471887,2020,Patric Hornqvist,FLA,R,6,5843,6.4
8476826,2020,Yanni Gourde,T.B,C,23,24282,9.07
8475913,2020,Mark Stone,VGK,R,19,22582,9.63
8477940,2020,Nikolaj Ehlers,WPG,L,6,7138,3.78
8481813,2020,Gaetan Haas,EDM,C,2,2040,0.42
8476979,2020,Erik Gustafsson,MTL,D,16,9606,6
8476952,2020,Dominic Toninato,WPG,C,3,1405,0.27
8477433,2020,Ben Harpur,NSH,D,5,6105,-1.95
8475225,2020,Craig Smith,BOS,C,10,9727,6.26
8474013,2020,Ian Cole,MIN,D,7,6809,0.43
8471669,2020,Paul Stastny,WPG,C,6,6730,2.58
8480830,2020,Andrei Svechnikov,CAR,R,11,12269,12.37
8479398,2020,Samuel Girard,COL,D,10,13408,4.63
8480018,2020,Nick Suzuki,MTL,C,22,24972,13.1
8477021,2020,Alexander Kerfoot,TOR,C,7,7218,4.69
8474038,2020,Paul Byron,MTL,L,22,19245,2.78
8476917,2020,Adam Pelech,NYI,D,19,26561,3.95
8478851,2020,Alexandre Carrier,NSH,D,6,9098,2.8
8478508,2020,Yakov Trenin,NSH,C,6,5317,0.78
8474581,2020,Jake Gardiner,CAR,D,1,547,0.1
8476856,2020,Matt Dumba,MIN,D,7,9931,0.35
8477444,2020,Andre Burakovsky,COL,L,10,8085,4.34
8479980,2020,Nicolas Hague,VGK,D,10,9287,4.57
8471276,2020,David Krejci,BOS,C,11,13199,12.09
8474673,2020,TJ Brodie,TOR,D,7,9486,5.52
8477456,2020,J.T. Compher,COL,L,10,9429,3.41
8478115,2020,Pierre Engvall,TOR,L,6,4326,3.12
8476415,2020,Kyle Rau,MIN,C,1,577,0.2
8475793,2020,Ryan Johansen,NSH,C,6,6526,4.66
8476462,2020,Dougie Hamilton,CAR,D,11,16726,11.53
8477969,2020,Marcus Pettersson,PIT,D,6,4794,2.2
8478402,2020,Connor McDavid,EDM,C,4,7297,6.04
8479385,2020,Jordan Kyrou,STL,C,4,3383,1.5
8480865,2020,Noah Dobson,NYI,D,19,15866,5.92
8473533,2020,Jordan Staal,CAR,C,11,13058,9.73
8478434,2020,Keegan Kolesar,VGK,R,17,11556,4.85
8475455,2020,Brenden Dillon,WSH,D,5,5956,-0.38
8474189,2020,Lars Eller,WSH,C,4,3690,1.33
8480015,2020,Owen Tippett,FLA,R,6,4897,4.41
8477476,2020,Artturi Lehkonen,MTL,L,17,15422,5.95
8477478,2020,William Carrier,VGK,L,19,11493,6.76
8478038,2020,Devon Toews,COL,D,10,15247,8.63
8476853,2020,Morgan Rielly,TOR,D,7,10839,6.65
8475692,2020,Mats Zuccarello,MIN,R,7,7002,1.9
8476921,2020,Jordan Martinook,CAR,L,11,9332,3.93
8477447,2020,Shea Theodore,VGK,D,19,26356,17.6
8474818,2020,Jordie Benn,WPG,D,3,2263,1.38
8475745,2020,Charlie Coyle,BOS,C,11,10762,2.61
8477953,2020,Kasperi Kapanen,PIT,R,6,6145,3.3
8475848,2020,Brendan Gallagher,MTL,R,22,19373,10.35
8476958,2020,Jaccob Slavin,CAR,D,8,11738,8.97
8475166,2020,John Tavares,TOR,C,1,173,-0.12
8475163,2020,Alex Chiasson,EDM,R,3,2108,1.1
8478468,2020,Jeremy Lauzon,BOS,D,7,8002,0.47
8476326,2020,Josh Archibald,EDM,R,3,2638,-0.23
8480829,2020,Jesperi Kotkaniemi,MTL,C,19,15625,5.88
8475151,2020,Kyle Palmieri,NYI,R,19,17770,8.26
8475714,2020,Calle Jarnkrok,NSH,C,5,5921,-0.41
8477404,2020,Jake Guentzel,PIT,L,6,7002,4.58
8476975,2020,Cedric Paquette,CAR,C,4,1618,0.99
8475158,2020,Ryan O'Reilly,STL,C,4,5068,2.85
8475149,2020,Marcus Johansson,MIN,C,3,2098,-0.42
8477290,2020,Michael Raffl,WSH,L,4,3164,-0.81
8478013,2020,Jake Walman,STL,D,1,924,-0.13
8477492,2020,Nathan MacKinnon,COL,C,10,12449,17.23
8480846,2020,Sampo Ranta,COL,L,2,823,-0.5
8470610,2020,Zach Parise,MIN,L,4,3286,1.19
8476392,2020,Adam Lowry,WPG,C,8,8500,2.49
8478483,2020,Mitchell Marner,TOR,R,7,10384,5.78
8475168,2020,Matt Duchene,NSH,C,6,6094,4.21
8477901,2020,Daniel Carr,WSH,L,1,633,0.23
8475810,2020,Bryan Rust,PIT,R,6,7155,5.65
8475462,2020,Radko Gudas,FLA,D,6,6223,2.18
8479344,2020,Jesse Puljujarvi,EDM,R,4,5210,3.38
8478443,2020,Brandon Carlo,BOS,D,8,10803,1.65
8476191,2020,Kevan Miller,BOS,D,4,3969,0.45
8475790,2020,Erik Gudbranson,NSH,D,2,1557,-0.1
8481186,2020,Logan O'Connor,COL,R,2,1379,-0.47
8477949,2020,Alex Tuch,VGK,R,19,18784,15.4
8479977,2020,Kailer Yamamoto,EDM,R,4,4678,3.49
8476981,2020,Josh Anderson,MTL,R,22,19146,5.82
8477998,2020,Warren Foegele,CAR,L,10,8510,3.42
8476331,2020,Dylan DeMelo,WPG,D,5,6271,-0.55
8477482,2020,Zach Sanford,STL,L,4,2528,-0.92
8473453,2020,Trevor Lewis,WPG,C,8,4271,-2.12
8475233,2020,David Savard,T.B,D,20,16944,4.7
8481477,2020,Nico Sturm,MIN,C,7,4666,1.67
8477930,2020,Pierre-Edouard Bellemare,COL,C,10,6096,2.53
8476454,2020,Ryan Nugent-Hopkins,EDM,C,4,5856,2.51
8480005,2020,Kristian Vesalainen,WPG,L,4,2571,-0.05
8472382,2020,Andy Greene,NYI,D,19,20091,-1.13
8476441,2020,Joel Edmundson,MTL,D,22,30875,4.92
8479525,2020,Ross Colton,T.B,C,23,14120,6.99
8474618,2020,Marco Scandella,STL,D,4,4678,-1.27
8474190,2020,Wayne Simmonds,TOR,R,7,5143,2.72
8480145,2020,Neal Pionk,WPG,D,8,12481,3.83
8477939,2020,William Nylander,TOR,R,7,7704,7.63
8477931,2020,Tomas Nosek,VGK,L,6,4053,1.15
8477935,2020,Sam Bennett,FLA,C,5,6267,5.05
8474602,2020,Justin Schultz,WSH,D,5,6719,-0.7
8478519,2020,Anthony Cirelli,T.B,C,23,23393,11.68
8473419,2020,Brad Marchand,BOS,L,11,13643,14.95
8474573,2020,Josh Bailey,NYI,R,19,19795,7.1
8478569,2020,Noel Acciari,FLA,C,6,4148,1.07
8476419,2020,Jean-Gabriel Pageau,NYI,C,19,19567,9.96
8477956,2020,David Pastrnak,BOS,R,11,13021,19.61
8479378,2020,Logan Stanley,WPG,D,8,7384,4.25
8479370,2020,Tyson Jost,COL,C,10,9413,1.85
8478472,2020,Mathieu Joseph,T.B,R,6,3085,2.21
8476479,2020,Phillip Danault,MTL,C,22,24990,5.25
8479402,2020,Jake Bean,CAR,D,11,9507,1.25
8480946,2020,Dominik Kahun,EDM,C,2,1294,0.18
8476880,2020,Tom Wilson,WSH,R,5,5737,1.57
8476886,2020,Slater Koekkoek,EDM,D,4,2989,2.22
8475718,2020,Justin Holl,TOR,D,7,9019,1.25
8471218,2020,Blake Wheeler,WPG,R,8,10759,4.96
8478398,2020,Kyle Connor,WPG,L,8,11365,7.19
8471698,2020,T.J. Oshie,WSH,R,5,5578,3.6
8476448,2020,William Karlsson,VGK,C,19,20981,18.02
8478424,2020,Jansen Harkins,WPG,C,1,467,-0.15
8478507,2020,John Marino,PIT,D,6,6388,2.1
8475753,2020,Justin Faulk,STL,D,2,2477,-0.22
8475820,2020,Joonas Donskoi,COL,R,10,8743,4.95
8480039,2020,Martin Necas,CAR,C,11,13274,7
8478427,2020,Sebastian Aho,CAR,C,11,14448,14
8476429,2020,Scott Mayfield,NYI,D,19,24766,6.5
8474162,2020,Jake Muzzin,TOR,D,6,7020,2.93
8477511,2020,Anthony Mantha,WSH,R,5,5279,2.82
8479671,2020,Mathieu Olivier,NSH,R,2,1651,-1.15
8465009,2020,Zdeno Chara,WSH,D,5,4878,1.53
8477508,2020,Curtis Lazar,BOS,C,10,6910,-0.09
8474709,2020,Matt Martin,NYI,L,19,13590,1.28
8475768,2020,Jaden Schwartz,STL,L,4,4429,-1.35
8475760,2020,Nick Bjugstad,MIN,C,6,3264,0.96
8476892,2020,Colton Parayko,STL,D,4,6193,0.2
8474062,2020,Riley Nash,TOR,C,2,1192,-0.43
8479410,2020,Mikhail Sergachev,T.B,D,23,30167,3.6
8476463,2020,Jonas Brodin,MIN,D,7,8280,1.57
8473504,2020,Cal Clutterbuck,NYI,R,19,15869,5.13
8478408,2020,Travis Dermott,TOR,D,3,2924,0.9
8476457,2020,Adam Larsson,EDM,D,4,5847,1.73
8480789,2020,Oliver Wahlstrom,NYI,R,5,4364,3.1
8474567,2020,Zach Bogosian,TOR,D,7,6297,0.67
8474568,2020,Luke Schenn,T.B,D,8,4431,2.08
8476934,2020,Brock McGinn,CAR,L,11,10294,4.96
8477451,2020,Ryan Hartman,MIN,R,7,7180,1.66
8474207,2020,Nick Holden,VGK,D,15,14161,9.38
8475178,2020,Zack Kassian,EDM,R,4,3916,2.22
8478975,2020,Mason Marchment,FLA,L,6,5266,4.35
8477941,2020,Nick Ritchie,BOS,L,11,7940,4.13
8470595,2020,Eric Staal,MTL,C,21,14515,7.34
8475765,2020,Vladimir Tarasenko,STL,R,4,4074,0.07
8476891,2020,Matt Grzelcyk,BOS,D,11,13400,6.2
8475786,2020,Zach Hyman,TOR,L,7,9596,4
8478463,2020,Anthony Beauvillier,NYI,L,19,20155,9.68
8474157,2020,Max Pacioretty,VGK,L,13,14233,13.37
8476437,2020,Victor Rask,MIN,C,7,6244,-1.4
8476887,2020,Filip Forsberg,NSH,L,6,7387,3.36
8476988,2020,Matt Benning,NSH,D,5,5582,-3.03
8476460,2020,Mark Scheifele,WPG,C,5,8003,4.6
8476469,2020,Joel Armia,MTL,R,21,17244,7.94
8478416,2020,Erik Cernak,T.B,D,21,25135,9.6
8478891,2020,Mason Appleton,WPG,C,8,7931,2.81
8476453,2020,Nikita Kucherov,T.B,R,23,25245,27.45
8477919,2020,Frederick Gaudreau,PIT,C,6,4844,4.78
8470621,2020,Corey Perry,MTL,R,22,18354,8.9
8478996,2020,Adam Brooks,TOR,C,2,1194,-0.77
8470755,2020,Brad Richardson,NSH,R,2,1137,0.36
8478859,2020,Niko Mikkola,STL,D,4,3521,-0.52
8477903,2020,Garnet Hathaway,WSH,R,5,3727,3.4
8476374,2020,Sean Kuraly,BOS,C,11,8639,-0.32
8478451,2020,Ethan Bear,EDM,D,4,4392,-0.12
8479661,2020,Tanner Jeannot,NSH,L,5,3929,0.23
8480873,2020,Rasmus Sandin,TOR,D,5,3963,0.35
8476792,2020,Torey Krug,STL,D,4,5840,0.82
8474884,2020,Mike Hoffman,STL,C,4,3738,1.21
8473463,2020,Leo Komarov,NYI,R,19,15267,1.19
8477501,2020,Valeri Nichushkin,COL,R,10,9365,5.04
8481014,2020,Alexander Romanov,MTL,D,4,2977,0.52
8475799,2020,Nino Niederreiter,CAR,R,7,6472,1.64
8474716,2020,Jared Spurgeon,MIN,D,7,9623,1.13
8479400,2020,Pierre-Luc Dubois,WPG,L,7,7413,2.04
8475780,2020,Chris Wagner,BOS,R,11,7257,1.03
8478462,2020,Nicolas Roy,VGK,C,19,16111,11.54
8478864,2020,Kirill Kaprizov,MIN,L,7,7923,1.4
8471729,2020,Kris Russell,EDM,D,1,1960,-0.13
8479318,2020,Auston Matthews,TOR,C,7,10028,8.25
8470638,2020,Patrice Bergeron,BOS,C,11,13095,13.78
8477986,2020,Brandon Montour,FLA,D,6,6154,1.4
8476455,2020,Gabriel Landeskog,COL,L,10,12280,11.77
8473422,2020,Nick Foligno,TOR,L,4,3405,1.75
8476389,2020,Vincent Trocheck,CAR,C,9,10056,5.24
8478493,2020,Joel Eriksson Ek,MIN,C,7,7493,4.09
8476869,2020,Brady Skjei,CAR,D,11,15971,2.97
8477463,2020,Steven Santini,STL,D,2,1711,0.28
8476913,2020,Devin Shore,EDM,C,2,2316,0.63
8475722,2020,Jason Zucker,PIT,L,6,5548,3.45
8477409,2020,Carter Verhaeghe,FLA,C,6,6943,5.44
8470604,2020,Jeff Carter,PIT,C,6,6668,6.79
8479982,2020,Conor Timmins,COL,D,10,6461,1.05
8475181,2020,Nick Leddy,NYI,D,19,26334,1.15
8470775,2020,Nate Thompson,WPG,C,8,4161,-0.58
8474166,2020,Alec Martinez,VGK,D,19,25693,9.58
8481540,2020,Cole Caufield,MTL,R,20,18283,11.55
8474176,2020,Carl Hagelin,WSH,L,5,4511,1.07
8475797,2020,Jarred Tinordi,BOS,D,4,3601,1.57
8478042,2020,Viktor Arvidsson,NSH,R,2,1804,-0.05
8475798,2020,Mikael Granlund,NSH,C,6,8514,2.37
8478366,2020,Frank Vatrano,FLA,C,6,4258,2.96
8475167,2020,Victor Hedman,T.B,D,23,34093,16.97
8475855,2020,Jesper Fast,CAR,R,11,9573,5.96
8480069,2020,Cale Makar,COL,D,10,14639,12.22
8476967,2020,Brett Kulak,MTL,D,13,10037,0.08
8480901,2020,Karson Kuhlman,BOS,C,3,1665,0.63
8477429,2020,Andrew Copp,WPG,C,8,10477,2.23
8477407,2020,Anthony Duclair,FLA,L,6,4408,-0.02
8471233,2020,Travis Zajac,NYI,C,14,13173,0.03
8480172,2020,Jan Rutta,T.B,D,23,19525,4.5
8476879,2020,Cody Ceci,PIT,D,6,8072,3.42
8475324,2020,Nick Jensen,WSH,D,5,5153,2.2
8478445,2020,Mathew Barzal,NYI,C,19,19807,13.66
8477964,2020,Ivan Barbashev,STL,C,4,3615,0.22
8471262,2020,Carl Soderberg,COL,C,4,2274,1.49
8478498,2020,Jake DeBrusk,BOS,L,10,8132,2.7
8477839,2020,Conor Sheary,WSH,L,5,4047,-0.02
8481618,2020,Alex Newhook,COL,C,8,3073,1.95
8479325,2020,Charlie McAvoy,BOS,D,11,17589,15.7
8479320,2020,Maxime Lajoie,CAR,D,2,2096,1.5
8479996,2020,Cody Glass,VGK,C,1,779,0.45
8480884,2020,Calen Addison,MIN,D,3,2208,0.45
8475191,2020,Reilly Smith,VGK,R,19,20132,15.11
8477934,2020,Leon Draisaitl,EDM,C,4,7659,8.09
8478104,2020,Sammy Blais,STL,L,4,2673,-0.05
8477887,2020,Patrick Brown,VGK,C,12,7658,4.5
8479066,2020,Ryan Lomberg,FLA,L,6,2971,0.73
8477505,2020,Alex Wennberg,FLA,C,6,6356,1.73
8477506,2020,Ryan Pulock,NYI,D,19,26576,2.33
8478466,2020,Daniel Sprong,WSH,R,3,1869,1.22
8466138,2020,Joe Thornton,TOR,C,7,4559,0.85
8476882,2020,Teuvo Teravainen,CAR,L,11,13691,9.08
8479316,2020,Luke Kunin,NSH,C,6,6145,1.9
8477406,2020,Mattias Janmark,VGK,C,16,13254,7.22
8473618,2020,Mathieu Perreault,WPG,L,8,5955,0.97
8480761,2020,Mitch Reinke,STL,D,1,559,-0.05
8477346,2020,MacKenzie Weegar,FLA,D,6,8423,4.85
8475200,2020,Dmitry Orlov,WSH,D,5,7033,2.55
8476399,2020,Blake Coleman,T.B,C,23,22309,11.77
8471215,2020,Evgeni Malkin,PIT,C,4,4451,4.35
8471675,2020,Sidney Crosby,PIT,C,6,7235,5.58
8476539,2020,Jonathan Marchessault,VGK,C,19,20083,14.6
8475750,2020,Jon Merrill,MTL,D,13,10055,-0.1
8476438,2020,Brandon Saad,COL,L,10,9150,7.45
8476927,2020,Teddy Blueger,PIT,C,6,5034,0.79
8475197,2020,Tyson Barrie,EDM,D,4,7312,4.8
8475343,2020,Nic Dowd,WSH,C,5,4780,1.52
8474564,2020,Steven Stamkos,T.B,C,23,21902,15.96
8478106,2020,Dylan Sikura,VGK,C,2,1207,1.2
8475744,2020,Evgeny Kuznetsov,WSH,C,3,3793,0.92
8475747,2020,Patrik Nemeth,COL,D,10,9462,-0.27
8478906,2020,Markus Nutivaara,FLA,D,5,4374,0
8480727,2020,Zach Whitecloud,VGK,D,19,19413,11.25
8475172,2020,Nazem Kadri,COL,C,2,1569,1.11
8475170,2020,Brayden Schenn,STL,C,4,4694,-1.6
8475098,2020,Tyler Bozak,STL,C,4,3890,1.43
8477504,2020,Josh Morrissey,WPG,D,8,12620,1.65
8471817,2020,Ryan Reaves,VGK,R,12,6774,1.21
8469455,2020,Jason Spezza,TOR,C,7,4926,5.19
8474145,2020,Robert Bortuzzo,STL,D,2,1525,-0.1
8477942,2020,Kevin Fiala,MIN,L,7,7215,1.89
8477365,2020,Connor Clifton,BOS,D,10,10710,2.35
8471735,2020,Keith Yandle,FLA,D,3,2336,1.73
8474589,2020,Tyler Ennis,EDM,C,2,2000,0.48
8477498,2020,Darnell Nurse,EDM,D,4,9276,3.75
8476905,2020,Chandler Stephenson,VGK,C,16,17934,7.29
8478413,2020,Jordan Greenway,MIN,L,7,6308,2.99
8475231,2020,Casey Cizikas,NYI,C,19,15758,2.97
8476875,2020,Mike Matheson,PIT,D,6,7792,2.8
8478010,2020,Brayden Point,T.B,C,23,26108,21.25
8480009,2020,Eeli Tolvanen,NSH,R,4,4564,-0.12
8473986,2020,Alex Killorn,T.B,L,19,19983,14.03
8476624,2020,Barclay Goodrow,T.B,C,18,18458,6.93
8475287,2020,Erik Haula,NSH,L,6,7319,2.35
8475726,2020,Tyler Toffoli,MTL,R,22,23487,10.46
8476915,2020,Jujhar Khaira,EDM,L,4,3152,0.38
8476393,2020,Nick Cousins,NSH,C,4,4164,1.57
8471214,2020,Alex Ovechkin,WSH,L,5,6587,5.2
8475218,2020,Mattias Ekholm,NSH,D,6,9523,1.75
8478420,2020,Mikko Rantanen,COL,R,10,12822,14.17
8480802,2020,Ryan McLeod,EDM,C,4,2469,0.16
8480023,2020,Robert Thomas,STL,C,4,3635,1.19
8477359,2020,Tucker Poolman,WPG,D,8,10133,0.9
8471873,2020,Anton Stralman,FLA,D,5,5811,1.67
8479293,2020,Brandon Tanev,PIT,L,6,4770,2.61
8479987,2020,Morgan Geekie,CAR,C,3,1200,0.2
8476422,2020,Mike Reilly,BOS,D,11,14183,7.17
8478904,2020,Steven Lorentz,CAR,C,11,7959,1.38
8478055,2020,Gustav Forsling,FLA,D,6,7743,4.6
8475179,2020,Dmitry Kulikov,EDM,D,3,3252,0.67
8477369,2020,Carson Soucy,MIN,D,4,3189,0.32
8475762,2020,Derek Forbort,WPG,D,8,11827,1.5
8476292,2020,Ondrej Palat,T.B,L,23,22534,14.67
8477435,2020,Ryan Graves,COL,D,10,11110,5.12
8480748,2020,Kiefer Sherwood,COL,L,2,1092,0.38
8475220,2020,Marcus Foligno,MIN,L,7,6585,1.93
8470642,2020,Shea Weber,MTL,D,22,33294,7.8
8474586,2020,Jordan Eberle,NYI,R,19,18382,9.93
8477488,2020,Brett Pesce,CAR,D,11,17795,7.8
8474034,2020,Pat Maroon,T.B,L,23,12992,4.08
8481624,2020,Ilya Mikheyev,TOR,R,7,5612,1.85
8477493,2020,Aleksander Barkov,FLA,C,6,7840,7.21
8474870,2020,Tyler Johnson,T.B,C,23,13937,6.93
8476456,2020,Jonathan Huberdeau,FLA,L,6,7131,8.64
8476851,2020,Alex Galchenyuk,TOR,C,6,4158,2.56
8470600,2020,Ryan Suter,MIN,D,7,10099,-0.63
8476925,2020,Colton Sissons,NSH,C,6,6520,0.14
8475160,2020,Kyle Clifford,STL,L,4,1906,0.53
8478133,2020,Jake Evans,MTL,C,7,6521,3.64
8474600,2020,Roman Josi,NSH,D,6,9700,4.78
8475825,2020,Jani Hakanpaa,CAR,D,11,11141,2.55
8474590,2020,John Carlson,WSH,D,5,7777,1.1
8475279,2020,Ben Chiarot,MTL,D,22,33329,-0.63
8475176,2020,Ryan Ellis,NSH,D,6,9157,3.02
