playerId,season,name,team,position,games_played,icetime,gameScore
8477426,2021,Nicholas Paul,TBL,L,23,25260,8.13
8473563,2021,Nicklas Backstrom,WSH,C,6,6477,3.73
8480950,2021,Ilya Lyubushkin,TOR,D,7,5842,-0.72
8477845,2021,Trevor van Riemsdyk,WSH,D,6,5512,2.15
8480185,2021,Eetu Luostarinen,FLA,C,10,7893,2.67
8480434,2021,Sean Durzi,LAK,D,7,9030,3.05
8476326,2021,Josh Archibald,EDM,R,13,7375,-1.22
8476960,2021,Andreas Athanasiou,LAK,C,6,5168,-0.59
8479318,2021,Auston Matthews,TOR,C,7,9359,10.85
8482093,2021,Seth Jarvis,CAR,C,14,12622,10.01
8474189,2021,Lars Eller,WSH,C,6,5687,2.64
8477933,2021,Sam Reinhart,FLA,C,10,11649,6.68
8476624,2021,Barclay Goodrow,NYR,C,9,8101,-1.98
8470621,2021,Corey Perry,TBL,R,23,17524,10.08
8480845,2021,Rasmus Kupari,LAK,C,5,2337,0.14
8476856,2021,Matt Dumba,MIN,D,6,7747,4.53
8478859,2021,Niko Mikkola,STL,D,12,11267,-0.47
8475780,2021,Chris Wagner,BOS,R,3,1867,0.04
8475745,2021,Charlie Coyle,BOS,C,7,7075,2.76
8482113,2021,Anton Lundell,FLA,C,9,6212,1.68
8474673,2021,TJ Brodie,TOR,D,7,9570,3.92
8480043,2021,Timothy Liljegren,TOR,D,2,2336,-0.28
8477942,2021,Kevin Fiala,MIN,L,6,6333,2.73
8476891,2021,Matt Grzelcyk,BOS,D,5,5447,0.42
8475167,2021,Victor Hedman,TBL,D,23,34048,20.32
8480069,2021,Cale Makar,COL,D,20,32484,36.38
8470606,2021,Dustin Brown,LAK,R,7,5310,3.17
8477407,2021,Anthony Duclair,FLA,L,8,6107,3.25
8480078,2021,Filip Chytil,NYR,C,20,16073,11.44
8480009,2021,Eeli Tolvanen,NSH,R,3,1991,-0.1
8476869,2021,Brady Skjei,CAR,D,14,17916,5.8
8475726,2021,Tyler Toffoli,CGY,R,12,11815,7.79
8470619,2021,Brian Boyle,PIT,C,6,3691,2.05
8471214,2021,Alex Ovechkin,WSH,L,6,6676,4.44
8482073,2021,Braden Schneider,NYR,D,20,13374,-0.13
8475168,2021,Matt Duchene,NSH,C,4,4973,2.72
8477446,2021,Michael McCarron,NSH,R,2,1357,-0.47
8479323,2021,Adam Fox,NYR,D,20,31969,18.6
8478233,2021,Andrew Mangiapane,CGY,L,12,11218,11.7
8470604,2021,Jeff Carter,PIT,C,7,7323,2.89
8476438,2021,Brandon Saad,STL,L,12,11904,3.73
8476921,2021,Jordan Martinook,CAR,L,6,3581,3
8481560,2021,Arthur Kaliyev,LAK,R,7,5000,1.37
8480980,2021,Connor Dewar,MIN,C,1,639,0.38
8479291,2021,Kevin Rooney,NYR,C,15,10735,-0.2
8480036,2021,Miro Heiskanen,DAL,D,7,10747,1.75
8479661,2021,Tanner Jeannot,NSH,L,4,4107,-0.36
8475747,2021,Patrik Nemeth,NYR,D,5,4738,-0.8
8480802,2021,Ryan McLeod,EDM,C,16,13969,6.12
8475793,2021,Ryan Johansen,NSH,C,4,4058,-0.62
8478046,2021,Danton Heinen,PIT,L,7,6517,3.9
8478975,2021,Mason Marchment,FLA,L,4,3698,3.19
8478366,2021,Frank Vatrano,NYR,C,20,18140,7.77
8480113,2021,Alex Iafallo,LAK,L,7,7335,3.92
8475160,2021,Kyle Clifford,TOR,L,1,49,-0.15
8478115,2021,Pierre Engvall,TOR,L,7,6362,2.3
8481059,2021,Scott Perunovich,STL,D,7,4545,2
8476885,2021,Jacob Trouba,NYR,D,20,29353,4.63
8479410,2021,Mikhail Sergachev,TBL,D,23,30741,8.8
8478416,2021,Erik Cernak,TBL,D,23,26669,4.3
8481580,2021,Connor McMichael,WSH,C,4,1535,0.33
8473453,2021,Trevor Lewis,CGY,C,12,8927,5.27
8477986,2021,Brandon Montour,FLA,D,10,9527,6.28
8476459,2021,Mika Zibanejad,NYR,C,20,25013,18.75
8478010,2021,Brayden Point,TBL,C,9,10131,5.68
8475324,2021,Nick Jensen,WSH,D,6,7293,-1.9
8476389,2021,Vincent Trocheck,CAR,C,14,15416,10.06
8478495,2021,Denis Gurianov,DAL,R,5,3402,-1.53
8474102,2021,David Perron,STL,L,12,14281,10.25
8475218,2021,Mattias Ekholm,NSH,D,4,5477,0.55
8478420,2021,Mikko Rantanen,COL,R,20,24224,27.93
8480027,2021,Jason Robertson,DAL,L,7,8027,3.2
8476439,2021,Brett Ritchie,CGY,R,7,3643,3.59
8477932,2021,Aaron Ekblad,FLA,D,10,14312,6.02
8475184,2021,Chris Kreider,NYR,L,20,22875,11.69
8473544,2021,Derick Brassard,EDM,C,1,492,-0.37
8471887,2021,Patric Hornqvist,FLA,R,10,6481,4.2
8477451,2021,Ryan Hartman,MIN,R,6,6257,5.55
8479066,2021,Ryan Lomberg,FLA,L,5,2453,1.29
8478443,2021,Brandon Carlo,BOS,D,7,7679,0.6
8480216,2021,Jacob Peterson,DAL,C,3,1895,-1.49
8475790,2021,Erik Gudbranson,CGY,D,12,12986,5.8
8476312,2021,Josh Manson,COL,D,20,20622,12.37
8476480,2021,Vladislav Namestnikov,DAL,C,7,6196,-0.14
8479365,2021,Trent Frederic,BOS,C,4,2084,-0.57
8481524,2021,Bowen Byram,COL,D,20,23230,18.75
8478413,2021,Jordan Greenway,MIN,L,6,4826,2.71
8477488,2021,Brett Pesce,CAR,D,14,18682,7.05
8475225,2021,Craig Smith,BOS,C,7,4979,0.73
8478396,2021,Noah Hanifin,CGY,D,12,16607,6.75
8476902,2021,Esa Lindell,DAL,D,7,9763,0.13
8473986,2021,Alex Killorn,TBL,L,23,26584,7.42
8471699,2021,Andrew Cogliano,COL,C,16,9308,7.66
8482077,2021,Dylan Holloway,EDM,L,1,207,-0.05
8473419,2021,Brad Marchand,BOS,L,7,8462,11.02
8478904,2021,Steven Lorentz,CAR,C,5,2364,1.13
8477511,2021,Anthony Mantha,WSH,R,6,6194,3.39
8475172,2021,Nazem Kadri,COL,C,16,16667,21.26
8475098,2021,Tyler Bozak,STL,C,12,6967,0.72
8469455,2021,Jason Spezza,TOR,C,5,2418,1.47
8475169,2021,Evander Kane,EDM,L,15,17670,18.48
8476483,2021,Rickard Rakell,PIT,R,2,1132,1.35
8475786,2021,Zach Hyman,EDM,L,16,19651,16.48
8474150,2021,Mikael Backlund,CGY,C,12,14081,13.19
8476988,2021,Matt Benning,NSH,D,3,2611,0.5
8477409,2021,Carter Verhaeghe,FLA,C,10,10050,14.34
8470638,2021,Patrice Bergeron,BOS,C,7,7643,9.79
8477021,2021,Alexander Kerfoot,TOR,C,7,6492,1.75
8478402,2021,Connor McDavid,EDM,C,16,22114,33.07
8474027,2021,Justin Braun,NYR,D,19,14452,-0.58
8479325,2021,Charlie McAvoy,BOS,D,6,8965,6.17
8474034,2021,Pat Maroon,TBL,L,23,12547,6.62
8474190,2021,Wayne Simmonds,TOR,R,2,665,-0.7
8470600,2021,Ryan Suter,DAL,D,7,9925,-0.7
8475690,2021,Christopher Tanev,CGY,D,8,9395,3.8
8475343,2021,Nic Dowd,WSH,C,6,4380,0.42
8474602,2021,Justin Schultz,WSH,D,6,5430,2.25
8475825,2021,Jani Hakanpaa,DAL,D,7,7692,0.85
8474162,2021,Jake Muzzin,TOR,D,7,9319,4.05
8474697,2021,Mark Borowiecki,NSH,D,2,1894,-0.32
8478569,2021,Noel Acciari,FLA,C,9,5359,0.6
8480172,2021,Jan Rutta,TBL,D,17,13405,4.28
8477507,2021,Nikita Zadorov,CGY,D,12,13056,8.93
8481557,2021,Matt Boldy,MIN,L,6,4791,1.99
8481554,2021,Kaapo Kakko,NYR,R,19,13711,5.99
8476479,2021,Phillip Danault,LAK,C,7,8702,3.26
8481186,2021,Logan O'Connor,COL,R,17,11420,5.65
8475762,2021,Derek Forbort,BOS,D,7,7720,-0.93
8471228,2021,Alexander Radulov,DAL,R,3,1752,-0.61
8478550,2021,Artemi Panarin,NYR,L,20,24378,11.94
8474089,2021,Brad Malone,EDM,C,2,930,-0.5
8477969,2021,Marcus Pettersson,PIT,D,7,8932,4.35
8476453,2021,Nikita Kucherov,TBL,R,23,28620,24.13
8477496,2021,Elias Lindholm,CGY,C,12,15249,12.26
8480796,2021,Martin Fehervary,WSH,D,6,7098,-2.48
8481606,2021,Jordan Spence,LAK,D,3,3242,-0.27
8471675,2021,Sidney Crosby,PIT,C,6,7353,10.45
8478508,2021,Yakov Trenin,NSH,C,4,3649,2.16
8478131,2021,Ondrej Kase,TOR,R,7,4355,2.55
8477931,2021,Tomas Nosek,BOS,L,7,5255,1.8
8480281,2021,Alexei Toropchenko,STL,R,12,6365,1.42
8476822,2021,Luke Glendening,DAL,C,6,4189,-0.91
8477380,2021,Jonny Brodzinski,NYR,C,1,639,0.09
8478047,2021,Michael Bunting,TOR,L,6,5444,4.2
8479370,2021,Tyson Jost,MIN,C,6,4176,0.53
8473473,2021,Milan Lucic,CGY,L,12,6752,2.27
8474716,2021,Jared Spurgeon,MIN,D,6,7400,3.88
8480829,2021,Jesperi Kotkaniemi,CAR,C,14,9864,6.08
8478864,2021,Kirill Kaprizov,MIN,L,6,6994,9.97
8476463,2021,Jonas Brodin,MIN,D,6,8250,3.52
8479398,2021,Samuel Girard,COL,D,7,7550,5.45
8479542,2021,Brandon Hagel,TBL,L,23,19792,8.01
8476458,2021,Ryan Strome,NYR,C,19,20857,5.95
8477346,2021,MacKenzie Weegar,FLA,D,10,12779,6.35
8477493,2021,Aleksander Barkov,FLA,C,10,13172,10.76
8477919,2021,Frederick Gaudreau,MIN,C,6,5645,1.6
8477476,2021,Artturi Lehkonen,COL,L,20,20531,18.02
8478585,2021,Derek Ryan,EDM,C,15,10025,-1.18
8475750,2021,Jon Merrill,MIN,D,6,5911,0.17
8475744,2021,Evgeny Kuznetsov,WSH,C,6,6870,2.72
8471698,2021,T.J. Oshie,WSH,R,6,7220,5.34
8479671,2021,Mathieu Olivier,NSH,R,3,1518,-0.45
8478911,2021,Matt Roy,LAK,D,7,8780,1.1
8478468,2021,Jeremy Lauzon,NSH,D,3,3067,-1.55
8476292,2021,Ondrej Palat,TBL,L,23,23437,19.3
8475166,2021,John Tavares,TOR,C,7,7805,5.04
8477998,2021,Warren Foegele,EDM,L,13,7484,2.72
8471724,2021,Kris Letang,PIT,D,7,12540,5.13
8475235,2021,Nicolas Deslauriers,MIN,L,5,2460,-0.8
8471685,2021,Anze Kopitar,LAK,C,7,9216,3.47
8474628,2021,Michael Stone,CGY,D,9,7036,10.4
8474618,2021,Marco Scandella,STL,D,4,2691,-0.4
8478507,2021,John Marino,PIT,D,7,9772,5.45
8471677,2021,Jack Johnson,COL,D,20,15525,7.35
8477939,2021,William Nylander,TOR,R,7,7660,6.87
8478427,2021,Sebastian Aho,CAR,C,14,16130,12.03
8474590,2021,John Carlson,WSH,D,6,8856,2.65
8471274,2021,Alex Goligoski,MIN,D,4,3762,-1.4
8482055,2021,Drew O'Connor,PIT,L,2,681,-0.5
8478057,2021,Dakota Joshua,STL,C,1,516,0.02
8477956,2021,David Pastrnak,BOS,R,7,8171,9.4
8477962,2021,Brendan Lemieux,LAK,L,7,3504,3.36
8471794,2021,Darren Helm,COL,C,20,13891,7.4
8477501,2021,Valeri Nichushkin,COL,R,20,24318,25.05
8480023,2021,Robert Thomas,STL,C,12,13502,1.99
8477463,2021,Steven Santini,STL,D,1,188,0.35
8475794,2021,Tyler Seguin,DAL,C,7,8334,-0.45
8474145,2021,Robert Bortuzzo,STL,D,10,6376,-1.2
8476892,2021,Colton Parayko,STL,D,12,18284,3.3
8474151,2021,Ryan McDonagh,TBL,D,23,30968,5.2
8477979,2021,Nicolas Aube-Kubel,COL,R,14,8714,3.78
8476880,2021,Tom Wilson,WSH,R,1,91,1.05
8471729,2021,Kris Russell,EDM,D,6,3461,0.33
8477960,2021,Adrian Kempe,LAK,C,7,8651,4.75
8477290,2021,Michael Raffl,DAL,L,7,6718,0.73
8476879,2021,Cody Ceci,EDM,D,16,19484,6.63
8473422,2021,Nick Foligno,BOS,L,7,4190,1.12
8475200,2021,Dmitry Orlov,WSH,D,6,7930,0.07
8480848,2021,Ty Dellandrea,DAL,C,1,1155,-0.47
8480014,2021,Gabriel Vilardi,LAK,C,2,1192,0.36
8475728,2021,Johan Larsson,WSH,L,6,3734,0.52
8480803,2021,Evan Bouchard,EDM,D,16,17412,11.68
8479324,2021,Ryan Lindgren,NYR,D,17,22347,3.5
8470966,2021,Mark Giordano,TOR,D,7,8449,2.85
8477934,2021,Leon Draisaitl,EDM,C,16,20517,25.02
8474567,2021,Zach Bogosian,TBL,D,22,16587,3.3
8479984,2021,Cal Foote,TBL,D,13,8957,1.7
8475279,2021,Ben Chiarot,FLA,D,10,10370,1.38
8477456,2021,J.T. Compher,COL,L,20,16422,8.34
8477953,2021,Kasperi Kapanen,PIT,R,7,6674,5.06
8475179,2021,Dmitry Kulikov,MIN,D,2,1865,0.08
8480830,2021,Andrei Svechnikov,CAR,R,14,13614,8.8
8477508,2021,Curtis Lazar,BOS,C,7,5450,0.84
8479977,2021,Kailer Yamamoto,EDM,R,14,13670,6.44
8482124,2021,Quinton Byfield,LAK,C,2,935,-0.69
8474090,2021,Brendan Smith,CAR,D,14,9609,4.07
8476882,2021,Teuvo Teravainen,CAR,L,14,14198,9.97
8476887,2021,Filip Forsberg,NSH,L,4,4822,0.02
8475718,2021,Justin Holl,TOR,D,5,5051,0.87
8476889,2021,Radek Faksa,DAL,C,7,5814,0.98
8477402,2021,Pavel Buchnevich,STL,L,12,13623,5.91
8476455,2021,Gabriel Landeskog,COL,L,20,25155,30.25
8478430,2021,Oliver Kylington,CGY,D,12,11696,9.15
8480157,2021,Calle Rosen,STL,D,9,7812,-1.13
8476399,2021,Blake Coleman,CGY,C,12,10656,11.34
8476958,2021,Jaccob Slavin,CAR,D,14,19644,10.78
8479520,2021,Brandon Duhaime,MIN,R,6,2570,-0.3
8474613,2021,Derek Stepan,CAR,C,3,1551,0.14
8478038,2021,Devon Toews,COL,D,20,31057,21.3
8479996,2021,Cody Glass,NSH,C,2,1179,0.07
8477573,2021,Nathan Walker,STL,L,4,1987,-0.1
8477935,2021,Sam Bennett,FLA,C,10,10056,7.07
8474564,2021,Steven Stamkos,TBL,C,23,26094,18.27
8480039,2021,Martin Necas,CAR,C,14,12674,6.74
8481481,2021,Blake Lizotte,LAK,C,7,5876,2.1
8476346,2021,Johnny Gaudreau,CGY,L,12,14085,18.1
8479675,2021,Trevor Moore,LAK,C,7,7604,4.42
8482109,2021,Alexis Lafreniere,NYR,L,20,16846,9
8475170,2021,Brayden Schenn,STL,C,12,13091,2.82
8477503,2021,Max Domi,CAR,C,14,8810,6.83
8475799,2021,Nino Niederreiter,CAR,R,14,13868,5.5
8475798,2021,Mikael Granlund,NSH,C,4,5248,2.32
8477429,2021,Andrew Copp,NYR,C,20,23773,10.39
8466138,2021,Joe Thornton,FLA,C,1,378,-0.07
8479316,2021,Luke Kunin,NSH,C,4,3172,-0.3
8477353,2021,Tyler Motte,NYR,C,15,10855,2.07
8476874,2021,Olli Maatta,LAK,D,7,7108,0.1
8476454,2021,Ryan Nugent-Hopkins,EDM,C,16,19555,8.82
8476456,2021,Jonathan Huberdeau,FLA,L,10,12470,7.78
8476393,2021,Nick Cousins,NSH,C,3,2225,-0.86
8481517,2021,Brett Leason,WSH,R,1,497,-0.55
8481618,2021,Alex Newhook,COL,C,12,7713,2.27
8475722,2021,Jason Zucker,PIT,L,5,4126,-0.03
8478483,2021,Mitchell Marner,TOR,R,7,9629,10.19
8475810,2021,Bryan Rust,PIT,R,7,9495,9.83
8478136,2021,Jacob Middleton,MIN,D,6,6083,5.02
8475181,2021,Nick Leddy,STL,D,9,11622,0.02
8475462,2021,Radko Gudas,FLA,D,10,8776,3.87
8477810,2021,Joel Hanley,DAL,D,7,5060,-0.93
8477384,2021,Josh Brown,BOS,D,1,772,-0.75
8479371,2021,Dante Fabbro,NSH,D,4,4721,-1.5
8470794,2021,Joe Pavelski,DAL,C,7,8378,7.18
8480817,2021,K'Andre Miller,NYR,D,20,29749,2.8
8475855,2021,Jesper Fast,CAR,R,14,12990,2.67
8474013,2021,Ian Cole,CAR,D,14,12287,2.77
8476967,2021,Brett Kulak,EDM,D,16,16414,3.8
8473446,2021,Erik Johnson,COL,D,13,13549,4.57
8475906,2021,John Klingberg,DAL,D,7,7981,-2.88
8479314,2021,Matthew Tkachuk,CGY,L,12,12955,12.33
8473994,2021,Jamie Benn,DAL,L,7,7294,-1.17
8476875,2021,Mike Matheson,PIT,D,7,10587,5.38
8475220,2021,Marcus Foligno,MIN,L,6,5854,3.84
8471215,2021,Evgeni Malkin,PIT,C,7,8671,8.4
8476853,2021,Morgan Rielly,TOR,D,7,9486,5.45
8476854,2021,Hampus Lindholm,BOS,D,4,5155,1.97
8477903,2021,Garnet Hathaway,WSH,R,6,4828,1
8477244,2021,Chad Ruhwedel,PIT,D,7,6275,0.07
8476925,2021,Colton Sissons,NSH,C,4,3869,1
8476934,2021,Brock McGinn,PIT,L,7,7245,1.99
8478851,2021,Alexandre Carrier,NSH,D,4,5127,0.8
8479553,2021,Maxim Mamin,FLA,C,4,2523,0.47
8478211,2021,Dryden Hunt,NYR,L,3,1758,-0.75
8475178,2021,Zack Kassian,EDM,R,16,7797,2.77
8477964,2021,Ivan Barbashev,STL,C,12,9676,-0.78
8480226,2021,Marian Studenic,DAL,L,4,2153,-1.19
8471303,2021,Alexander Edler,LAK,D,7,7569,2.38
8481641,2021,Joel Kiviranta,DAL,L,7,4029,-1.18
8475158,2021,Ryan O'Reilly,STL,C,12,15403,10.82
8473512,2021,Claude Giroux,FLA,R,10,10801,12.01
8475714,2021,Calle Jarnkrok,CGY,C,12,10438,6.3
8477404,2021,Jake Guentzel,PIT,L,7,9435,13.52
8479346,2021,Dillon Dube,CGY,C,12,10305,4.58
8478397,2021,Rasmus Andersson,CGY,D,12,15794,8.33
8479385,2021,Jordan Kyrou,STL,C,12,11358,8.08
8477492,2021,Nathan MacKinnon,COL,C,20,25692,37.38
8473533,2021,Jordan Staal,CAR,C,14,13775,7.54
8477839,2021,Conor Sheary,WSH,L,6,6143,1.99
8479336,2021,Carl Grundstrom,LAK,R,6,5283,3.03
8479525,2021,Ross Colton,TBL,C,23,18133,8.05
8479998,2021,Mikey Anderson,LAK,D,7,8326,-0.28
8479442,2021,Troy Stecher,LAK,D,4,4073,3.78
8475753,2021,Justin Faulk,STL,D,12,18690,5.18
8480144,2021,David Kampf,TOR,C,7,7328,2.74
8477930,2021,Pierre-Edouard Bellemare,TBL,L,23,14789,2.44
8477444,2021,Andre Burakovsky,COL,L,12,8934,8.37
8478519,2021,Anthony Cirelli,TBL,C,23,26579,8.13
8481577,2021,Philip Tomasino,NSH,C,3,1883,-0.45
8478449,2021,Roope Hintz,DAL,C,6,6782,5.61
8476792,2021,Torey Krug,STL,D,3,2635,3.27
8477950,2021,Tony DeAngelo,CAR,D,14,18075,12.25
8475791,2021,Taylor Hall,BOS,L,7,6635,3.71
8471817,2021,Ryan Reaves,NYR,R,18,10170,-1.6
8475765,2021,Vladimir Tarasenko,STL,R,12,12229,6.24
8478542,2021,Evan Rodrigues,PIT,C,7,6765,7.15
8477365,2021,Connor Clifton,BOS,D,7,7186,1.55
8475149,2021,Marcus Johansson,WSH,L,6,5401,2.04
8481477,2021,Nico Sturm,COL,C,13,6586,2.33
8478017,2021,Mark Friedman,PIT,D,6,3929,1.63
8477498,2021,Darnell Nurse,EDM,D,15,19009,6.15
8481624,2021,Ilya Mikheyev,TOR,R,7,7039,3.2
8475287,2021,Erik Haula,BOS,L,7,5866,3.44
8478493,2021,Joel Eriksson Ek,MIN,C,6,6537,6.1
8475208,2021,Brian Dumoulin,PIT,D,1,2195,0.45
8478498,2021,Jake DeBrusk,BOS,L,7,7052,3.19
8481598,2021,Philip Broberg,EDM,D,1,196,-0.2
8470281,2021,Duncan Keith,EDM,D,16,18872,7.02
8474600,2021,Roman Josi,NSH,D,4,6253,2.03
8475692,2021,Mats Zuccarello,MIN,R,6,6932,3.49
8474062,2021,Riley Nash,TBL,C,8,3595,1.25
8476927,2021,Teddy Blueger,PIT,C,7,5930,1.94
8475197,2021,Tyson Barrie,EDM,D,16,17575,4.65
8476278,2021,Colin Blackwell,TOR,C,7,3022,0.88
8476422,2021,Mike Reilly,BOS,D,5,4733,1.32
8479344,2021,Jesse Puljujarvi,EDM,R,16,9680,5.15
8478055,2021,Gustav Forsling,FLA,D,10,13176,8.98
