playerId,season,First Name,Last Name,team,position,games_played,icetime
8470147,2008,Curtis,McElhinney,CGY,G,1,2026
8470860,2008,Jaroslav,Halak,MTL,G,1,1200
8470320,2008,Cam,Ward,CAR,G,17,62603
8464999,2008,Mathieu,Garon,PIT,G,1,1460
8473575,2008,Semyon,Varlamov,WSH,G,13,45532
8465161,2008,Steve,Valiquette,NYR,G,2,2400
8470645,2008,Corey,Crawford,CHI,G,1,955
8470594,2008,Marc-Andre,Fleury,PIT,G,23,83238
8460535,2008,Jose,Theodore,WSH,G,2,5805
8469658,2008,Cristobal,Huet,CHI,G,3,7790
8460705,2008,Evgeni,Nabokov,S.J,G,6,21695
8471679,2008,Carey,Price,MTL,G,4,13150
8462047,2008,Martin,Biron,PHI,G,6,22484
8469152,2008,Ty,Conklin,DET,G,1,1176
8455710,2008,Martin,Brodeur,N.J,G,7,25601
8462152,2008,Chris,Mason,STL,G,4,15377
8466141,2008,Roberto,Luongo,VAN,G,10,37077
8459140,2008,Nikolai,Khabibulin,CHI,G,15,52858
8460703,2008,Tim,Thomas,BOS,G,11,40784
8468685,2008,Henrik,Lundqvist,NYR,G,7,22784
8462044,2008,Jean-Sebastien,Giguere,ANA,G,1,1009
8473972,2008,Jonas,Hiller,ANA,G,13,48403
8462147,2008,Miikka,Kiprusoff,CGY,G,6,19429
8473461,2008,Steve,Mason,CBJ,G,4,14360
8458568,2008,Chris,Osgood,DET,G,23,84351
