playerId,season,name,team,position,games_played,icetime
8470657,2009,Jimmy Howard,DET,G,12,43226
8474550,2009,Antti Niemi,CHI,G,22,79311
8473975,2009,Erik Ersberg,L.A,G,1,776
8468524,2009,Ilya Bryzgalov,ARI,G,7,25154
8470860,2009,Jaroslav Halak,MTL,G,18,60804
8460535,2009,Jose Theodore,WSH,G,2,4868
8455710,2009,Martin Brodeur,N.J,G,5,17924
8473575,2009,Semyon Varlamov,WSH,G,6,20910
8466141,2009,Roberto Luongo,VAN,G,12,42412
8470880,2009,Brian Elliott,OTT,G,4,12173
8467453,2009,Andrew Raycroft,VAN,G,1,1478
8471306,2009,Thomas Greiss,S.J,G,1,2400
8469461,2009,Pascal Leclaire,OTT,G,3,12643
8462161,2009,Brent Johnson,PIT,G,1,1889
8468011,2009,Ryan Miller,BUF,G,6,23010
8470594,2009,Marc-Andre Fleury,PIT,G,13,47892
8471695,2009,Tuukka Rask,BOS,G,13,49743
8471734,2009,Jonathan Quick,L.A,G,6,21627
8469514,2009,Peter Budaj,COL,G,1,536
8468038,2009,Michael Leighton,PHI,G,14,45433
8471469,2009,Pekka Rinne,NSH,G,6,21479
8475080,2009,Johan Backlund,PHI,G,1,84
8471679,2009,Carey Price,MTL,G,4,8080
8469658,2009,Cristobal Huet,CHI,G,1,1196
8467950,2009,Craig Anderson,COL,G,6,21979
8460705,2009,Evgeni Nabokov,S.J,G,15,53391
8462052,2009,Brian Boucher,PHI,G,12,39337
