playerId,season,name,team,position,games_played,icetime
8471469,2010,Pekka Rinne,NSH,G,12,43708
8462052,2010,Brian Boucher,PHI,G,9,25342
8471239,2010,Cory Schneider,VAN,G,5,9759
8474550,2010,Antti Niemi,S.J,G,18,62646
8473607,2010,Michal Neuvirth,WSH,G,9,35396
8471679,2010,Carey Price,MTL,G,7,27329
8462161,2010,Brent Johnson,PIT,G,1,2069
8468038,2010,Michael Leighton,PHI,G,2,4183
8475683,2010,Sergei Bobrovsky,PHI,G,6,11137
8470645,2010,Corey Crawford,CHI,G,7,26112
8468011,2010,Ryan Miller,BUF,G,7,24582
8470594,2010,Marc-Andre Fleury,PIT,G,7,24312
8460703,2010,Tim Thomas,BOS,G,24,88913
8466141,2010,Roberto Luongo,VAN,G,24,82055
8468540,2010,Dan Ellis,ANA,G,1,2456
8467511,2010,Antero Niittymaki,S.J,G,2,5489
8473523,2010,Jhonas Enroth,BUF,G,1,1031
8460806,2010,Dwayne Roloson,T.B,G,17,58909
8474765,2010,Anders Lindback,NSH,G,1,794
8469548,2010,Ray Emery,ANA,G,6,19160
8468685,2010,Henrik Lundqvist,NYR,G,5,20735
8469608,2010,Mike Smith,T.B,G,3,7209
8468524,2010,Ilya Bryzgalov,ARI,G,4,14023
8470657,2010,Jimmy Howard,DET,G,11,40402
8471734,2010,Jonathan Quick,L.A,G,6,22815
