playerId,season,name,team,position,games_played,icetime
8473503,2012,James Reimer,TOR,G,7,26306
8468685,2012,Henrik Lundqvist,NYR,G,12,45375
8467950,2012,Craig Anderson,OTT,G,10,34660
8474690,2012,Kevin Poulin,NYI,G,2,3146
8466141,2012,Roberto Luongo,VAN,G,3,8381
8475311,2012,Darcy Kuemper,MIN,G,2,4407
8471734,2012,Jonathan Quick,L.A,G,18,65940
8460705,2012,Evgeni Nabokov,NYI,G,6,19444
8470645,2012,Corey Crawford,CHI,G,23,90234
8460712,2012,Tomas Vokoun,PIT,G,11,41113
8470216,2012,Josh Harding,MIN,G,5,13488
8471239,2012,Cory Schneider,VAN,G,2,7045
8475215,2012,Robin Lehner,OTT,G,2,2964
8470657,2012,Jimmy Howard,DET,G,14,50368
8473541,2012,Jonathan Bernier,L.A,G,1,1795
8474651,2012,Braden Holtby,WSH,G,7,25970
8469514,2012,Peter Budaj,MTL,G,2,3752
8471679,2012,Carey Price,MTL,G,4,14345
8474550,2012,Antti Niemi,S.J,G,11,40387
8471695,2012,Tuukka Rask,BOS,G,22,87955
8470594,2012,Marc-Andre Fleury,PIT,G,5,17414
8470880,2012,Brian Elliott,STL,G,6,22709
8473972,2012,Jonas Hiller,ANA,G,7,26320
