playerId,season,name,team,position,games_played,icetime
8469548,2013,Ray Emery,PHI,G,3,10329
8468011,2013,Ryan Miller,STL,G,6,25348
8473575,2013,Semyon Varlamov,COL,G,7,25948
8468524,2013,Ilya Bryzgalov,MIN,G,9,28762
8471695,2013,Tuukka Rask,BOS,G,12,45163
8475361,2013,Jonas Gustavsson,DET,G,2,7953
8474765,2013,Anders Lindback,T.B,G,4,12871
8475311,2013,Darcy Kuemper,MIN,G,6,19519
8468685,2013,Henrik Lundqvist,NYR,G,25,90935
8475683,2013,Sergei Bobrovsky,CBJ,G,6,22656
8470140,2013,Kari Lehtonen,DAL,G,6,20734
8471734,2013,Jonathan Quick,L.A,G,26,96316
8477356,2013,Kristers Gudlevskis,T.B,G,2,2382
8471679,2013,Carey Price,MTL,G,12,44326
8473461,2013,Steve Mason,PHI,G,5,14622
8460703,2013,Tim Thomas,DAL,G,1,878
8475883,2013,Frederik Andersen,ANA,G,7,22072
8475660,2013,Cam Talbot,NYR,G,2,2779
8474889,2013,Martin Jones,L.A,G,2,3385
8470645,2013,Corey Crawford,CHI,G,19,73448
8474682,2013,Dustin Tokarski,MTL,G,5,18028
8474550,2013,Antti Niemi,S.J,G,6,18284
8476434,2013,John Gibson,ANA,G,4,12028
8470657,2013,Jimmy Howard,DET,G,3,10685
8471774,2013,Alex Stalock,S.J,G,3,7022
8470594,2013,Marc-Andre Fleury,PIT,G,13,47980
8469514,2013,Peter Budaj,MTL,G,1,1200
8473972,2013,Jonas Hiller,ANA,G,6,13162
