playerId,season,name,team,position,games_played,icetime
8471750,2014,Ben Bishop,T.B,G,25,87538
8476883,2014,Andrei Vasilevskiy,T.B,G,4,6763
8475311,2014,Darcy Kuemper,MIN,G,1,1390
8477202,2014,Andrew Hammond,OTT,G,2,7329
8475883,2014,Frederik Andersen,ANA,G,16,62980
8471679,2014,Carey Price,MTL,G,12,45103
8468685,2014,Henrik Lundqvist,NYR,G,19,69970
8470645,2014,Corey Crawford,CHI,G,20,73367
8470880,2014,Brian Elliott,STL,G,1,1571
8475831,2014,Philipp Grubauer,WSH,G,1,3600
8475852,2014,Petr Mrazek,DET,G,7,23894
8473607,2014,Michal Neuvirth,NYI,G,1,660
8470860,2014,Jaroslav Halak,NYI,G,7,25064
8474651,2014,Braden Holtby,WSH,G,13,48343
8471715,2014,Ondrej Pavelec,WPG,G,4,14456
8470657,2014,Jimmy Howard,DET,G,1,1200
8471469,2014,Pekka Rinne,NSH,G,6,25479
8473972,2014,Jonas Hiller,CGY,G,7,19339
8474596,2014,Jake Allen,STL,G,6,19664
8474152,2014,Scott Darling,CHI,G,5,17866
8470594,2014,Marc-Andre Fleury,PIT,G,5,17504
8471403,2014,Karri Ramo,CGY,G,7,20175
8467950,2014,Craig Anderson,OTT,G,4,14817
8468011,2014,Ryan Miller,VAN,G,3,9370
8475663,2014,Eddie Lack,VAN,G,4,11896
8471227,2014,Devan Dubnyk,MIN,G,10,34225
