playerId,season,name,team,position,games_played,icetime
8466141,2015,Roberto Luongo,FLA,G,6,26300
8470140,2015,Kari Lehtonen,DAL,G,11,33287
8473607,2015,Michal Neuvirth,PHI,G,3,10705
8470645,2015,Corey Crawford,CHI,G,7,26868
8474550,2015,Antti Niemi,DAL,G,5,14221
8476883,2015,Andrei Vasilevskiy,T.B,G,8,26065
8476434,2015,John Gibson,ANA,G,2,7005
8475883,2015,Frederik Andersen,ANA,G,5,17842
8474889,2015,Martin Jones,S.J,G,24,88398
8470880,2015,Brian Elliott,STL,G,18,63460
8468685,2015,Henrik Lundqvist,NYR,G,5,12289
8473503,2015,James Reimer,S.J,G,1,1745
8474596,2015,Jake Allen,STL,G,5,10146
8475852,2015,Petr Mrazek,DET,G,3,10630
8477293,2015,Antti Raanta,NYR,G,3,5630
8470594,2015,Marc-Andre Fleury,PIT,G,2,4759
8473553,2015,Jeff Zatkoff,PIT,G,2,7033
8473461,2015,Steve Mason,PHI,G,3,10566
8470657,2015,Jimmy Howard,DET,G,2,7029
8475622,2015,Carter Hutton,NSH,G,3,1197
8475234,2015,J-F Berube,NYI,G,1,287
8471750,2015,Ben Bishop,T.B,G,11,34946
8476899,2015,Matt Murray,PIT,G,21,76036
8471227,2015,Devan Dubnyk,MIN,G,6,21531
8471734,2015,Jonathan Quick,L.A,G,5,17735
8471306,2015,Thomas Greiss,NYI,G,11,43988
8474651,2015,Braden Holtby,WSH,G,12,43892
8471469,2015,Pekka Rinne,NSH,G,14,51958
