playerId,season,name,team,position,games_played,icetime
8470645,2016,Corey Crawford,CHI,G,4,15227
8473434,2016,Chad Johnson,CGY,G,1,3110
8475660,2016,Cam Talbot,EDM,G,13,46868
8474651,2016,Braden Holtby,WSH,G,13,48207
8475831,2016,Philipp Grubauer,WSH,G,1,1114
8470880,2016,Brian Elliott,CGY,G,4,11120
8471679,2016,Carey Price,MTL,G,6,23248
8475883,2016,Frederik Andersen,TOR,G,6,24166
8467950,2016,Craig Anderson,OTT,G,19,70688
8474596,2016,Jake Allen,STL,G,11,40496
8477237,2016,Mike Condon,OTT,G,2,3677
8468685,2016,Henrik Lundqvist,NYR,G,12,46474
8477424,2016,Juuse Saros,NSH,G,2,3392
8476316,2016,Laurent Brossoit,EDM,G,1,1628
8475683,2016,Sergei Bobrovsky,CBJ,G,5,18556
8476899,2016,Matt Murray,PIT,G,11,40135
8476434,2016,John Gibson,ANA,G,16,52723
8473541,2016,Jonathan Bernier,ANA,G,4,10955
8471227,2016,Devan Dubnyk,MIN,G,5,19335
8471695,2016,Tuukka Rask,BOS,G,6,24141
8471469,2016,Pekka Rinne,NSH,G,22,77324
8470594,2016,Marc-Andre Fleury,PIT,G,15,51991
8474889,2016,Martin Jones,S.J,G,6,22621
