playerId,season,name,team,position,games_played,icetime
8470147,2018,Curtis McElhinney,CAR,G,5,16291
8471469,2018,Pekka Rinne,NSH,G,6,19778
8475215,2018,Robin Lehner,NYI,G,8,26940
8475883,2018,Frederik Andersen,TOR,G,7,24829
8471750,2018,Ben Bishop,DAL,G,13,48659
8476945,2018,Connor Hellebuyck,WPG,G,6,21596
8474651,2018,Braden Holtby,WSH,G,7,26938
8475683,2018,Sergei Bobrovsky,CBJ,G,10,37376
8475831,2018,Philipp Grubauer,COL,G,12,43907
8477180,2018,Aaron Dell,S.J,G,2,5373
8476883,2018,Andrei Vasilevskiy,T.B,G,4,14143
8471306,2018,Thomas Greiss,NYI,G,1,2187
8476899,2018,Matt Murray,PIT,G,4,14324
8470594,2018,Marc-Andre Fleury,VGK,G,7,27992
8471418,2018,Anton Khudobin,DAL,G,1,665
8469608,2018,Mike Smith,CGY,G,5,19112
8477424,2018,Juuse Saros,NSH,G,1,2729
8471695,2018,Tuukka Rask,BOS,G,24,87550
8475852,2018,Petr Mrazek,CAR,G,11,39583
8474889,2018,Martin Jones,S.J,G,20,69222
8474596,2018,Jake Allen,STL,G,1,1468
8476412,2018,Jordan Binnington,STL,G,26,92372
