playerId,season,name,team,position,games_played,icetime
8471306,2019,Thomas Greiss,NYI,G,4,10687
8474651,2019,Braden Holtby,WSH,G,8,29856
8480925,2019,Pavel Francouz,COL,G,6,18945
8475215,2019,Robin Lehner,VGK,G,16,57952
8477967,2019,Thatcher Demko,VAN,G,4,11179
8475852,2019,Petr Mrazek,CAR,G,5,18996
8474596,2019,Jake Allen,STL,G,5,14441
8471774,2019,Alex Stalock,MIN,G,4,14234
8474593,2019,Jacob Markstrom,VAN,G,14,50471
8473575,2019,Semyon Varlamov,NYI,G,20,73964
8476914,2019,Joonas Korpisalo,CBJ,G,9,35940
8479979,2019,Jake Oettinger,DAL,G,2,2200
8471750,2019,Ben Bishop,DAL,G,3,7956
8477465,2019,Tristan Jarry,PIT,G,1,3526
8478007,2019,Elvis Merzlikins,CBJ,G,2,7365
8470594,2019,Marc-Andre Fleury,VGK,G,4,14282
8471679,2019,Carey Price,MTL,G,10,36332
8475311,2019,Darcy Kuemper,ARI,G,9,30119
8469608,2019,Mike Smith,EDM,G,1,1592
8479496,2019,David Rittich,CGY,G,1,995
8478048,2019,Igor Shesterkin,NYR,G,1,3488
8476899,2019,Matt Murray,PIT,G,3,11527
8479394,2019,Carter Hart,PHI,G,14,51578
8478435,2019,Dan Vladar,BOS,G,1,1722
8475156,2019,Mikko Koskinen,EDM,G,4,12535
8477424,2019,Juuse Saros,NSH,G,4,14529
8475831,2019,Philipp Grubauer,COL,G,7,23120
8470860,2019,Jaroslav Halak,BOS,G,9,32592
8470645,2019,Corey Crawford,CHI,G,9,32641
8468685,2019,Henrik Lundqvist,NYR,G,2,7149
8471695,2019,Tuukka Rask,BOS,G,4,15430
8475883,2019,Frederik Andersen,TOR,G,5,19577
8476412,2019,Jordan Binnington,STL,G,5,16007
8476883,2019,Andrei Vasilevskiy,T.B,G,25,103392
8477293,2019,Antti Raanta,ARI,G,2,2400
8473503,2019,James Reimer,CAR,G,3,10685
8475660,2019,Cam Talbot,CGY,G,10,35733
8471418,2019,Anton Khudobin,DAL,G,25,88043
8476945,2019,Connor Hellebuyck,WPG,G,4,14192
8470880,2019,Brian Elliott,PHI,G,3,8370
8474636,2019,Michael Hutchinson,COL,G,4,11771
8475683,2019,Sergei Bobrovsky,FLA,G,4,14063
