playerId,season,name,team,position,games_played,icetime
8475683,2020,Sergei Bobrovsky,FLA,G,3,6757
8471679,2020,Carey Price,MTL,G,22,80498
8477970,2020,Vitek Vanecek,WSH,G,1,790
8475852,2020,Petr Mrazek,CAR,G,2,7391
8481519,2020,Spencer Knight,FLA,G,2,6980
8477968,2020,Alex Nedeljkovic,CAR,G,9,36451
8476412,2020,Jordan Binnington,STL,G,4,14032
8480280,2020,Jeremy Swayman,BOS,G,1,1114
8475789,2020,Jack Campbell,TOR,G,7,25851
8471695,2020,Tuukka Rask,BOS,G,11,41270
8476904,2020,Chris Driedger,FLA,G,3,7784
8475660,2020,Cam Talbot,MIN,G,7,24987
8475831,2020,Philipp Grubauer,COL,G,10,35874
8476945,2020,Connor Hellebuyck,WPG,G,8,32265
8475215,2020,Robin Lehner,VGK,G,3,10947
8477424,2020,Juuse Saros,NSH,G,6,25932
8467950,2020,Craig Anderson,WSH,G,2,6730
8478492,2020,Ilya Samsonov,WSH,G,3,12055
8470594,2020,Marc-Andre Fleury,VGK,G,16,58372
8476883,2020,Andrei Vasilevskiy,T.B,G,23,83373
8478009,2020,Ilya Sorokin,NYI,G,7,23218
8477465,2020,Tristan Jarry,PIT,G,6,23767
8473575,2020,Semyon Varlamov,NYI,G,14,47863
8469608,2020,Mike Smith,EDM,G,4,17988
