playerId,season,name,team,position,games_played,icetime
8477465,2021,Tristan Jarry,PIT,G,1,3886
8476412,2021,Jordan Binnington,STL,G,6,18887
8479496,2021,David Rittich,NSH,G,1,904
8476999,2021,Linus Ullmark,BOS,G,2,6915
8480925,2021,Pavel Francouz,COL,G,7,20471
8474593,2021,Jacob Markstrom,CGY,G,12,42747
8480280,2021,Jeremy Swayman,BOS,G,5,17767
8471734,2021,Jonathan Quick,LAK,G,7,23085
8475156,2021,Mikko Koskinen,EDM,G,3,5369
8475839,2021,Louis Domingue,PIT,G,6,18721
8477970,2021,Vitek Vanecek,WSH,G,2,5989
8476883,2021,Andrei Vasilevskiy,TBL,G,23,84162
8481611,2021,Pyotr Kochetkov,CAR,G,4,10174
8470594,2021,Marc-Andre Fleury,MIN,G,5,17788
8478024,2021,Ville Husso,STL,G,7,24556
8475311,2021,Darcy Kuemper,COL,G,16,53213
8475789,2021,Jack Campbell,TOR,G,7,24015
8478971,2021,Connor Ingram,NSH,G,4,13851
8478048,2021,Igor Shesterkin,NYR,G,20,70894
8479979,2021,Jake Oettinger,DAL,G,7,25789
8477293,2021,Antti Raanta,CAR,G,13,39805
8478902,2021,Erik Kallgren,TOR,G,1,1846
8475683,2021,Sergei Bobrovsky,FLA,G,10,36018
8469608,2021,Mike Smith,EDM,G,16,52335
8480382,2021,Alexandar Georgiev,NYR,G,2,3537
8477361,2021,Cal Petersen,LAK,G,1,1934
8478492,2021,Ilya Samsonov,WSH,G,5,15774
8478435,2021,Dan Vladar,CGY,G,1,1196
8475660,2021,Cam Talbot,MIN,G,1,3473
8479193,2021,Casey DeSmith,PIT,G,1,5347
