playerId,season,name,team,position,games_played,icetime
8470657,2011,Jimmy Howard,DET,G,5,17723
8470645,2011,Corey Crawford,CHI,G,6,23732
8469608,2011,Mike Smith,ARI,G,16,61609
8462161,2011,Brent Johnson,PIT,G,1,1200
8468524,2011,Ilya Bryzgalov,PHI,G,11,38508
8470594,2011,Marc-Andre Fleury,PIT,G,6,20228
8455710,2011,Martin Brodeur,N.J,G,24,88254
8470860,2011,Jaroslav Halak,STL,G,2,6263
8475683,2011,Sergei Bobrovsky,PHI,G,1,2213
8474596,2011,Jake Allen,STL,G,1,67
8466141,2011,Roberto Luongo,VAN,G,2,7025
8460535,2011,Jose Theodore,FLA,G,5,16104
8471734,2011,Jonathan Quick,L.A,G,20,74292
8466339,2011,Scott Clemmensen,FLA,G,3,10763
8471239,2011,Cory Schneider,VAN,G,3,10970
8460703,2011,Tim Thomas,BOS,G,7,26883
8468685,2011,Henrik Lundqvist,NYR,G,20,75049
8471469,2011,Pekka Rinne,NSH,G,10,36554
8474651,2011,Braden Holtby,WSH,G,14,55316
8474550,2011,Antti Niemi,S.J,G,5,19083
8460704,2011,Johan Hedberg,N.J,G,1,2180
8467950,2011,Craig Anderson,OTT,G,7,25132
8470880,2011,Brian Elliott,STL,G,8,27283
