playerId,season,name,team,position,games_played,icetime
8470147,2017,Curtis McElhinney,TOR,G,1,2842
8473461,2017,Steve Mason,WPG,G,1,1200
8477424,2017,Juuse Saros,NSH,G,4,6820
8473607,2017,Michal Neuvirth,PHI,G,3,8990
8476899,2017,Matt Murray,PIT,G,12,42935
8475839,2017,Louis Domingue,T.B,G,1,1105
8471227,2017,Devan Dubnyk,MIN,G,4,11276
8475852,2017,Petr Mrazek,PHI,G,1,1859
8476234,2017,Keith Kinkaid,N.J,G,2,5510
8471469,2017,Pekka Rinne,NSH,G,13,41044
8475831,2017,Philipp Grubauer,WSH,G,2,6323
8477180,2017,Aaron Dell,S.J,G,2,2802
8476883,2017,Andrei Vasilevskiy,T.B,G,17,59949
8475883,2017,Frederik Andersen,TOR,G,7,22036
8475683,2017,Sergei Bobrovsky,CBJ,G,6,24927
8470594,2017,Marc-Andre Fleury,VGK,G,20,74315
8476434,2017,John Gibson,ANA,G,4,12991
8477202,2017,Andrew Hammond,COL,G,3,8249
8474651,2017,Braden Holtby,WSH,G,23,83145
8471734,2017,Jonathan Quick,L.A,G,4,16286
8471774,2017,Alex Stalock,MIN,G,1,2881
8470880,2017,Brian Elliott,PHI,G,4,10625
8476945,2017,Connor Hellebuyck,WPG,G,16,57307
8468011,2017,Ryan Miller,ANA,G,1,1200
8471695,2017,Tuukka Rask,BOS,G,12,41210
8473541,2017,Jonathan Bernier,COL,G,4,13024
8474889,2017,Martin Jones,S.J,G,10,33880
8471239,2017,Cory Schneider,N.J,G,4,12102
8471418,2017,Anton Khudobin,BOS,G,1,1597
